Frame,Nose_x,Nose_y,Nose_vis,LeftEyeInner_x,LeftEyeInner_y,LeftEyeInner_vis,LeftEye_x,LeftEye_y,LeftEye_vis,LeftEyeOuter_x,LeftEyeOuter_y,LeftEyeOuter_vis,RightEyeInner_x,RightEyeInner_y,RightEyeInner_vis,RightEye_x,RightEye_y,RightEye_vis,RightEyeOuter_x,RightEyeOuter_y,RightEyeOuter_vis,LeftEar_x,LeftEar_y,LeftEar_vis,RightEar_x,RightEar_y,RightEar_vis,MouthLeft_x,MouthLeft_y,MouthLeft_vis,MouthRight_x,MouthRight_y,MouthRight_vis,LeftShoulder_x,LeftShoulder_y,LeftShoulder_vis,RightShoulder_x,RightShoulder_y,RightShoulder_vis,LeftElbow_x,LeftElbow_y,LeftElbow_vis,RightElbow_x,RightElbow_y,RightElbow_vis,LeftWrist_x,LeftWrist_y,LeftWrist_vis,RightWrist_x,RightWrist_y,RightWrist_vis,LeftPinkyFinger_x,LeftPinkyFinger_y,LeftPinkyFinger_vis,RightPinkyFinger_x,RightPinkyFinger_y,RightPinkyFinger_vis,LeftIndexFinger_x,LeftIndexFinger_y,LeftIndexFinger_vis,RightIndexFinger_x,RightIndexFinger_y,RightIndexFinger_vis,LeftThumb_x,LeftThumb_y,LeftThumb_vis,RightThumb_x,RightThumb_y,RightThumb_vis,LeftHip_x,LeftHip_y,LeftHip_vis,RightHip_x,RightHip_y,RightHip_vis,LeftKnee_x,LeftKnee_y,LeftKnee_vis,RightKnee_x,RightKnee_y,RightKnee_vis,LeftAnkle_x,LeftAnkle_y,LeftAnkle_vis,RightAnkle_x,RightAnkle_y,RightAnkle_vis,LeftHeel_x,LeftHeel_y,LeftHeel_vis,RightHeel_x,RightHeel_y,RightHeel_vis,LeftToe_x,LeftToe_y,LeftToe_vis,RightToe_x,RightToe_y,RightToe_vis
0,476.5206298828125,628.0029907226562,0.999928,477.16473388671875,618.2714233398438,0.9999039,477.2272033691406,618.3211059570312,0.9999008,477.1883544921875,618.3435668945312,0.9998977,473.17901611328125,616.5630493164062,0.99991107,470.91552734375,615.5057983398438,0.9999118,468.30352783203125,614.527587890625,0.99991107,461.9357604980469,616.1720581054688,0.99990976,454.1356506347656,613.245361328125,0.999936,469.8876037597656,635.4180908203125,0.99991584,465.4170227050781,633.5634155273438,0.9999374,437.348876953125,662.7197875976562,0.9999478,410.6315002441406,652.6890258789062,0.9999852,432.2512512207031,736.1765747070312,0.99914074,396.7899169921875,727.555908203125,0.9995592,453.44915771484375,785.7418212890625,0.9962638,435.3205261230469,791.283935546875,0.99854493,460.4569091796875,800.3079833984375,0.99457306,441.8380432128906,808.3158569335938,0.99719906,461.44073486328125,800.7617797851562,0.99490017,454.078369140625,805.2021484375,0.9975656,457.9499206542969,794.4065551757812,0.99540824,453.2869567871094,798.877685546875,0.99790895,435.2479248046875,780.7447509765625,0.9997851,418.254150390625,780.694580078125,0.9997241,536.0081787109375,788.8553466796875,0.99914074,526.45654296875,787.3287963867188,0.99936634,507.3345642089844,886.6994018554688,0.9984022,503.0740966796875,892.7972412109375,0.998103,490.29345703125,903.5449829101562,0.99823856,487.0157470703125,911.5786743164062,0.9979007,551.1431884765625,910.321044921875,0.9956346,549.5662231445312,916.5867919921875,0.9953181
1,476.3317565917969,628.8931884765625,0.99994695,476.5779724121094,619.2645263671875,0.9999286,476.680419921875,619.333740234375,0.999928,476.74920654296875,619.3837890625,0.99992394,472.8611755371094,617.6460571289062,0.99993396,470.24078369140625,616.6217651367188,0.9999349,467.7762756347656,615.7304077148438,0.9999349,461.1609802246094,617.8373413085938,0.9999324,453.58868408203125,614.997802734375,0.99995315,469.31512451171875,636.4161376953125,0.9999349,465.2877197265625,634.6110229492188,0.99995494,439.0807800292969,665.31640625,0.99995995,408.58441162109375,653.86962890625,0.99998915,432.69769287109375,740.4601440429688,0.9992735,395.668701171875,729.4635009765625,0.999617,453.6736755371094,789.1350708007812,0.9970421,434.8537902832031,791.0595703125,0.99896777,460.4377746582031,804.6517333984375,0.99565166,441.1353454589844,810.5138549804688,0.9979652,461.2772521972656,805.592529296875,0.99586606,453.53668212890625,805.5977172851562,0.998259,457.7817687988281,799.3876953125,0.99635005,452.67645263671875,798.7681274414062,0.99854493,435.3555603027344,782.0216064453125,0.9998273,415.97979736328125,784.1888427734375,0.9997677,536.9600219726562,791.6293334960938,0.9994746,523.7489013671875,788.5796508789062,0.99961996,502.2759704589844,888.8490600585938,0.99909246,499.91705322265625,894.0375366210938,0.99879813,487.8017272949219,908.3715209960938,0.99893504,481.6839904785156,914.0458374023438,0.99864894,548.9160766601562,910.4810180664062,0.99711037,546.3585205078125,915.4156494140625,0.9967269
3,475.3067626953125,627.9778442382812,0.9999329,475.1092834472656,618.2305297851562,0.9999125,475.07379150390625,618.1887817382812,0.9999138,475.0143127441406,618.1395263671875,0.99991107,472.0306701660156,617.2255859375,0.9999125,469.6022644042969,616.5352783203125,0.9999125,467.3013000488281,615.767578125,0.99990976,460.0166015625,616.838623046875,0.9999269,453.4335021972656,614.7487182617188,0.99993896,468.2609558105469,635.6030883789062,0.9999286,464.7422790527344,634.1543579101562,0.9999417,436.8267517089844,663.0545043945312,0.9999609,409.0954895019531,654.7555541992188,0.9999862,430.4695129394531,737.8238525390625,0.99921143,395.6177673339844,729.8533935546875,0.9994684,451.7325134277344,787.0255126953125,0.9959771,434.7843322753906,792.7916259765625,0.9983125,459.2259521484375,801.9412841796875,0.9941347,442.0093688964844,809.360107421875,0.99694854,460.1373291015625,802.274658203125,0.9944666,453.39337158203125,805.9890747070312,0.99731654,456.420166015625,795.7860107421875,0.99497885,452.32568359375,799.7989501953125,0.9976769,435.1479797363281,781.58203125,0.99983656,417.8284912109375,782.934814453125,0.9997565,537.6842041015625,788.8613891601562,0.9992267,528.1119384765625,788.13232421875,0.9993333,505.7370300292969,888.4937744140625,0.99871576,500.647705078125,895.6357421875,0.99850464,488.475830078125,904.4364013671875,0.99861693,481.88873291015625,912.34814453125,0.9984452,549.0171508789062,910.14013671875,0.9964064,543.0172119140625,916.7211303710938,0.99629277
4,475.01434326171875,627.4411010742188,0.99989605,474.6443786621094,617.2645263671875,0.9998785,474.51922607421875,617.1145629882812,0.9998746,474.3359375,616.9506225585938,0.9998727,471.6138000488281,616.2991333007812,0.99989283,469.1255187988281,615.5330810546875,0.99989367,466.76678466796875,614.8839111328125,0.9999001,458.4103088378906,615.678955078125,0.99989283,452.7606506347656,614.2709350585938,0.99993396,467.9533386230469,635.1619262695312,0.9998977,464.501953125,634.028564453125,0.9999263,436.6408386230469,662.9266967773438,0.9999485,407.94281005859375,654.2962036132812,0.9999877,430.4561767578125,737.319091796875,0.99910307,394.7998046875,729.0195922851562,0.9995939,451.6697998046875,788.851318359375,0.99605453,434.5199279785156,792.6331787109375,0.9988167,454.7608642578125,805.065673828125,0.99440175,440.74884033203125,811.473388671875,0.99770385,456.7352294921875,801.8095092773438,0.9947187,452.93353271484375,806.8452758789062,0.9980354,456.47088623046875,798.612060546875,0.9952448,452.0050048828125,800.2832641601562,0.9983321,435.77288818359375,781.1619873046875,0.999826,419.7462158203125,785.3467407226562,0.99979657,535.6025390625,788.7714233398438,0.99932015,528.8909912109375,787.552001953125,0.999529,500.1977844238281,887.3162841796875,0.999089,502.52496337890625,891.377685546875,0.9988883,485.3134460449219,904.228271484375,0.999015,483.54046630859375,910.8145751953125,0.9988305,541.5783081054688,909.9453125,0.9975177,549.15673828125,911.6493530273438,0.99722075
5,474.8808288574219,628.11474609375,0.9999448,474.8355712890625,618.3051147460938,0.9999274,474.8837585449219,618.3177490234375,0.99992275,474.9402160644531,618.2730712890625,0.99991846,471.8122863769531,616.86572265625,0.99993896,469.48016357421875,615.9203491210938,0.9999398,466.9312744140625,615.1832885742188,0.99994123,460.3189392089844,617.0604858398438,0.99993134,453.02734375,614.6318359375,0.9999615,468.0162353515625,635.930908203125,0.9999379,464.1824645996094,634.0574951171875,0.99996054,439.0277404785156,664.6594848632812,0.9999615,408.2216491699219,654.5892944335938,0.9999918,431.3475036621094,737.0884399414062,0.9993228,395.2760925292969,728.9762573242188,0.99968004,452.9930114746094,784.369140625,0.9970305,434.5597229003906,791.6744384765625,0.99911696,456.936279296875,800.42041015625,0.99584997,440.7171630859375,808.5874633789062,0.99823856,462.5923767089844,800.086669921875,0.99605453,453.2779235839844,805.8804931640625,0.99849296,458.20428466796875,793.0582885742188,0.9964064,452.36688232421875,799.39208984375,0.99876,434.69708251953125,781.11572265625,0.99985576,419.1839599609375,781.14404296875,0.9998118,530.68310546875,789.6824951171875,0.99954,527.9053955078125,787.1248168945312,0.9996673,501.75750732421875,887.80224609375,0.99916065,504.90875244140625,890.1524047851562,0.99898773,486.7235107421875,906.8877563476562,0.99900347,487.6065979003906,909.1904296875,0.9988927,548.0130615234375,909.7413330078125,0.99758446,552.9795532226562,912.9038696289062,0.9974291
6,474.37420654296875,628.781982421875,0.9999678,474.64251708984375,618.7783203125,0.9999553,474.78753662109375,618.7163696289062,0.99995315,474.9432067871094,618.6396484375,0.9999509,471.20794677734375,617.6213989257812,0.99996054,468.62249755859375,616.8812255859375,0.99996114,466.1300964355469,616.1732177734375,0.99996054,460.248046875,617.3303833007812,0.99995995,452.471923828125,615.0118408203125,0.9999745,467.49554443359375,636.1564331054688,0.9999627,463.6014099121094,634.4515991210938,0.99997413,435.25384521484375,664.42919921875,0.9999778,409.039306640625,654.8212280273438,0.9999945,429.8595275878906,737.0181884765625,0.9994887,396.080810546875,728.5382690429688,0.99976224,451.90069580078125,788.8035278320312,0.99776566,434.3465270996094,790.9843139648438,0.9992084,458.9181213378906,803.6642456054688,0.9967524,440.7554626464844,810.1474609375,0.9984145,459.9689636230469,805.0299682617188,0.99696034,453.1381530761719,805.8897705078125,0.9986646,456.90570068359375,798.7727661132812,0.9973061,452.4020080566406,799.2154541015625,0.9988752,433.89129638671875,781.937255859375,0.9999008,419.85986328125,783.6725463867188,0.9998776,529.9796752929688,789.5294799804688,0.99959236,527.9637451171875,787.0066528320312,0.9997017,502.3904113769531,890.08984375,0.99914074,505.58831787109375,892.2273559570312,0.99907815,488.0247802734375,907.742431640625,0.99899954,487.61083984375,912.4844970703125,0.9989956,545.7064819335938,908.7586059570312,0.9976586,552.2435302734375,912.1934814453125,0.9975656
7,474.2427062988281,628.4290161132812,0.99996626,474.2984313964844,618.8115234375,0.9999546,474.3144836425781,618.7957153320312,0.99995315,474.34783935546875,618.7857666015625,0.9999502,471.3857727050781,617.7060546875,0.99995935,469.1263427734375,616.9607543945312,0.99996054,466.7347412109375,616.1651000976562,0.99996054,459.2521667480469,617.307373046875,0.9999567,452.9107360839844,614.8358764648438,0.9999733,466.9759521484375,636.0631103515625,0.99996054,463.2066955566406,634.5838623046875,0.99997294,437.27020263671875,662.44677734375,0.9999738,408.2687683105469,653.7899169921875,0.99999404,430.8681335449219,736.939208984375,0.9995178,394.4842224121094,728.89697265625,0.9997749,452.3065490722656,784.3914794921875,0.997917,433.5671081542969,791.2569580078125,0.99929035,460.2532958984375,799.911865234375,0.9969246,438.8935546875,809.199462890625,0.99856746,461.2625732421875,800.8525390625,0.99711037,452.1654052734375,806.2107543945312,0.99877447,457.5918884277344,793.483154296875,0.9974291,450.1648864746094,799.4755249023438,0.99897975,435.72113037109375,779.9122924804688,0.99989605,419.8759460449219,780.3177490234375,0.9998776,534.5099487304688,789.3336181640625,0.99969935,527.4769287109375,787.1402587890625,0.9998134,503.89703369140625,887.8655395507812,0.99947053,503.25787353515625,891.5179443359375,0.99942964,489.7983093261719,906.8256225585938,0.9993687,484.7018737792969,909.7171630859375,0.99933845,545.6884155273438,909.2005615234375,0.99824536,548.0045166015625,913.4134521484375,0.99818975
8,475.3602294921875,627.4887084960938,0.9999274,474.866943359375,617.6325073242188,0.9999069,474.8119201660156,617.5560913085938,0.99990976,474.71759033203125,617.4315795898438,0.9999083,472.0860595703125,616.4374389648438,0.9999069,469.8623962402344,615.4568481445312,0.99990904,467.33123779296875,614.6621704101562,0.99990535,459.4812927246094,616.100341796875,0.99992514,453.59637451171875,614.0210571289062,0.999936,468.69598388671875,635.057861328125,0.99992275,465.1676940917969,633.5971069335938,0.9999398,437.6882629394531,665.4420166015625,0.9999641,408.095947265625,654.2376708984375,0.99998844,432.1377258300781,739.4105224609375,0.99922967,394.3089599609375,728.8055419921875,0.9995627,453.511962890625,786.5682983398438,0.99624926,433.45245361328125,790.3045043945312,0.99850464,456.955322265625,802.8388671875,0.9948403,438.5494079589844,809.370849609375,0.9971771,458.57049560546875,803.739501953125,0.9950755,451.177734375,805.486328125,0.9975751,458.6937255859375,796.7174682617188,0.99544394,450.7000427246094,798.7054443359375,0.99792516,434.7806091308594,781.7889404296875,0.99980444,415.1086120605469,782.6500244140625,0.9997017,534.759033203125,789.1596069335938,0.99935883,523.8572998046875,786.1354370117188,0.9994319,504.78533935546875,888.4566040039062,0.9988305,500.9713439941406,891.4139404296875,0.998487,486.54693603515625,906.5243530273438,0.9986853,484.18505859375,911.3846435546875,0.99843913,547.9947509765625,910.62744140625,0.9964619,545.6741943359375,915.3442993164062,0.99637836
9,474.08221435546875,629.1673583984375,0.9999286,474.1360778808594,619.083251953125,0.9999083,474.09686279296875,618.9967041015625,0.99990976,474.0475769042969,618.87744140625,0.99990535,471.15093994140625,617.885498046875,0.99990976,468.7389831542969,617.089599609375,0.99990976,466.4022216796875,616.3997192382812,0.99990904,458.9834289550781,617.2142944335938,0.99991965,452.6109619140625,615.2791137695312,0.99993694,467.0452575683594,636.5335083007812,0.99992275,463.634521484375,634.9928588867188,0.99993944,436.7603759765625,664.532470703125,0.99995935,408.8228759765625,654.5428466796875,0.99998677,430.5191955566406,737.284912109375,0.9993687,395.2156066894531,727.863037109375,0.99960643,450.9233703613281,788.7011108398438,0.99712163,433.3657531738281,790.9088745117188,0.9988167,458.22406005859375,803.9830932617188,0.9959299,440.2905578613281,808.4718017578125,0.9977743,459.4187927246094,804.9577026367188,0.99603915,452.39471435546875,804.903564453125,0.99805814,456.0339660644531,798.4757080078125,0.9964619,451.4852294921875,798.263427734375,0.9983125,434.28106689453125,782.1076049804688,0.9998287,418.19683837890625,783.6751098632812,0.9997508,536.5113525390625,790.5537719726562,0.9995005,522.0036010742188,789.1436767578125,0.99961996,501.05364990234375,890.3958740234375,0.99927634,500.8819885253906,893.8377075195312,0.9989556,483.850830078125,908.203369140625,0.99918324,482.32171630859375,913.7633056640625,0.99886644,544.099365234375,910.402099609375,0.9979412,546.5921630859375,914.7677001953125,0.99749833
10,474.5902099609375,628.3486328125,0.99995804,474.845703125,618.4432983398438,0.9999379,474.9820251464844,618.3921508789062,0.9999355,475.15765380859375,618.3556518554688,0.99992967,471.661865234375,617.4521484375,0.99994814,469.3250427246094,616.7408447265625,0.9999497,466.7681884765625,615.9698486328125,0.9999509,461.1353759765625,617.3544921875,0.999936,452.9632873535156,614.7493286132812,0.9999665,467.7251281738281,636.0374755859375,0.9999478,463.7215881347656,634.5125732421875,0.9999671,438.82098388671875,664.3245849609375,0.99996376,408.71759033203125,654.5198364257812,0.9999925,431.41387939453125,736.80224609375,0.9993687,395.51043701171875,728.4679565429688,0.99972624,453.0257873535156,784.7848510742188,0.99698395,433.7759704589844,791.5625610351562,0.9990564,460.41522216796875,799.7637329101562,0.99554896,440.237060546875,808.8807373046875,0.9980276,461.6116027832031,800.4804077148438,0.99584997,452.6706848144531,805.7460327148438,0.998319,458.0299987792969,793.615966796875,0.9962782,451.8783264160156,799.0933837890625,0.99861693,436.0608215332031,780.7962646484375,0.99984765,419.35296630859375,780.849609375,0.9998148,534.306884765625,789.2574462890625,0.9994579,527.111572265625,787.234619140625,0.9996458,502.55328369140625,890.4574584960938,0.99884856,504.797119140625,893.6101684570312,0.9985392,488.5879821777344,907.8102416992188,0.99863297,487.37017822265625,913.3086547851562,0.99836427,549.6710205078125,911.6393432617188,0.99648935,551.4318237304688,913.0771484375,0.99594563
11,475.0930480957031,627.17626953125,0.9999398,474.5968322753906,617.2730102539062,0.99992275,474.7096252441406,617.1790771484375,0.99992156,474.80596923828125,617.0680541992188,0.99991655,471.3742980957031,616.105712890625,0.9999263,468.7559509277344,615.2362670898438,0.999928,466.2362060546875,614.5443725585938,0.9999286,459.61004638671875,616.0672607421875,0.99993074,452.47967529296875,614.1240234375,0.9999509,468.7806701660156,634.801025390625,0.99993396,464.9460754394531,633.4498291015625,0.99995244,435.6351318359375,664.5432739257812,0.99996495,408.2337646484375,653.9054565429688,0.9999912,431.3737487792969,739.31201171875,0.9993228,393.7191162109375,728.1979370117188,0.99966204,448.56341552734375,788.1365966796875,0.99724233,432.9770812988281,790.7139892578125,0.9989759,456.4322814941406,803.6292114257812,0.9961456,438.6417236328125,808.3820190429688,0.99801993,458.2002868652344,804.3350219726562,0.99632156,452.3661193847656,804.9324951171875,0.99832565,458.534912109375,797.3731079101562,0.99664956,450.59722900390625,798.4208374023438,0.9985896,435.205810546875,781.9609375,0.99983656,419.0378723144531,782.4710693359375,0.9997818,531.5308837890625,790.2030639648438,0.99950826,528.340576171875,785.9077758789062,0.999617,501.8468322753906,889.426025390625,0.999089,505.150634765625,890.6533813476562,0.9988531,486.88104248046875,906.6033935546875,0.99895155,485.85650634765625,908.2337646484375,0.9987551,544.7696533203125,909.077880859375,0.99762183,552.2581787109375,911.4287719726562,0.99720997
12,474.29486083984375,628.5885620117188,0.99996626,474.33740234375,618.849853515625,0.99995387,474.3013000488281,618.8120727539062,0.99995387,474.275390625,618.7406616210938,0.9999521,471.5066223144531,617.5015869140625,0.9999573,469.163330078125,616.6041870117188,0.9999573,466.7922668457031,615.8601684570312,0.9999567,459.43560791015625,617.0685424804688,0.9999603,453.0561218261719,614.7942504882812,0.9999702,466.87109375,636.0302734375,0.99996054,463.3614501953125,634.3667602539062,0.99997115,437.6259765625,664.6442260742188,0.99997604,409.6220703125,654.8662109375,0.9999926,430.5812072753906,739.3629760742188,0.9994579,395.62359619140625,728.9154663085938,0.99968743,451.9792175292969,789.645263671875,0.9976586,433.572021484375,790.8050537109375,0.99895966,458.85064697265625,804.8070068359375,0.99647564,439.95391845703125,809.9296264648438,0.99793327,459.8514709472656,806.4110717773438,0.9966756,452.1798400878906,806.2026977539062,0.9982658,456.9181213378906,800.3363037109375,0.99709916,451.6479187011719,799.6058349609375,0.99854493,434.0572204589844,782.1107177734375,0.99984765,419.6093444824219,783.6492919921875,0.99978846,533.7476806640625,789.3873291015625,0.9994766,527.1580810546875,787.070068359375,0.99960333,506.0464782714844,889.200439453125,0.9988305,504.2601623535156,892.8871459960938,0.99871063,489.3883361816406,906.8202514648438,0.9986223,488.04669189453125,912.4263916015625,0.9985619,550.090576171875,907.8760986328125,0.99671423,552.0953979492188,911.9080810546875,0.99657035
13,474.13946533203125,628.5819702148438,0.9999627,474.16363525390625,618.875732421875,0.999949,474.2242431640625,618.8421630859375,0.9999461,474.2829284667969,618.7940063476562,0.99994266,471.1357421875,617.877197265625,0.9999546,468.74969482421875,617.2144165039062,0.9999546,466.3511047363281,616.4525146484375,0.9999553,459.0602111816406,617.3153686523438,0.9999517,452.7153015136719,615.2958374023438,0.9999707,467.17462158203125,636.0349731445312,0.9999567,463.43212890625,634.5640258789062,0.9999702,434.99017333984375,662.241943359375,0.9999707,409.23309326171875,654.6221313476562,0.99999344,430.3831787109375,736.5589599609375,0.99940693,395.94390869140625,729.0264892578125,0.99973875,450.93536376953125,784.5949096679688,0.99722075,433.9986267089844,791.4916381835938,0.9990527,454.69329833984375,800.5643920898438,0.99586606,441.02655029296875,808.88525390625,0.9980506,456.2060241699219,801.265380859375,0.9961606,452.80517578125,805.20263671875,0.9983516,456.5259094238281,793.16845703125,0.996597,451.84576416015625,798.547119140625,0.99863297,436.0845031738281,780.573974609375,0.9998666,424.4112548828125,783.4893188476562,0.9998523,534.6044921875,789.409912109375,0.99945575,531.2222900390625,787.2950439453125,0.9996458,503.6038818359375,887.3020629882812,0.99883956,505.6688232421875,892.9478149414062,0.9987888,489.3161315917969,906.3348388671875,0.9986436,488.3785095214844,909.8089599609375,0.998606,548.9386596679688,908.9715576171875,0.9965436,548.5431518554688,913.6530151367188,0.9964064
14,475.28399658203125,627.2932739257812,0.99992394,474.75677490234375,617.6345825195312,0.9999069,474.7191162109375,617.5999145507812,0.99990976,474.6608581542969,617.50927734375,0.99990463,471.9622802734375,616.294189453125,0.99991035,469.6716003417969,615.3138427734375,0.9999125,467.15655517578125,614.5355224609375,0.9999125,459.11553955078125,615.8981323242188,0.99992037,453.4106750488281,613.98193359375,0.99993944,468.70098876953125,634.8795166015625,0.9999132,465.0643310546875,633.3558959960938,0.999936,437.29205322265625,664.4682006835938,0.99995494,409.1761779785156,654.844482421875,0.9999869,431.5972595214844,736.7501831054688,0.9991959,394.6199951171875,728.1419677734375,0.9994867,448.0990295410156,787.3878784179688,0.9962782,432.46630859375,790.1722412109375,0.9984269,456.5455322265625,802.6632690429688,0.99490017,438.8336486816406,807.8443603515625,0.9971551,458.44720458984375,799.6109008789062,0.9950563,451.1001281738281,804.6657104492188,0.99758446,457.9601135253906,796.6080932617188,0.99553156,450.28826904296875,798.0582885742188,0.99792516,434.65179443359375,780.2702026367188,0.99980444,418.5174560546875,779.36083984375,0.9997154,531.1473388671875,791.040283203125,0.9994363,523.9515380859375,786.1884155273438,0.99957615,501.7291259765625,890.178466796875,0.9988575,502.6935119628906,893.2941284179688,0.9985335,484.90081787109375,910.638916015625,0.99863833,486.1152648925781,910.132080078125,0.9983516,544.936767578125,910.2626953125,0.9964064,548.3695068359375,912.4246215820312,0.99596137
15,475.301513671875,628.6149291992188,0.99992514,475.6753845214844,618.7467041015625,0.99990535,475.71734619140625,618.7854614257812,0.99990606,475.7064514160156,618.791259765625,0.9999069,472.06121826171875,617.1727294921875,0.99990535,469.4976501464844,616.0765991210938,0.99990535,467.1000061035156,615.1109619140625,0.99990237,460.4859619140625,617.2133178710938,0.99991775,453.112060546875,614.4078369140625,0.999928,468.3907165527344,636.2630004882812,0.99991906,464.6604309082031,634.6858520507812,0.9999349,438.1150817871094,664.7974853515625,0.99995804,408.28973388671875,654.1961669921875,0.99998367,431.5006103515625,739.7107543945312,0.9992848,395.2247619628906,728.901611328125,0.9994684,453.4473876953125,789.2510375976562,0.99701905,433.112548828125,790.7006225585938,0.9987005,460.1395263671875,804.1888427734375,0.99565166,439.7098693847656,808.2138671875,0.9976311,461.2375793457031,805.178466796875,0.9957684,451.88995361328125,805.42138671875,0.9979572,457.68975830078125,799.0652465820312,0.99629277,449.772216796875,798.7930297851562,0.9982522,433.7044372558594,781.226806640625,0.99978846,415.6022033691406,783.4385986328125,0.9996567,534.4641723632812,790.1966552734375,0.99947256,523.9595336914062,788.3143310546875,0.9995178,504.9548645019531,887.5772705078125,0.99895966,500.0968017578125,893.9072265625,0.99869555,488.19940185546875,907.9705810546875,0.9987888,482.209228515625,914.2257690429688,0.99857306,550.0949096679688,909.1893920898438,0.9967524,547.725341796875,914.2813720703125,0.99668854
16,474.8300476074219,627.889404296875,0.999936,474.7165832519531,618.1588134765625,0.9999138,474.70916748046875,618.100341796875,0.9999125,474.67181396484375,618.0372924804688,0.9999083,471.5750427246094,617.1483154296875,0.99992037,469.13641357421875,616.4482421875,0.99992216,466.8487243652344,615.669677734375,0.99992156,459.2847900390625,616.607421875,0.99992156,453.0172119140625,614.5816040039062,0.99994934,467.61065673828125,635.3557739257812,0.999936,464.094970703125,633.84619140625,0.9999521,436.9883728027344,663.6762084960938,0.9999652,408.14959716796875,654.4246826171875,0.99999166,430.2641906738281,737.1659545898438,0.99933845,394.71514892578125,728.8541870117188,0.9997017,452.14300537109375,784.9016723632812,0.99680245,434.0022888183594,792.0167236328125,0.99899167,458.9307556152344,799.3963012695312,0.9956006,440.5902099609375,808.6862182617188,0.99805814,460.02557373046875,799.6654052734375,0.99584997,452.9660949707031,805.0692749023438,0.9983321,460.8888244628906,792.3612060546875,0.99621993,451.4169921875,799.0607299804688,0.99857855,434.26251220703125,779.775390625,0.99985576,416.62030029296875,783.65185546875,0.9998287,537.3715209960938,790.5009155273438,0.99941623,527.08349609375,788.245849609375,0.9995778,504.5431823730469,886.7089233398438,0.99913067,498.77288818359375,894.7721557617188,0.9988575,489.91265869140625,905.7230834960938,0.9990527,483.7804870605469,911.506103515625,0.9988121,547.1784057617188,909.0556640625,0.99762183,545.7744750976562,915.4696655273438,0.997285
17,474.1885986328125,627.9304809570312,0.9999269,473.9990234375,617.8319091796875,0.9999138,473.9064025878906,617.7413940429688,0.9999125,473.7429504394531,617.6226806640625,0.9999132,470.87744140625,616.6443481445312,0.9999138,468.3703308105469,615.6759033203125,0.9999125,466.0043640136719,614.8403930664062,0.99991107,458.1944885253906,616.1590576171875,0.9999274,452.1955871582031,614.0787353515625,0.99993896,467.1991882324219,635.5232543945312,0.99992573,463.68988037109375,634.2615966796875,0.9999398,433.9544372558594,663.3494873046875,0.99996173,407.7068176269531,653.633056640625,0.99998724,430.19744873046875,739.178466796875,0.9992931,395.1057434082031,728.5013427734375,0.99957937,444.998779296875,789.4486083984375,0.9969722,434.0169982910156,790.7363891601562,0.99861145,453.453857421875,804.9422607421875,0.9955835,440.43463134765625,808.3305053710938,0.99743915,454.73529052734375,806.2572021484375,0.9958175,452.4381408691406,804.724853515625,0.997783,455.1700439453125,799.1024780273438,0.9962638,451.5170593261719,798.0236206054688,0.998103,433.9095458984375,781.3958129882812,0.9998535,417.020751953125,783.5482788085938,0.999795,534.6284790039062,790.0730590820312,0.9994093,527.4414672851562,787.876220703125,0.9994967,503.03375244140625,888.1224975585938,0.9987551,501.4083557128906,892.8037109375,0.99866986,488.24176025390625,907.746826171875,0.99861145,482.5540466308594,910.7611083984375,0.99857855,550.9520263671875,911.7471923828125,0.99629277,548.5209350585938,913.53369140625,0.99657035
18,474.48419189453125,628.5900268554688,0.99994266,474.49066162109375,618.6946411132812,0.99992037,474.5194396972656,618.670166015625,0.99991715,474.5578918457031,618.6099853515625,0.9999125,471.5519714355469,617.275390625,0.9999269,469.1842956542969,616.2896118164062,0.9999269,466.6177673339844,615.507080078125,0.99992394,459.6078186035156,617.0780639648438,0.99991906,452.7059631347656,614.687744140625,0.9999461,467.6424865722656,636.2899780273438,0.99992037,463.9265441894531,634.4404296875,0.9999443,438.0572509765625,664.6345825195312,0.9999403,408.53424072265625,654.5897827148438,0.9999844,429.6320495605469,737.7960205078125,0.99911696,394.62091064453125,728.780029296875,0.99955755,450.3475341796875,789.4835205078125,0.9960699,433.24114990234375,790.7060546875,0.9986802,453.1571960449219,804.693603515625,0.99448806,439.9559631347656,807.76708984375,0.99746895,455.19024658203125,802.5133056640625,0.99477994,451.73284912109375,804.0692749023438,0.99783427,455.39227294921875,799.23193359375,0.9952077,450.8365478515625,797.875732421875,0.99813974,435.53753662109375,780.2260131835938,0.9997508,417.3679504394531,781.1105346679688,0.9996673,536.743408203125,789.232666015625,0.99928194,523.2096557617188,787.1890258789062,0.99947864,506.75079345703125,887.2833862304688,0.99879336,502.0526428222656,894.1117553710938,0.99871576,492.2738037109375,906.96044921875,0.99864894,483.5464172363281,911.5821533203125,0.99858415,550.660888671875,911.5399169921875,0.9964064,544.2843017578125,918.2022094726562,0.99664956
19,474.5291748046875,628.1798706054688,0.999966,474.75335693359375,618.0230712890625,0.9999528,474.8711242675781,617.9700317382812,0.9999521,475.00726318359375,617.930908203125,0.9999485,471.6478576660156,617.00341796875,0.99995565,469.35711669921875,616.2714233398438,0.9999553,466.84075927734375,615.5442504882812,0.9999546,460.09002685546875,616.8348388671875,0.99995387,453.2301940917969,614.6474609375,0.99996877,467.5928039550781,635.9663696289062,0.9999553,463.8660583496094,634.2406616210938,0.9999676,438.2607116699219,664.0785522460938,0.9999695,409.0186767578125,654.8218383789062,0.99999154,430.1693115234375,737.001708984375,0.9994684,394.18988037109375,729.4825439453125,0.9997063,451.9554138183594,783.8778686523438,0.9973061,433.5440673828125,790.9547729492188,0.999089,460.080810546875,799.148681640625,0.99603915,440.08782958984375,808.3531494140625,0.9981969,461.8963317871094,799.6847534179688,0.99624926,452.12060546875,805.1294555664062,0.9984692,457.8315734863281,792.8801879882812,0.9966365,451.21270751953125,798.73486328125,0.99871063,434.4516906738281,779.9063720703125,0.9998727,418.5374450683594,781.774169921875,0.99982184,536.9596557617188,789.275390625,0.99958426,523.9417114257812,788.9305419921875,0.99968004,507.07574462890625,889.2352294921875,0.9992267,502.25,894.0057373046875,0.9991239,490.96722412109375,906.7708129882812,0.99909246,484.18096923828125,913.5364379882812,0.9990264,551.1757202148438,910.4078979492188,0.99740905,544.2357177734375,916.3272094726562,0.9975274
20,474.548583984375,627.4750366210938,0.99991775,473.92047119140625,617.4459228515625,0.9998977,473.8266906738281,617.3091430664062,0.9999001,473.6949157714844,617.1502075195312,0.99989927,471.03472900390625,616.389892578125,0.99989605,468.564453125,615.5891723632812,0.9998977,466.22906494140625,614.9324340820312,0.9998969,457.9867858886719,615.749755859375,0.99991035,452.3977966308594,614.256103515625,0.99992573,467.7328796386719,635.1334228515625,0.99991107,464.4596862792969,633.6779174804688,0.99993074,437.7369384765625,663.742431640625,0.9999553,407.7509460449219,653.8912963867188,0.99998367,430.397216796875,738.1984252929688,0.9992592,393.1662902832031,727.7779541015625,0.99948466,450.5865783691406,787.1976318359375,0.996557,432.63934326171875,789.6669921875,0.99850464,453.8471984863281,802.6909790039062,0.9951325,438.0133056640625,807.1192626953125,0.99727446,460.0705871582031,798.8292236328125,0.9953181,451.171142578125,803.1884765625,0.9976495,455.7071838378906,796.720703125,0.9957188,448.92620849609375,797.0526733398438,0.99797314,434.597900390625,780.0195922851562,0.99980897,415.89703369140625,782.2755126953125,0.99968743,537.5617065429688,789.36328125,0.99950826,523.3745727539062,789.4109497070312,0.99955755,506.2899475097656,889.759033203125,0.9991272,500.8689880371094,894.6429443359375,0.99883956,492.4039001464844,910.2637329101562,0.99896777,483.0179748535156,914.3078002929688,0.9987306,550.8983154296875,910.6326293945312,0.99701905,547.7094116210938,915.7845458984375,0.99694854
21,474.3984069824219,627.9351806640625,0.99994075,474.29803466796875,617.9932250976562,0.99991775,474.38714599609375,617.9196166992188,0.9999151,474.4666748046875,617.8545532226562,0.99990976,471.19256591796875,617.0048217773438,0.99992514,468.7649841308594,616.3198852539062,0.9999274,466.2223815917969,615.5819702148438,0.9999263,459.7723388671875,616.8577270507812,0.99991655,452.765869140625,614.7409057617188,0.99994934,467.8603820800781,635.5714721679688,0.99992514,464.02935791015625,634.0672607421875,0.9999497,438.2872619628906,663.8533325195312,0.99995637,408.6674499511719,654.1354370117188,0.9999895,429.4722900390625,736.861328125,0.99931216,393.95465087890625,728.8439331054688,0.9996486,450.06231689453125,783.218505859375,0.9969246,434.2015380859375,790.5049438476562,0.9989183,457.9365234375,797.6734008789062,0.99583375,441.5799865722656,806.962646484375,0.9979493,459.0643615722656,797.6796264648438,0.99603915,454.088134765625,802.4581298828125,0.998259,455.41766357421875,791.4597778320312,0.99633574,452.1518249511719,796.8060302734375,0.99852777,435.0033874511719,779.3041381835938,0.99983394,417.3813781738281,782.6896362304688,0.99978846,537.3590698242188,792.2319946289062,0.999566,526.9803466796875,790.3367919921875,0.9996947,504.6075439453125,889.5108642578125,0.99926203,499.8536682128906,894.11328125,0.99896777,490.3971862792969,910.118896484375,0.9991374,483.8125305175781,914.1913452148438,0.99884856,549.0791015625,910.7664184570312,0.99760324,546.0978393554688,916.5595703125,0.9971771
22,474.5925598144531,627.4156494140625,0.99995315,474.2356262207031,617.2764892578125,0.99993396,474.2823181152344,617.2174682617188,0.99993443,474.29522705078125,617.1546020507812,0.99993074,470.84588623046875,616.0873413085938,0.99993646,468.209716796875,615.2120361328125,0.9999385,465.7756652832031,614.498779296875,0.99993694,458.68170166015625,616.2776489257812,0.99993896,451.7008056640625,614.10400390625,0.9999535,467.8919677734375,635.1338500976562,0.999943,464.14208984375,633.7369995117188,0.9999596,437.7413330078125,663.9563598632812,0.9999658,406.9647521972656,654.0401000976562,0.99998987,431.12591552734375,737.9163818359375,0.9994023,393.0643005371094,729.0052490234375,0.99966073,452.493896484375,783.1242065429688,0.99731654,434.10894775390625,790.5862426757812,0.99895155,460.3598937988281,797.3419189453125,0.99632156,441.3036804199219,807.0244140625,0.9980276,461.9588623046875,792.6876220703125,0.99648935,452.9993591308594,803.1724853515625,0.9982926,457.55303955078125,791.31884765625,0.99680245,452.0306396484375,797.0354614257812,0.9985562,434.5295104980469,778.888427734375,0.99984396,416.05657958984375,779.2323608398438,0.9997731,538.0187377929688,789.51220703125,0.999566,523.49072265625,787.3981323242188,0.9996594,506.9180908203125,889.3726806640625,0.99918956,501.8731994628906,893.257080078125,0.998884,490.2900085449219,907.1386108398438,0.9990601,483.19805908203125,913.0294189453125,0.99877447,550.7177124023438,912.4857788085938,0.99740905,543.736328125,915.0516357421875,0.9970879
23,474.7812805175781,628.1625366210938,0.99994814,474.4069519042969,618.07763671875,0.9999274,474.40643310546875,617.9973754882812,0.99992514,474.3933410644531,617.9136962890625,0.99992096,471.4620361328125,616.85302734375,0.99993396,469.08636474609375,615.9568481445312,0.99993396,466.5433349609375,615.26220703125,0.9999324,459.34210205078125,616.428466796875,0.99992156,452.6648254394531,614.5847778320312,0.9999517,468.0634765625,635.9312133789062,0.999928,464.2581481933594,634.3302001953125,0.9999505,438.75457763671875,663.7417602539062,0.99995315,408.4555969238281,654.1564331054688,0.9999877,429.8105773925781,737.2903442382812,0.9993148,394.93853759765625,729.2752075195312,0.999658,450.80438232421875,781.4854125976562,0.9969126,434.52508544921875,790.0049438476562,0.999015,459.0337829589844,795.9755249023438,0.99584997,440.9246520996094,806.1588134765625,0.998147,460.99798583984375,791.1967163085938,0.99611557,454.0465087890625,802.0589599609375,0.9984022,461.0248107910156,788.9277954101562,0.99637836,452.4637451171875,796.4359130859375,0.9986541,434.13330078125,778.111328125,0.9998313,416.0620422363281,780.810791015625,0.999764,537.6790771484375,791.6597900390625,0.9996111,523.2817993164062,790.3428955078125,0.99968255,507.0482177734375,888.3610229492188,0.9993881,500.0148010253906,894.1873779296875,0.99914074,492.35845947265625,908.082763671875,0.9992679,483.25830078125,912.4815673828125,0.9990527,552.4590454101562,910.2346801757812,0.99792516,545.3818969726562,916.01513671875,0.99771273
24,474.56390380859375,627.276611328125,0.9999417,474.3356628417969,617.6060791015625,0.9999145,474.396240234375,617.5853271484375,0.9999132,474.4599609375,617.5643310546875,0.99990976,471.2570495605469,616.5814208984375,0.99991775,468.8643798828125,615.8780517578125,0.99992037,466.3672790527344,615.089599609375,0.99991775,459.7955017089844,616.490234375,0.9999151,452.862060546875,614.1647338867188,0.99994075,467.8197021484375,634.9403076171875,0.99992454,464.0437927246094,633.4105834960938,0.99994695,438.3004455566406,663.5184936523438,0.9999509,408.6490478515625,654.5556640625,0.99998724,429.5870361328125,736.2366943359375,0.99928194,394.2957458496094,729.0247802734375,0.9996567,450.5622863769531,780.8803100585938,0.9967269,432.9736022949219,789.5594482421875,0.9989225,457.8661804199219,795.65673828125,0.9955142,438.8942565917969,805.9327392578125,0.9978594,459.1563415527344,795.5198364257812,0.99575186,451.4659423828125,801.907470703125,0.9981969,460.19598388671875,788.56884765625,0.99603915,451.09063720703125,795.9700927734375,0.9984633,435.228759765625,778.2257080078125,0.99982053,416.01220703125,782.1432495117188,0.9997565,540.6605224609375,790.8423461914062,0.9994887,526.774169921875,789.5271606445312,0.9995859,507.3241882324219,887.5565185546875,0.99925333,498.6409912109375,894.8746948242188,0.99894744,489.9266052246094,906.7874755859375,0.9991441,479.85430908203125,911.4857177734375,0.9988752,546.4711303710938,913.5645141601562,0.9974291,537.4674072265625,921.3685913085938,0.9972638
25,474.8692626953125,628.002197265625,0.9999132,474.2810363769531,617.9000854492188,0.9998902,474.20220947265625,617.8057861328125,0.9998945,474.0753479003906,617.677978515625,0.99989104,471.351318359375,616.6768188476562,0.9998894,468.8176574707031,615.7503662109375,0.99989283,466.4180603027344,614.997802734375,0.9998894,458.4543151855469,616.0872192382812,0.99990976,452.6084899902344,614.2677612304688,0.99991906,468.060546875,635.8106079101562,0.99991107,464.6766052246094,634.267822265625,0.99993074,436.530517578125,663.8425903320312,0.99996233,407.6788024902344,654.01513671875,0.99998343,430.53082275390625,737.1180419921875,0.9993436,394.3384094238281,729.0765380859375,0.99948263,452.5985412597656,781.88330078125,0.9973477,434.6288757324219,789.8690795898438,0.99857306,459.7882385253906,796.6665649414062,0.9964342,441.58111572265625,806.2799072265625,0.997537,461.6553955078125,791.3882446289062,0.9965837,453.3787841796875,802.185546875,0.9978002,461.57818603515625,789.4125366210938,0.99693656,452.61480712890625,796.0425415039062,0.9981104,432.9711608886719,778.7766723632812,0.99984527,414.36004638671875,782.156494140625,0.9997367,533.7265625,791.5855712890625,0.999617,522.089111328125,789.4371337890625,0.9996345,502.08551025390625,890.7731323242188,0.99932015,500.9224853515625,893.72216796875,0.99896777,487.3197021484375,910.8088989257812,0.9991959,482.1312255859375,913.3760375976562,0.99886644,544.7570190429688,911.923828125,0.997851,546.5105590820312,916.544189453125,0.9974885
26,474.876953125,627.3165283203125,0.99996233,474.5155334472656,617.2796630859375,0.99994695,474.5194396972656,617.2036743164062,0.99994695,474.51611328125,617.1106567382812,0.99994266,471.6126403808594,616.3579711914062,0.9999509,469.3296203613281,615.6751708984375,0.99995124,466.7779541015625,614.9409790039062,0.9999505,460.06280517578125,616.078369140625,0.9999485,453.5845642089844,614.3695678710938,0.9999641,468.42913818359375,635.2369384765625,0.9999535,464.6272888183594,633.7002563476562,0.99996626,436.80145263671875,663.96435546875,0.99997663,409.7361755371094,654.0470581054688,0.9999925,428.69818115234375,736.634521484375,0.9995728,394.4839172363281,728.2254028320312,0.999764,449.43902587890625,781.4862670898438,0.9982522,434.19244384765625,789.7616577148438,0.9992592,456.7197570800781,796.344482421875,0.99758446,440.4059753417969,805.2162475585938,0.99858415,458.6899108886719,791.6342163085938,0.9977216,453.7437744140625,800.5447387695312,0.99879336,459.17291259765625,783.702392578125,0.9979493,451.9409484863281,795.2535400390625,0.99897975,431.9464111328125,779.1868896484375,0.99990237,415.0150451660156,781.8638305664062,0.99987173,536.0029296875,792.1273803710938,0.99972194,525.9727783203125,789.9925537109375,0.9997868,502.9519348144531,889.9042358398438,0.99953806,498.5812072753906,895.4271850585938,0.99936384,488.3078308105469,910.4219970703125,0.9994536,483.00860595703125,913.5232543945312,0.9992848,544.8631591796875,911.8633422851562,0.99843305,542.2490234375,917.2033081054688,0.9981614
27,474.9954833984375,627.3185424804688,0.9999083,474.3768005371094,617.0910034179688,0.9998746,474.354736328125,617.0372924804688,0.9998746,474.2867431640625,616.98779296875,0.99986756,471.2604064941406,615.89111328125,0.9998859,468.6462707519531,615.0912475585938,0.99989104,466.1910400390625,614.4346313476562,0.99989104,458.4904479980469,615.9037475585938,0.9998822,452.32977294921875,614.1082153320312,0.99992275,468.42181396484375,635.286376953125,0.9998977,464.8699035644531,633.8546752929688,0.9999286,438.691650390625,664.36962890625,0.99994934,406.9505310058594,654.0850219726562,0.9999865,431.0118408203125,737.752685546875,0.9991768,394.31951904296875,730.483642578125,0.9996018,457.74981689453125,781.5375366210938,0.99637836,434.0643005371094,790.8468627929688,0.99886644,459.65179443359375,792.4024047851562,0.9951325,440.1817321777344,807.0258178710938,0.99783427,464.9160461425781,791.2222290039062,0.9954261,453.4627685546875,802.780517578125,0.9981828,461.40576171875,784.4417724609375,0.99575186,451.6891174316406,796.9581298828125,0.9984633,433.5091857910156,779.6629638671875,0.99978,414.49609375,783.5009155273438,0.9997154,538.09130859375,792.5136108398438,0.9993538,526.7855834960938,790.68408203125,0.99948066,505.96160888671875,890.03515625,0.9988752,499.4856872558594,894.4555053710938,0.99854493,491.7767639160156,906.554443359375,0.9987257,483.53961181640625,913.6135864257812,0.9984452,548.6607055664062,912.3309326171875,0.9966756,545.9110717773438,914.5538940429688,0.9964619
28,475.192138671875,626.6436157226562,0.9999324,474.7257080078125,616.7203979492188,0.99990535,474.6894836425781,616.7001342773438,0.99990165,474.61492919921875,616.66943359375,0.99989104,471.7319641113281,615.69873046875,0.99991965,469.21929931640625,615.0174560546875,0.99992514,466.6939392089844,614.2674560546875,0.9999263,459.5200500488281,615.8016357421875,0.9999001,452.974365234375,613.5403442382812,0.9999509,468.252685546875,634.517578125,0.99992156,464.62640380859375,632.9854736328125,0.9999502,438.7944641113281,663.6924438476562,0.9999517,408.088623046875,654.0345458984375,0.9999902,435.18487548828125,736.2815551757812,0.99911004,394.07440185546875,728.7125854492188,0.99966466,458.59613037109375,776.54345703125,0.99629277,433.3423156738281,790.8756103515625,0.999071,464.4188537597656,790.9564819335938,0.99509466,440.05902099609375,807.03369140625,0.99818975,465.3240966796875,790.3114624023438,0.99553156,453.39410400390625,802.5242919921875,0.9984812,461.6324462890625,783.5572509765625,0.99586606,451.47918701171875,796.8242797851562,0.9987405,433.9930114746094,778.429443359375,0.99979013,415.9457092285156,782.9220581054688,0.999764,536.6673583984375,792.5637817382812,0.9993857,530.1527709960938,790.0714111328125,0.9995592,503.8217468261719,890.1467895507812,0.99890554,502.8796691894531,893.6000366210938,0.9986223,486.31964111328125,907.1624755859375,0.9987503,484.1759948730469,913.4647827148438,0.9985221,547.2228393554688,912.097900390625,0.9969722,549.6015014648438,913.6484375,0.99664956
29,475.8079528808594,625.6008911132812,0.99994075,474.65631103515625,615.9376831054688,0.99991715,474.55194091796875,615.8881225585938,0.99991715,474.408935546875,615.8118896484375,0.99991107,471.8947448730469,615.1624755859375,0.99992454,469.6763000488281,614.5599365234375,0.9999263,467.1048278808594,613.8735961914062,0.9999263,459.6685485839844,615.3598022460938,0.99991655,453.51312255859375,613.7115478515625,0.99994695,469.3110656738281,633.8939819335938,0.9999274,465.4571838378906,632.4782104492188,0.99995124,439.9179992675781,664.087890625,0.99995863,408.24072265625,654.1015625,0.9999889,435.5144348144531,737.298828125,0.9993881,394.68682861328125,729.0516357421875,0.99968493,458.6085510253906,776.1614379882812,0.9974788,434.2772521972656,790.4684448242188,0.9991135,460.4803771972656,791.774169921875,0.99680245,440.40753173828125,806.8478393554688,0.998345,465.88140869140625,790.1387939453125,0.99690056,453.6796569824219,802.5230102539062,0.99860066,462.185791015625,783.489990234375,0.9971439,452.0383605957031,796.7991333007812,0.9988213,437.6277160644531,777.3684692382812,0.99983907,416.0109558105469,779.1253051757812,0.99978346,538.7813110351562,790.5564575195312,0.99963737,526.8954467773438,790.351318359375,0.9997305,506.3440246582031,889.143798828125,0.99946636,499.2645263671875,894.3299560546875,0.99927634,491.50079345703125,908.54052734375,0.99937123,480.058837890625,913.2207641601562,0.9992084,548.3704833984375,910.9755859375,0.99832565,544.4967041015625,916.5396728515625,0.998147
30,476.188232421875,626.8546752929688,0.99994075,474.9421691894531,616.2797241210938,0.99991775,474.71490478515625,616.139404296875,0.99991965,474.3897705078125,615.9761962890625,0.99991655,472.2630615234375,615.3350830078125,0.99991906,469.74078369140625,614.5819091796875,0.99992156,467.1921081542969,613.9828491210938,0.99991906,458.06439208984375,614.9734497070312,0.9999263,453.1783752441406,613.8640747070312,0.99993944,469.3138732910156,634.9049072265625,0.9999335,465.8370361328125,633.728515625,0.9999485,438.2080078125,663.880859375,0.99996626,407.4914855957031,653.8563842773438,0.9999865,430.9183044433594,739.26171875,0.9994319,394.126708984375,728.5350952148438,0.9996049,453.0249938964844,782.0288696289062,0.9978258,432.71759033203125,789.2730712890625,0.99896777,460.0946044921875,797.0146484375,0.9970536,438.9833679199219,805.9158325195312,0.9981541,462.37030029296875,792.2913208007812,0.99719906,451.63720703125,801.7913208007812,0.9984084,462.3901062011719,789.810302734375,0.99749833,451.2331848144531,795.5994262695312,0.9986646,434.74884033203125,778.8421630859375,0.99984765,415.3771057128906,780.9400634765625,0.9997695,537.6102905273438,790.4445190429688,0.99969935,523.8588256835938,789.5740966796875,0.9997658,506.3302917480469,889.4522705078125,0.99943846,499.9250793457031,894.4103393554688,0.99929035,491.6797790527344,909.5253295898438,0.9993228,481.33221435546875,913.7443237304688,0.9991704,549.5601806640625,911.5045166015625,0.99805814,541.09912109375,917.9825439453125,0.99788433
31,476.3807678222656,624.6063232421875,0.99992156,474.7185974121094,615.1334228515625,0.99989605,474.5710144042969,615.029541015625,0.99989927,474.4052429199219,614.85986328125,0.99989283,472.08642578125,614.4185180664062,0.99989605,469.9169006347656,613.8505859375,0.99989927,467.3954162597656,613.218017578125,0.9998969,459.33917236328125,614.6192016601562,0.99990976,453.9736022949219,613.5186767578125,0.99992514,470.43475341796875,632.8214721679688,0.99991715,466.5530090332031,631.3982543945312,0.99993896,440.27093505859375,664.1465454101562,0.99996674,408.027587890625,653.5299072265625,0.99998724,430.65802001953125,739.2839965820312,0.99948066,394.05279541015625,729.371826171875,0.9996244,451.3968811035156,781.6386108398438,0.997917,432.62017822265625,790.4935302734375,0.9989267,459.7447204589844,791.870849609375,0.9971771,439.3149719238281,806.8627319335938,0.9980276,465.33953857421875,790.39892578125,0.9973061,451.8346252441406,802.8206787109375,0.9983386,461.3628845214844,783.5867919921875,0.9975466,450.9521484375,796.6072387695312,0.9985896,434.7376708984375,778.9009399414062,0.9998785,415.1193542480469,781.6072998046875,0.99980587,537.7774658203125,791.8382568359375,0.99968493,521.744384765625,790.2562866210938,0.9997131,504.6932067871094,889.9341430664062,0.99944717,499.8841552734375,892.6665649414062,0.9991272,487.3924255371094,909.1829223632812,0.9993148,480.0897216796875,911.723876953125,0.9990527,547.66162109375,911.5988159179688,0.9980732,539.4383544921875,917.9054565429688,0.9977482
32,476.477294921875,624.9743041992188,0.99990976,475.1272277832031,614.5414428710938,0.99988675,474.89459228515625,614.5072021484375,0.99989104,474.5666809082031,614.4700927734375,0.9998894,472.3194580078125,613.7171630859375,0.999884,469.801513671875,613.1925659179688,0.9998859,467.3560485839844,612.6790161132812,0.99988496,458.86175537109375,614.5614013671875,0.9999083,453.39715576171875,612.9866333007812,0.9999151,469.4549560546875,633.12255859375,0.9999138,466.1347351074219,631.944580078125,0.99992967,438.9341735839844,663.5738525390625,0.9999658,406.16693115234375,653.1436157226562,0.99998474,431.80877685546875,736.8646850585938,0.9993538,393.0669860839844,728.5454711914062,0.99949074,453.46209716796875,781.7711181640625,0.9971771,433.2563171386719,790.8020629882812,0.99857306,460.8439025878906,792.2906494140625,0.99620515,440.039794921875,807.0480346679688,0.99743915,462.3251647949219,791.65869140625,0.9964204,452.00799560546875,802.8193969726562,0.9978258,462.47821044921875,784.4375610351562,0.9967269,451.04949951171875,796.7633056640625,0.99813974,432.75030517578125,779.466064453125,0.99984527,412.91326904296875,782.9745483398438,0.9997408,534.5071411132812,791.4219360351562,0.99954,526.0194702148438,790.2732543945312,0.99954,504.1898193359375,889.5651245117188,0.999134,498.57159423828125,893.6279907226562,0.99877447,487.3822937011719,907.4114990234375,0.9989956,479.49090576171875,913.2042846679688,0.9987356,548.5127563476562,912.697509765625,0.99732697,545.7704467773438,914.4761962890625,0.9970536
33,476.1824951171875,624.0799560546875,0.99991775,474.38818359375,614.20849609375,0.99988854,474.2162170410156,614.0408325195312,0.9998876,473.9513244628906,613.8361206054688,0.999884,471.55316162109375,613.843994140625,0.99989605,469.0180358886719,613.3596801757812,0.9999008,466.61199951171875,612.8790283203125,0.9999008,458.3055114746094,613.9050903320312,0.99990237,453.12884521484375,613.29052734375,0.99993396,469.8474426269531,632.6090087890625,0.99991584,466.3682861328125,631.4693603515625,0.9999355,438.7419738769531,663.5062255859375,0.9999635,408.70513916015625,653.6978149414062,0.99998856,429.6084289550781,736.3240356445312,0.9992175,393.97564697265625,727.7487182617188,0.9996049,456.264404296875,782.8533935546875,0.9965301,434.3130798339844,791.5433959960938,0.99862766,457.631103515625,793.3223876953125,0.9952448,439.473388671875,806.8372802734375,0.99740905,462.9040222167969,792.406494140625,0.9955662,452.70416259765625,803.676513671875,0.99779165,459.5931396484375,785.6614379882812,0.9959299,450.7060546875,797.769287109375,0.998103,431.26116943359375,780.4373168945312,0.9997981,413.6163024902344,782.911376953125,0.9997408,536.1121215820312,792.5985107421875,0.9992706,525.64111328125,790.642578125,0.9993436,502.892822265625,890.62255859375,0.99861145,501.0202331542969,894.5032348632812,0.99836427,488.9473876953125,907.3279418945312,0.9984633,483.9290466308594,913.22900390625,0.99832565,544.5753173828125,912.7417602539062,0.9962782,547.3412475585938,918.34375,0.99621993
34,476.0806884765625,623.2616577148438,0.99992573,474.224609375,614.0307006835938,0.99989843,474.03924560546875,613.9432983398438,0.9998977,473.7738342285156,613.8178100585938,0.99989104,471.4566345214844,613.348876953125,0.99991035,468.9593200683594,612.7120971679688,0.9999138,466.63763427734375,612.15087890625,0.9999151,458.2796325683594,614.0228881835938,0.99989927,452.9690246582031,612.787109375,0.99993896,469.9021301269531,632.2144775390625,0.9999132,466.3894958496094,630.868408203125,0.9999398,439.83123779296875,663.6323852539062,0.99994934,407.88641357421875,654.5376586914062,0.99998736,430.5574951171875,735.547607421875,0.99914074,394.3338623046875,727.6489868164062,0.99961555,457.75860595703125,777.8056640625,0.9961306,433.96136474609375,791.6503295898438,0.9988575,463.1814880371094,792.3512573242188,0.99482024,440.6660461425781,806.7239379882812,0.9978258,463.8912353515625,791.93017578125,0.99518895,452.0096130371094,803.7151489257812,0.9981104,460.42987060546875,785.4324951171875,0.99554896,450.28851318359375,797.82763671875,0.9984145,435.81207275390625,779.2841186523438,0.99971086,414.6080322265625,783.047607421875,0.99964297,536.9068603515625,791.1763916015625,0.99928755,524.85888671875,790.7511596679688,0.9994536,503.919189453125,889.7738037109375,0.9987649,497.8023681640625,895.5188598632812,0.9985221,489.3993225097656,906.7094116210938,0.998606,483.10614013671875,913.85888671875,0.9983834,549.4022216796875,912.1782836914062,0.99644804,542.885986328125,918.9482421875,0.99647564
35,475.6667785644531,622.3073120117188,0.99992967,473.8990173339844,612.8956298828125,0.99990237,473.8184509277344,612.8182373046875,0.9999008,473.6807556152344,612.718505859375,0.9998977,470.7250061035156,612.1777954101562,0.9999125,468.1885986328125,611.6376953125,0.99991715,465.86083984375,611.1927490234375,0.99991655,457.7763366699219,613.3501586914062,0.99990165,451.9381408691406,612.0689086914062,0.99993944,469.86859130859375,631.4971923828125,0.9999138,466.2083435058594,629.8701171875,0.9999403,440.9557189941406,663.5978393554688,0.999956,407.9004821777344,653.71142578125,0.9999877,432.42694091796875,736.1044921875,0.9992986,394.713623046875,728.859130859375,0.99965405,458.755126953125,782.3890991210938,0.9970536,432.26373291015625,791.2166137695312,0.9989837,459.7170715332031,793.4766235351562,0.99589807,437.5082702636719,807.1334838867188,0.99801993,465.0404052734375,792.3969116210938,0.9961755,450.52960205078125,803.9552001953125,0.9983059,461.38812255859375,785.7216796875,0.99648935,450.0348205566406,797.9135131835938,0.99858415,434.3138122558594,779.3563232421875,0.9998104,415.7640380859375,782.4891967773438,0.9997658,537.117431640625,791.8869018554688,0.9995234,525.8480224609375,789.79150390625,0.9996215,504.2912292480469,889.0575561523438,0.9991474,502.283935546875,892.7720947265625,0.99889696,489.90216064453125,906.5271606445312,0.999015,486.604736328125,912.8262939453125,0.99877447,546.7208251953125,909.44140625,0.99740905,548.05322265625,913.8447265625,0.99718815
36,474.9300842285156,620.9630126953125,0.99992394,472.9145812988281,611.7265625,0.99990535,472.7322998046875,611.639892578125,0.9999031,472.431640625,611.5338134765625,0.9999039,469.53961181640625,611.16357421875,0.9999125,467.39764404296875,610.587890625,0.9999132,464.92816162109375,610.0250244140625,0.99991655,456.88323974609375,611.373779296875,0.99991775,451.12420654296875,610.2587890625,0.9999398,468.7691345214844,629.665283203125,0.99992096,465.50286865234375,628.24853515625,0.99994123,435.9452819824219,661.7993774414062,0.9999629,408.76806640625,652.2173461914062,0.9999864,431.18182373046875,735.629150390625,0.99929035,394.0329284667969,727.9718627929688,0.9994967,453.0523681640625,781.9276123046875,0.9969722,432.4689636230469,790.2247924804688,0.9985896,460.5963439941406,791.956787109375,0.99591404,438.7701110839844,806.7669067382812,0.9975274,462.07196044921875,791.7410888671875,0.9961755,451.68756103515625,799.956787109375,0.99789256,462.29681396484375,784.6661987304688,0.9965436,450.665283203125,796.9321899414062,0.99821776,428.093017578125,779.7911376953125,0.9998233,414.02880859375,782.3073120117188,0.99973255,529.7478637695312,790.751953125,0.99949265,527.4232177734375,789.5343627929688,0.9995308,500.7889404296875,889.6478881835938,0.99886644,499.75982666015625,894.3534545898438,0.998606,486.71173095703125,907.369140625,0.9986646,484.0005798339844,913.985107421875,0.99847525,548.7199096679688,908.9374389648438,0.996597,546.9413452148438,914.5112915039062,0.9964619
37,474.310302734375,619.9584350585938,0.99991715,472.3439025878906,611.0438232421875,0.9998822,472.1934814453125,611.1024169921875,0.99988043,471.89727783203125,611.1773071289062,0.9998727,468.8155212402344,610.0850219726562,0.99989927,466.6700744628906,609.4832763671875,0.99990165,464.09375,608.8783569335938,0.99990237,455.7325134277344,611.6461791992188,0.99988854,450.06243896484375,609.3157348632812,0.99993443,468.4867248535156,628.8816528320312,0.9999008,465.0932312011719,627.1259765625,0.99993074,438.4696044921875,662.6350708007812,0.9999448,406.5101013183594,653.5581665039062,0.99998486,429.6506042480469,734.9939575195312,0.99890125,394.6583557128906,728.9143676757812,0.99946004,455.9635314941406,782.0860595703125,0.99448806,433.93292236328125,791.57763671875,0.99813974,456.5565490722656,798.04736328125,0.99248135,438.4380798339844,809.453857421875,0.9964064,458.9495849609375,792.7711791992188,0.99306935,451.70037841796875,804.2579345703125,0.99690056,459.5183410644531,785.161376953125,0.99346113,449.98358154296875,798.1991577148438,0.99736834,431.43670654296875,779.4457397460938,0.9997347,412.234375,782.2273559570312,0.99966335,536.4674072265625,790.7160034179688,0.9991441,524.642578125,788.6986083984375,0.9992679,502.02105712890625,890.0947875976562,0.9982317,499.7462158203125,894.8981323242188,0.9980122,487.5846252441406,906.7981567382812,0.997981,482.9175109863281,913.124267578125,0.99790895,548.3128662109375,912.8819580078125,0.9947391,546.7131958007812,915.5606079101562,0.9952448
38,474.0311279296875,619.0133056640625,0.9999517,471.7757873535156,610.1321411132812,0.99993074,471.57080078125,610.1327514648438,0.9999263,471.21484375,610.1288452148438,0.99992096,468.4732971191406,609.2896118164062,0.9999435,466.397705078125,608.638427734375,0.9999461,463.6246643066406,607.9539794921875,0.9999473,455.41790771484375,610.3511962890625,0.9999263,449.5700378417969,608.312744140625,0.99996436,468.0853576660156,628.1492919921875,0.9999398,464.72601318359375,626.5007934570312,0.9999627,438.726318359375,662.7706909179688,0.999959,407.28973388671875,652.4417724609375,0.99999225,429.9367370605469,734.7523803710938,0.9993513,394.21246337890625,728.1951904296875,0.99971753,456.9559326171875,782.6005249023438,0.9969957,433.7664794921875,791.2966918945312,0.999134,458.51611328125,793.2222290039062,0.99580115,438.41259765625,806.8933715820312,0.99824536,463.5325012207031,792.118408203125,0.99608517,451.7706298828125,803.7508544921875,0.9985221,460.46575927734375,785.424072265625,0.99647564,450.2596130371094,797.8675537109375,0.99879336,432.7260437011719,779.57421875,0.9998568,414.63232421875,782.93603515625,0.9998416,537.254150390625,790.7255859375,0.9994642,526.45458984375,790.6558227539062,0.9996499,504.01068115234375,888.3131103515625,0.9988927,498.1363220214844,895.7273559570312,0.99879813,489.4607238769531,907.219482421875,0.9986802,483.28973388671875,911.45703125,0.9986541,551.2127075195312,909.7159423828125,0.99644804,543.9187622070312,916.4285888671875,0.9966234
39,472.9981689453125,618.2979125976562,0.9999349,470.7391357421875,609.3746948242188,0.9999118,470.60467529296875,609.4264526367188,0.9999083,470.2998962402344,609.5133056640625,0.99990237,467.2091979980469,608.5270385742188,0.99992573,465.0235595703125,607.9638061523438,0.9999274,462.3122863769531,607.4015502929688,0.9999274,454.2061462402344,610.2774658203125,0.9999039,448.4856872558594,608.2062377929688,0.9999497,467.5286560058594,627.1793823242188,0.9999125,464.0353088378906,625.6326293945312,0.9999403,437.1973571777344,662.2572021484375,0.9999435,406.71710205078125,652.9422607421875,0.9999882,429.7503662109375,736.0115356445312,0.9991573,395.24017333984375,727.7966918945312,0.99968004,451.15716552734375,782.7279663085938,0.996557,432.5792541503906,790.5487060546875,0.9991135,457.7652587890625,797.8575439453125,0.99528164,437.75518798828125,806.87353515625,0.998259,459.6648864746094,793.2247924804688,0.99565166,450.2401428222656,803.3961791992188,0.9985392,459.8479309082031,790.8735961914062,0.99596137,449.66326904296875,797.3961791992188,0.9987649,433.19781494140625,779.7734375,0.99980134,415.137939453125,782.2559204101562,0.99978846,537.8209228515625,792.184814453125,0.99945575,527.0609741210938,790.188232421875,0.999608,505.4903564453125,888.6101684570312,0.9990226,499.65997314453125,893.9415283203125,0.9990226,491.0949401855469,905.8324584960938,0.9988575,483.909423828125,910.3123779296875,0.9989225,548.1841430664062,912.5071411132812,0.9969126,544.2194213867188,918.8236083984375,0.9973888
40,472.66363525390625,618.023193359375,0.9999349,470.7101745605469,609.1696166992188,0.99990237,470.7508544921875,609.21875,0.9998952,470.6435546875,609.3099365234375,0.99988675,466.830078125,608.2727661132812,0.99992216,464.5595397949219,607.7203369140625,0.99992514,461.7530517578125,607.154052734375,0.9999263,455.0734558105469,610.2950439453125,0.9998894,447.69842529296875,607.960205078125,0.99994814,467.4373779296875,626.7261352539062,0.9999008,463.5018615722656,625.22021484375,0.99993896,438.05157470703125,661.978759765625,0.9999324,408.2686767578125,652.8451538085938,0.99998665,429.8064880371094,735.1146850585938,0.9990746,395.1248779296875,726.93603515625,0.99963164,450.69061279296875,782.2208862304688,0.99594563,433.0387268066406,789.5570068359375,0.9988121,457.4228515625,797.2247314453125,0.99459416,438.5703125,805.775390625,0.9977482,459.352294921875,792.3271484375,0.99490017,451.2341003417969,799.3295288085938,0.9980506,459.554931640625,789.9361572265625,0.9952632,450.5838317871094,796.1950073242188,0.9983516,434.5601806640625,778.96044921875,0.99967504,416.0640869140625,779.2911376953125,0.99964714,534.2622680664062,791.8594970703125,0.99943405,526.9576416015625,788.4378662109375,0.9996259,501.7916259765625,890.7890014648438,0.9988213,500.9481201171875,894.09912109375,0.998606,486.9141845703125,910.4551391601562,0.99856746,484.383544921875,913.5592041015625,0.99839586,547.3135375976562,912.3885498046875,0.9964064,545.795166015625,914.1741943359375,0.9961606
41,472.6399230957031,616.4615478515625,0.99992275,470.1554260253906,607.8760986328125,0.9999008,469.98016357421875,607.935546875,0.99990237,469.6471252441406,607.983154296875,0.9998969,466.88104248046875,606.9668579101562,0.99990976,464.8170471191406,606.316162109375,0.9999132,462.01580810546875,605.7006225585938,0.99991107,453.4183654785156,608.5247802734375,0.9999083,447.82379150390625,606.6036376953125,0.999936,467.15252685546875,625.9261474609375,0.9999118,463.6610107421875,624.0460815429688,0.99993694,437.66888427734375,661.6736450195312,0.99995315,407.07391357421875,651.8322143554688,0.999984,431.4857482910156,737.3744506835938,0.9992206,395.6159973144531,726.7067260742188,0.99947256,451.2613830566406,781.8523559570312,0.99696034,432.21051025390625,789.1975708007812,0.9986594,458.7613525390625,797.7662963867188,0.99580115,438.2106018066406,806.2169189453125,0.9976495,460.27947998046875,798.2291870117188,0.99608517,451.0682067871094,799.4473876953125,0.9979652,456.5572509765625,791.2896728515625,0.99647564,450.3271789550781,796.1635131835938,0.9983125,433.48211669921875,779.4849853515625,0.99972624,415.1440124511719,781.22216796875,0.99961996,531.0438232421875,792.6111450195312,0.9994887,527.4884643554688,789.5621948242188,0.99958915,502.9222412109375,891.5930786132812,0.9987056,501.2403564453125,894.5478515625,0.9985221,487.72088623046875,911.8263549804688,0.9984145,481.95281982421875,914.3441772460938,0.9983321,546.2080078125,913.3735961914062,0.99589807,547.3424072265625,914.6025390625,0.99608517
42,472.599853515625,615.941650390625,0.99992514,469.8216247558594,607.2684326171875,0.9998945,469.6763916015625,607.3101806640625,0.9998894,469.364990234375,607.4087524414062,0.9998822,466.4337158203125,606.5050659179688,0.99990976,464.2157897949219,606.0112915039062,0.9999151,461.285400390625,605.4895629882812,0.99991715,453.33795166015625,609.1429443359375,0.9998876,447.3386535644531,606.9912109375,0.9999417,467.4716491699219,624.83642578125,0.9999031,464.020751953125,623.6004638671875,0.99993646,438.2966003417969,662.0863647460938,0.9999453,407.39788818359375,652.585693359375,0.99998796,430.65240478515625,735.443603515625,0.99916387,396.12884521484375,728.2714233398438,0.9996486,451.1818542480469,780.7222290039062,0.99647564,433.9027099609375,789.8483276367188,0.99899954,458.4952697753906,796.7325439453125,0.9951703,439.5152282714844,806.169189453125,0.9980276,460.7221984863281,791.6885375976562,0.99549675,453.1117248535156,802.1107177734375,0.9983386,461.14764404296875,783.5201416015625,0.99589807,451.1719970703125,796.2561645507812,0.9986223,434.3093566894531,779.5556640625,0.9997695,416.00433349609375,782.112060546875,0.9997408,537.7857666015625,791.7830200195312,0.99943846,530.5391845703125,790.2566528320312,0.999617,503.78607177734375,890.5504760742188,0.9989556,502.6910705566406,893.0579833984375,0.9986594,486.85528564453125,910.1658935546875,0.99876,484.49725341796875,912.6040649414062,0.9985104,547.3971557617188,912.389404296875,0.9968149,549.0540771484375,913.5726928710938,0.9964342
43,471.48541259765625,616.6087646484375,0.9999125,469.1048278808594,607.7830810546875,0.9998785,468.9957275390625,607.8302001953125,0.9998766,468.7004089355469,607.9161376953125,0.9998666,465.8059997558594,607.0385131835938,0.9998977,463.5855407714844,606.529541015625,0.99990237,460.6290283203125,605.979248046875,0.9999039,452.0933532714844,609.2113647460938,0.9998766,446.630859375,607.26025390625,0.9999324,466.4783020019531,625.63720703125,0.9998969,462.8959045410156,624.2105712890625,0.99993026,436.9232177734375,661.2062377929688,0.9999417,406.951904296875,652.3488159179688,0.99998546,430.45574951171875,734.519287109375,0.9990746,396.15118408203125,726.860107421875,0.9995695,451.0308837890625,780.1385498046875,0.9964204,433.5194396972656,789.280029296875,0.9988121,458.2514343261719,796.2392578125,0.99509466,439.1607971191406,805.712158203125,0.99780875,460.3409118652344,791.486083984375,0.99553156,451.7142333984375,799.2642211914062,0.9981178,455.895751953125,789.8075561523438,0.99589807,450.98760986328125,795.998291015625,0.9984022,434.51080322265625,777.7547607421875,0.99970406,415.6264343261719,779.0603637695312,0.9996458,534.085205078125,791.4923095703125,0.99947256,526.9074096679688,790.695556640625,0.99958426,501.00885009765625,889.5232543945312,0.9988752,500.9921875,893.97216796875,0.99857855,486.4300842285156,910.1889038085938,0.99862766,484.8790283203125,914.1129760742188,0.9984022,547.5820922851562,910.8369140625,0.9965166,549.7750244140625,915.5225830078125,0.99635005
44,471.7987365722656,616.7699584960938,0.99995935,469.6501159667969,608.1278686523438,0.9999461,469.5093994140625,608.1612548828125,0.9999435,469.2242736816406,608.1823120117188,0.99994075,466.2560729980469,607.3050537109375,0.9999528,464.2452697753906,606.6708374023438,0.99995387,461.5211486816406,606.0248413085938,0.9999553,453.46368408203125,608.658203125,0.99994266,447.4021911621094,606.6524658203125,0.99996674,466.14141845703125,625.84521484375,0.9999505,462.5408935546875,624.1422729492188,0.9999658,436.9217224121094,660.7648315429688,0.99996626,406.8878173828125,651.5702514648438,0.99999046,430.6590576171875,734.0922241210938,0.9994746,396.3128967285156,727.3988037109375,0.99972624,452.607666015625,778.7041015625,0.99790895,434.27667236328125,788.6276245117188,0.99931216,460.603515625,790.1973266601562,0.9970421,439.6844177246094,805.3331298828125,0.9987005,462.3289794921875,789.7772827148438,0.99729556,452.37652587890625,798.6002197265625,0.99890125,462.2254638671875,781.8091430664062,0.9976126,451.759033203125,795.6670532226562,0.999089,434.36419677734375,777.4700927734375,0.99984396,416.94281005859375,780.6083984375,0.99980587,535.1134033203125,792.1776733398438,0.99962735,528.337158203125,790.5341796875,0.9997241,502.59954833984375,889.8146362304688,0.9992505,500.69195556640625,894.0684814453125,0.99910307,487.6820068359375,910.0508422851562,0.99908185,484.45928955078125,913.8816528320312,0.99895966,549.1795654296875,910.6558227539062,0.997537,546.5748291015625,915.9268188476562,0.99750805
45,471.06005859375,616.8150024414062,0.9999635,469.0964050292969,608.108642578125,0.99994814,469.05572509765625,608.2045288085938,0.9999453,468.8653869628906,608.3256225585938,0.99994075,465.30828857421875,607.1884765625,0.9999567,463.05120849609375,606.6045532226562,0.99995804,460.27227783203125,606.0479125976562,0.99995804,452.67974853515625,609.2078857421875,0.9999385,446.3518981933594,606.85595703125,0.99996924,465.6054382324219,625.6648559570312,0.9999443,461.9646911621094,624.0414428710938,0.9999641,437.11419677734375,661.5128784179688,0.9999573,407.048583984375,652.3712768554688,0.9999907,430.89202880859375,734.8851318359375,0.9993563,396.1262512207031,727.0167236328125,0.9997198,453.08111572265625,779.2682495117188,0.99711037,433.525146484375,788.0223388671875,0.99918956,460.6036682128906,795.5209350585938,0.9959927,439.16119384765625,804.8912963867188,0.9984269,462.8002624511719,790.4415893554688,0.9962782,452.050537109375,797.9180297851562,0.99866986,462.6128234863281,787.8551025390625,0.99666256,451.4281005859375,794.8844604492188,0.99890554,434.97802734375,778.2101440429688,0.99983656,417.56622314453125,780.4653930664062,0.9998134,534.3162231445312,791.6464233398438,0.9996288,528.7642211914062,789.8724365234375,0.99974483,507.0635681152344,887.9447631835938,0.9992649,502.95574951171875,892.5140380859375,0.99922967,489.82373046875,908.4691772460938,0.99910307,483.20172119140625,912.1610107421875,0.9991272,549.781982421875,909.7536010742188,0.9973061,542.5347290039062,916.798583984375,0.9976586
46,471.6357116699219,617.3131713867188,0.9999517,470.0733337402344,608.4658813476562,0.99992967,470.1978759765625,608.556396484375,0.99992514,470.2296447753906,608.69921875,0.99991775,466.0776672363281,607.4342651367188,0.99993694,463.6565246582031,606.8272094726562,0.9999379,460.97479248046875,606.24267578125,0.9999379,454.3840637207031,609.5960693359375,0.9999151,446.8802185058594,606.9072875976562,0.9999502,466.1580505371094,626.2833862304688,0.99992096,462.2076721191406,624.6859130859375,0.9999505,437.292236328125,661.0526733398438,0.9999443,407.2057800292969,651.5514526367188,0.9999839,431.1852111816406,733.0469360351562,0.99937856,396.32330322265625,726.0482177734375,0.9996594,453.32861328125,773.763671875,0.99736834,433.3544616699219,787.6910400390625,0.99896777,461.127685546875,789.6682739257812,0.99629277,438.75726318359375,804.7254638671875,0.997981,462.46630859375,789.2275390625,0.9965436,451.7216491699219,798.1473999023438,0.99828595,462.37139892578125,780.89990234375,0.99690056,451.1896667480469,794.9144287109375,0.99856746,435.9378662109375,776.522705078125,0.9997818,416.4909973144531,777.474365234375,0.9996923,537.4224243164062,791.408447265625,0.9996513,523.139892578125,790.012451171875,0.9997508,507.7008361816406,887.7484130859375,0.99931216,498.95855712890625,896.0256958007812,0.9990601,493.72833251953125,907.4337768554688,0.9991239,483.17303466796875,914.4964599609375,0.99886644,554.0975341796875,908.4144287109375,0.9971328,541.9772338867188,916.624267578125,0.9969722
47,471.54443359375,617.6437377929688,0.99996734,469.9853210449219,608.8991088867188,0.9999535,470.1009216308594,608.9440307617188,0.9999509,470.0982360839844,608.9979858398438,0.99994934,465.9727783203125,608.0477294921875,0.9999567,463.75067138671875,607.3727416992188,0.9999573,460.87518310546875,606.7222290039062,0.99995565,454.1636962890625,609.47216796875,0.9999485,446.6364440917969,607.1842041015625,0.9999646,465.892578125,626.6708984375,0.99995124,461.7420959472656,624.9622802734375,0.99996674,437.7535400390625,661.001953125,0.9999671,406.5027160644531,651.5113525390625,0.9999877,431.950927734375,732.3402099609375,0.99958915,394.8627624511719,726.9830932617188,0.9997063,453.9676513671875,772.0506591796875,0.99851626,431.35736083984375,786.4429321289062,0.99921143,461.83636474609375,788.0315551757812,0.99779165,436.41619873046875,804.0126342773438,0.9984633,463.1788024902344,787.7715454101562,0.9979966,450.5927429199219,796.81787109375,0.9987356,462.8121643066406,779.3350219726562,0.99823856,448.92999267578125,793.68017578125,0.99895966,435.57672119140625,776.2791748046875,0.9998313,417.5682678222656,778.6448364257812,0.9997677,534.1897583007812,792.6500854492188,0.99971086,524.1077880859375,789.7109985351562,0.99978,508.53125,888.140625,0.9993228,502.05126953125,895.1002807617188,0.99918956,494.9593811035156,907.5596313476562,0.9991374,483.57257080078125,912.4949951171875,0.9990226,554.9319458007812,908.4759521484375,0.9973061,542.5728149414062,916.4313354492188,0.997399
48,471.44586181640625,617.5383911132812,0.9999603,469.9450988769531,608.826171875,0.9999398,470.05078125,608.929931640625,0.9999385,470.0723571777344,609.0477905273438,0.9999349,465.9819030761719,607.8465576171875,0.9999443,463.54241943359375,607.3177490234375,0.9999453,460.9753112792969,606.8131713867188,0.9999435,453.8117980957031,610.21435546875,0.9999318,446.7259216308594,607.7692260742188,0.9999546,466.0965270996094,626.6765747070312,0.99994075,462.0122985839844,624.9457397460938,0.99996114,439.3265380859375,661.883544921875,0.99996054,406.9927978515625,651.6560668945312,0.9999845,432.6723327636719,732.5259399414062,0.9995728,396.5518493652344,726.116455078125,0.99968004,454.3310546875,771.0230712890625,0.99837697,433.23809814453125,786.1415405273438,0.9991704,461.73016357421875,787.3265380859375,0.9976311,439.04583740234375,803.20556640625,0.9984207,463.2136535644531,786.9003295898438,0.99780875,451.64056396484375,799.6940307617188,0.9986749,462.6809997558594,778.5137939453125,0.9981104,449.7013854980469,793.3060302734375,0.9989141,439.1495666503906,774.902099609375,0.9998579,417.6655578613281,775.7192993164062,0.9997731,536.537353515625,792.5799560546875,0.9997868,522.93505859375,789.5094604492188,0.99983394,511.7035217285156,889.2266235351562,0.99948466,501.57733154296875,894.6285400390625,0.99925333,495.4783020019531,909.0054321289062,0.9992706,483.0118103027344,913.2945556640625,0.999049,555.1680297851562,910.7086791992188,0.9975751,541.527587890625,916.1200561523438,0.9974291
49,471.63970947265625,618.80078125,0.9999789,470.7201843261719,609.71728515625,0.9999646,471.0290832519531,609.8157348632812,0.9999621,471.3052673339844,609.9452514648438,0.99995804,466.2637023925781,608.814697265625,0.99996924,463.8941345214844,608.1216430664062,0.9999697,461.1924133300781,607.4265747070312,0.99996877,455.9432373046875,610.4287719726562,0.999956,447.0910949707031,607.7174072265625,0.9999751,466.10235595703125,627.6558837890625,0.99995863,461.8320617675781,626.1942138671875,0.99997497,439.1827392578125,661.0425415039062,0.9999627,406.7406311035156,651.0458984375,0.9999902,432.0016784667969,735.3994750976562,0.9995592,396.2110290527344,726.5928955078125,0.9997658,455.2259521484375,776.78466796875,0.99827254,435.0122985839844,786.0620727539062,0.9993068,461.8604736328125,792.8182373046875,0.9973888,440.3345031738281,802.692626953125,0.99854493,463.5966491699219,787.9028930664062,0.99758446,453.1418151855469,799.2391357421875,0.99879336,463.3724365234375,785.30224609375,0.99789256,452.7732849121094,792.5518798828125,0.99903405,439.41278076171875,775.680419921875,0.99980897,419.8477783203125,777.9966430664062,0.99976224,536.490234375,791.4003295898438,0.9996302,525.0779418945312,788.4640502929688,0.9997603,509.15496826171875,889.6322631835938,0.9991768,500.0875244140625,894.5578002929688,0.9990264,494.4564208984375,907.2645263671875,0.99893504,483.7662353515625,912.8773193359375,0.9988028,555.210205078125,911.1434936523438,0.9967524,542.1577758789062,919.0232543945312,0.9968149
50,472.1114501953125,619.1270751953125,0.99995697,470.62896728515625,610.343994140625,0.9999398,470.69744873046875,610.4168090820312,0.99994075,470.7217102050781,610.4843139648438,0.99993896,466.99627685546875,609.5260620117188,0.9999379,464.46368408203125,608.9024047851562,0.99993694,462.0972900390625,608.3173828125,0.9999324,454.6300964355469,611.0447387695312,0.99994266,448.0032043457031,608.897705078125,0.9999443,466.5180358886719,628.181396484375,0.9999398,462.6889953613281,626.9179077148438,0.99995244,438.8070068359375,662.218505859375,0.9999603,407.65570068359375,652.0704345703125,0.99997807,432.3523254394531,734.1121215820312,0.9995272,397.7445373535156,726.2535400390625,0.9995159,455.23004150390625,777.0798950195312,0.99824536,434.1148681640625,786.2969970703125,0.9988028,462.67779541015625,792.505615234375,0.997459,438.4411926269531,803.0509643554688,0.997917,464.2540588378906,787.6310424804688,0.99760324,452.0435791015625,799.1919555664062,0.99816847,463.7060852050781,779.8233032226562,0.99789256,450.1195068359375,792.9303588867188,0.9984633,437.1566467285156,776.0697631835938,0.99984276,419.2082214355469,777.4607543945312,0.9997198,533.8353271484375,791.4825439453125,0.9996898,523.4635009765625,788.5088500976562,0.9997408,510.1351013183594,888.5328369140625,0.9992679,501.9178466796875,892.4527587890625,0.99918324,495.7696838378906,906.3167724609375,0.9990746,485.6593322753906,912.068115234375,0.99901116,556.5507202148438,911.37890625,0.997065,544.4542846679688,917.3729858398438,0.99729556
51,471.58251953125,619.3884887695312,0.9999716,470.7412109375,610.5886840820312,0.9999553,471.04669189453125,610.6754150390625,0.9999517,471.3284606933594,610.7620849609375,0.99994695,466.4123840332031,609.521728515625,0.99995995,463.86859130859375,608.8907470703125,0.99996054,461.20855712890625,608.3373413085938,0.99995995,455.26220703125,611.251708984375,0.9999443,447.0038146972656,608.8238525390625,0.99996674,466.2975769042969,628.3949584960938,0.99994934,461.9503173828125,626.5233154296875,0.9999683,439.3952941894531,661.1409912109375,0.99995804,407.5299377441406,651.5990600585938,0.99998724,431.8272705078125,732.07421875,0.99950445,397.2192077636719,725.3428955078125,0.9997086,453.58123779296875,776.1270141601562,0.99787605,433.3147888183594,785.1260986328125,0.99911004,460.9668273925781,792.1234130859375,0.99680245,439.3234558105469,801.9359741210938,0.99821776,462.54095458984375,787.4237060546875,0.9970421,451.6923522949219,798.541748046875,0.998487,457.9868469238281,779.7423706054688,0.99740905,449.4279479980469,792.1402587890625,0.9987696,437.5672912597656,774.524658203125,0.9998191,420.0116271972656,774.29248046875,0.9997565,533.3783569335938,792.6961669921875,0.99968493,523.7294311523438,789.3446655273438,0.99978346,508.9367370605469,888.5379028320312,0.9993068,503.04290771484375,892.8287353515625,0.9991239,494.5215148925781,907.6348876953125,0.99909604,484.2944030761719,911.6212768554688,0.9989141,554.7146606445312,910.5020751953125,0.997065,542.8861083984375,917.7353515625,0.9969722
52,471.6739501953125,620.7072143554688,0.9999635,471.2710266113281,611.2883911132812,0.9999478,471.6250915527344,611.3699951171875,0.99994695,471.9440612792969,611.4964599609375,0.99994266,466.9022521972656,610.4468383789062,0.99994814,464.4297180175781,609.827880859375,0.9999478,461.78521728515625,609.1786499023438,0.9999443,456.3143005371094,611.5648803710938,0.9999478,447.3937683105469,609.048095703125,0.9999573,465.9678955078125,629.073486328125,0.99994075,461.49908447265625,627.6857299804688,0.999956,438.4825744628906,661.9468994140625,0.9999573,407.8278503417969,651.8112182617188,0.9999826,432.440185546875,736.0922241210938,0.9993255,396.59954833984375,726.9853515625,0.9994947,454.1143798828125,781.7001342773438,0.9968273,434.6832275390625,785.6880493164062,0.9983059,461.3592834472656,796.8447875976562,0.9952632,439.2178039550781,804.55908203125,0.9967013,462.8682861328125,793.55810546875,0.9955835,453.56365966796875,798.6369018554688,0.99719906,458.6401672363281,786.358642578125,0.9960083,450.8287353515625,792.102783203125,0.9976311,437.4383544921875,779.191650390625,0.9997428,420.1341552734375,779.6848754882812,0.99958104,537.4306030273438,790.04541015625,0.99940693,525.8662109375,787.8714599609375,0.99946004,510.1387023925781,887.8843383789062,0.99879813,501.5447692871094,892.8016967773438,0.99851626,492.210205078125,908.5137939453125,0.99857855,482.18988037109375,911.8981323242188,0.9984022,552.4896850585938,911.2208251953125,0.99583375,544.4293823242188,917.1046142578125,0.99608517
53,472.9202575683594,619.7801513671875,0.99995244,471.71270751953125,611.0674438476562,0.9999318,471.8539733886719,611.1507568359375,0.99993074,471.9626159667969,611.2296142578125,0.99992514,467.9349060058594,610.0775756835938,0.99993896,465.32940673828125,609.4755859375,0.9999374,462.9502868652344,608.9066772460938,0.9999379,456.12335205078125,611.6900024414062,0.9999274,448.921142578125,609.3470458984375,0.99995244,467.2462158203125,628.8683471679688,0.9999274,463.2278137207031,627.1541137695312,0.9999509,438.7776184082031,662.4048461914062,0.9999422,407.96881103515625,651.5250854492188,0.999984,432.3465576171875,733.9401245117188,0.9991239,397.0789489746094,725.75537109375,0.9995345,455.1062316894531,779.310546875,0.9954615,433.0057373046875,788.5347900390625,0.9984633,462.5817565917969,795.23486328125,0.99361163,437.4836730957031,805.4647216796875,0.997065,464.1833190917969,790.759521484375,0.994089,451.10821533203125,799.0145263671875,0.9974885,459.4736022949219,788.829833984375,0.99453074,449.3841857910156,795.7464599609375,0.99784267,436.0233459472656,777.762451171875,0.99971753,418.8120422363281,776.6966552734375,0.99960643,534.9296264648438,789.730712890625,0.9993857,524.87353515625,789.10595703125,0.9995308,506.143798828125,889.205322265625,0.99886644,501.9940490722656,893.974365234375,0.99863297,490.677978515625,908.1966552734375,0.9986749,485.395263671875,910.997314453125,0.9984633,551.84765625,912.8187866210938,0.99603915,544.6547241210938,919.5255126953125,0.9962346
54,471.86016845703125,620.630126953125,0.99996626,471.4540100097656,611.4827880859375,0.99995315,471.744873046875,611.5465087890625,0.9999502,471.967529296875,611.6344604492188,0.99994695,467.1535339355469,610.6103515625,0.99995804,464.8674011230469,609.92919921875,0.9999567,462.1019592285156,609.2147216796875,0.9999567,455.96173095703125,611.3095703125,0.999949,447.7312927246094,608.9788818359375,0.9999658,465.99249267578125,629.0723266601562,0.99995124,461.4987487792969,627.5979614257812,0.9999665,438.8208923339844,661.6599731445312,0.99996173,407.5777893066406,651.91943359375,0.9999851,431.85528564453125,732.9142456054688,0.99943405,396.2481384277344,726.2534790039062,0.9995778,453.8067321777344,773.2748413085938,0.99766773,431.2410583496094,787.03662109375,0.9987888,461.70703125,788.5823974609375,0.99648935,436.84619140625,803.9813232421875,0.9977216,463.1280822753906,788.6224975585938,0.996852,449.27496337890625,800.8300170898438,0.9980354,462.4006652832031,780.8236694335938,0.99723166,448.5526123046875,794.0795288085938,0.9983834,436.38909912109375,777.3982543945312,0.9997695,420.0243835449219,779.6024780273438,0.99966466,534.9942016601562,791.8125,0.9994536,529.0704956054688,789.4735717773438,0.999529,508.0999450683594,888.1036987304688,0.99884856,504.0632629394531,894.1848754882812,0.9986853,493.3351745605469,907.1888427734375,0.99861693,485.01806640625,911.30322265625,0.9985104,550.9373779296875,909.578369140625,0.99632156,548.3472290039062,914.6900634765625,0.99644804
55,473.49847412109375,620.2689819335938,0.9999398,471.92388916015625,611.3416748046875,0.99992275,471.9479675292969,611.3538208007812,0.99992156,471.93206787109375,611.3579711914062,0.99991846,468.5683288574219,610.6028442382812,0.99992514,465.9555358886719,610.0386352539062,0.99992394,463.5933837890625,609.5191040039062,0.99992275,455.55975341796875,612.1717529296875,0.99992037,449.444580078125,610.3007202148438,0.999936,467.6966247558594,629.4702758789062,0.9999138,463.83734130859375,628.126708984375,0.9999349,438.98504638671875,662.6187744140625,0.99994695,409.327392578125,652.6624145507812,0.9999763,432.39471435546875,733.935546875,0.9993228,397.24005126953125,726.1836547851562,0.9994363,454.36639404296875,777.40673828125,0.99712163,432.28656005859375,787.6468505859375,0.9984145,462.47735595703125,788.69921875,0.9960238,436.85052490234375,804.2623901367188,0.99719906,463.58349609375,788.3934326171875,0.9962638,450.80340576171875,800.7559204101562,0.99758446,462.9599609375,780.58642578125,0.9966102,448.8037109375,794.471923828125,0.99793327,437.0487060546875,777.4571533203125,0.99973875,419.1992492675781,779.86083984375,0.999566,534.8933715820312,791.9406127929688,0.99957615,524.4067993164062,789.3279418945312,0.99961555,510.2502136230469,888.407958984375,0.9992022,501.33447265625,894.8253784179688,0.9989392,496.1341552734375,906.3558349609375,0.99901116,485.0204162597656,913.1318969726562,0.9987696,554.95703125,911.1052856445312,0.9970536,542.7196655273438,915.9075317382812,0.9969126
56,473.51300048828125,620.2321166992188,0.99996495,472.4002380371094,611.5284423828125,0.999949,472.6112365722656,611.5379638671875,0.9999448,472.7956237792969,611.5807495117188,0.99994123,468.42327880859375,610.5731811523438,0.99995387,465.80560302734375,610.0286865234375,0.9999546,463.308349609375,609.5128173828125,0.9999542,456.15899658203125,612.1619262695312,0.99993896,449.3454284667969,610.0733032226562,0.9999641,467.5786437988281,629.2794799804688,0.99993896,463.63055419921875,627.452392578125,0.9999615,439.1309814453125,661.26953125,0.9999502,409.37725830078125,651.7435913085938,0.9999862,432.0052795410156,733.8866577148438,0.99942744,395.8095397949219,726.1688842773438,0.9996402,454.41387939453125,774.118896484375,0.9972531,432.4089660644531,787.7490844726562,0.998862,461.87677001953125,789.7906494140625,0.99603915,436.71820068359375,804.3802490234375,0.9977569,463.3689880371094,789.296630859375,0.9962638,450.46343994140625,801.1513671875,0.9981324,463.0688781738281,781.7222290039062,0.99666256,448.77740478515625,795.0578002929688,0.99843305,436.9482421875,775.6442260742188,0.99977654,418.70245361328125,776.4093627929688,0.9996971,534.5985107421875,792.4392700195312,0.99966073,523.8556518554688,790.5679321289062,0.99974877,509.1281433105469,886.2666625976562,0.99938333,499.169189453125,895.0631713867188,0.9990854,495.4975891113281,905.7653198242188,0.9992053,483.42388916015625,913.6714477539062,0.9988927,553.5474853515625,907.8818969726562,0.9975466,540.6165771484375,915.9846801757812,0.9971661
57,473.7243347167969,621.9841918945312,0.9999521,472.7341003417969,612.5423583984375,0.9999324,472.9342041015625,612.5247192382812,0.9999349,473.0936584472656,612.4854736328125,0.9999318,468.82281494140625,611.8548583984375,0.9999318,466.38214111328125,611.1808471679688,0.99993074,464.0125732421875,610.5211791992188,0.9999263,456.8613586425781,612.5289306640625,0.9999349,449.94439697265625,610.5113525390625,0.99994075,468.00244140625,630.3626098632812,0.9999329,464.093017578125,629.118408203125,0.9999485,440.08978271484375,663.5006713867188,0.999959,408.9006652832031,652.1448974609375,0.99997807,432.8699951171875,737.3434448242188,0.9994684,395.735595703125,726.0481567382812,0.9994536,452.90380859375,779.2786865234375,0.997917,431.6114196777344,786.49609375,0.9985562,459.93701171875,794.8948974609375,0.9969246,436.1295166015625,802.99365234375,0.9974291,461.2093505859375,795.0564575195312,0.99711037,449.0133056640625,800.0863037109375,0.9978173,457.0422668457031,788.0665893554688,0.99746895,448.1926574707031,793.3548583984375,0.9981541,437.6687316894531,776.0780029296875,0.9998134,418.6193542480469,778.572265625,0.9996699,536.825439453125,791.4508666992188,0.99970406,523.6774291992188,789.5997314453125,0.9997546,509.7080078125,888.30908203125,0.9994116,498.9608459472656,894.5809326171875,0.9991704,495.6604309082031,905.7369384765625,0.99923575,483.11383056640625,912.6734008789062,0.99895966,553.9656982421875,910.5077514648438,0.99758446,540.92333984375,919.0,0.99723166
58,473.90863037109375,620.5286865234375,0.99995315,472.46649169921875,611.5996704101562,0.9999324,472.57757568359375,611.6085205078125,0.9999318,472.6143798828125,611.640380859375,0.9999286,468.644287109375,610.7357177734375,0.999936,466.1534729003906,610.1685791015625,0.999936,463.78753662109375,609.6396484375,0.9999335,456.51116943359375,612.4758911132812,0.99993074,450.0588684082031,610.3737182617188,0.9999478,468.39520263671875,629.6265258789062,0.99993134,464.62603759765625,627.9669189453125,0.99994934,440.3786926269531,663.9391479492188,0.99995565,409.2203063964844,652.5061645507812,0.99998176,432.8879699707031,734.3152465820312,0.99947256,397.558837890625,725.2749633789062,0.99960023,454.2376708984375,777.4105224609375,0.99788433,432.7906494140625,786.8919677734375,0.99876,461.255615234375,788.876220703125,0.9970536,436.8450622558594,803.5506591796875,0.9976769,462.5362243652344,788.6132202148438,0.99718815,450.9118957519531,800.3154907226562,0.99801993,462.27545166015625,780.545166015625,0.99749833,448.70697021484375,793.876220703125,0.998345,438.2671813964844,776.2843017578125,0.9998029,419.8677673339844,778.7160034179688,0.9996923,536.9171142578125,791.6083984375,0.9996898,524.2039794921875,791.4266967773438,0.9997527,509.1179504394531,888.4116821289062,0.9994429,502.70892333984375,894.1607666015625,0.9991736,495.18603515625,908.038818359375,0.9992792,484.0916748046875,912.7930908203125,0.99899167,554.3810424804688,909.5031127929688,0.9977743,541.06591796875,917.9818115234375,0.9974491
59,473.73846435546875,621.7513427734375,0.99994266,473.2046203613281,612.3975219726562,0.99992514,473.4959716796875,612.375244140625,0.99992454,473.76953125,612.3554077148438,0.99992156,469.0994873046875,611.6911010742188,0.9999263,466.5913391113281,611.0125732421875,0.9999269,464.2038269042969,610.3320922851562,0.99992275,457.9654541015625,612.2531127929688,0.99992573,450.4855041503906,610.2718505859375,0.9999403,467.8048095703125,630.1387329101562,0.99992156,463.6838684082031,628.8107299804688,0.9999435,438.63720703125,662.7489013671875,0.9999528,409.69915771484375,652.4264526367188,0.9999815,432.53192138671875,736.5185546875,0.9993487,396.2126770019531,726.6845703125,0.9995178,454.3302917480469,778.292236328125,0.9970421,433.3728942871094,787.5809326171875,0.9986223,461.7357177734375,793.9600219726562,0.99583375,437.64068603515625,804.3623657226562,0.9974491,463.54583740234375,789.2533569335938,0.99605453,451.2851867675781,801.0072631835938,0.99783427,463.2895812988281,786.6214599609375,0.9964342,449.461669921875,794.5021362304688,0.99816847,436.1849365234375,777.0899658203125,0.9997868,415.7840576171875,779.0614013671875,0.9996499,537.8862915039062,789.6699829101562,0.9995609,524.6405029296875,788.9087524414062,0.9996288,510.2099304199219,887.013916015625,0.99918956,500.6125793457031,894.24365234375,0.99895966,495.73956298828125,906.6241455078125,0.9990264,484.1650695800781,913.2968139648438,0.998835,551.6571655273438,911.69873046875,0.99694854,541.5076293945312,919.179443359375,0.9970305
60,474.86248779296875,621.4822387695312,0.99995494,473.6481628417969,612.7460327148438,0.9999349,473.744140625,612.7646484375,0.9999329,473.8192443847656,612.7628173828125,0.9999286,470.2851257324219,611.7986450195312,0.9999379,467.6972961425781,611.1597900390625,0.9999385,465.3896179199219,610.6104736328125,0.999936,457.9576416015625,613.0366821289062,0.9999318,451.7319641113281,610.9273681640625,0.9999528,468.9843444824219,630.4991455078125,0.9999329,465.2919921875,628.7686767578125,0.99995387,440.17034912109375,663.9536743164062,0.9999478,409.21990966796875,652.4784545898438,0.9999862,431.481689453125,734.7001953125,0.99942076,396.5992126464844,726.1521606445312,0.9996526,454.1999816894531,779.585693359375,0.99740905,431.99005126953125,787.3159790039062,0.99899167,460.79974365234375,795.4072265625,0.99632156,435.82244873046875,804.201171875,0.9979652,461.95587158203125,795.7881469726562,0.9964619,449.98114013671875,800.9658203125,0.99828595,462.3177490234375,788.1917114257812,0.99686414,448.2405090332031,794.6795043945312,0.99857855,438.84271240234375,776.8971557617188,0.99981767,417.63385009765625,779.94873046875,0.9997508,538.28759765625,790.2965087890625,0.99959236,522.5118408203125,790.066650390625,0.99972194,508.93243408203125,885.9537353515625,0.9993881,497.05084228515625,894.441162109375,0.999071,494.3952331542969,904.9985961914062,0.99927634,481.3654479980469,912.5840454101562,0.9989434,548.4713745117188,908.94873046875,0.9978002,539.0798950195312,916.8021240234375,0.997358
61,474.7574462890625,622.1207885742188,0.9999629,474.0169677734375,612.6940307617188,0.9999485,474.1726379394531,612.680419921875,0.99994814,474.2936706542969,612.6651000976562,0.99994695,470.27105712890625,611.8704223632812,0.9999485,467.7748718261719,611.140380859375,0.9999478,465.5005187988281,610.40087890625,0.9999461,458.14208984375,612.2730712890625,0.99995315,451.8064880371094,610.2601928710938,0.99995935,468.48785400390625,630.5938720703125,0.99995315,464.6407470703125,629.2324829101562,0.99996436,439.2709045410156,661.8128662109375,0.9999716,410.15777587890625,652.0023803710938,0.99998677,430.89837646484375,734.132568359375,0.9995453,395.5877685546875,726.4724731445312,0.99958426,452.1644287109375,777.6630249023438,0.9982248,430.9657897949219,786.88623046875,0.9988305,459.8641357421875,794.0347290039062,0.99736834,436.4440002441406,804.072509765625,0.9978258,461.7515563964844,789.4774780273438,0.9975751,449.2793884277344,800.9939575195312,0.9981756,457.46563720703125,781.4072265625,0.9978677,448.603759765625,794.1585693359375,0.9984812,435.4346923828125,777.1096801757812,0.9998416,419.68572998046875,779.3504028320312,0.99974483,534.210693359375,790.8939819335938,0.99961406,524.1187744140625,790.0023193359375,0.99966204,506.3489990234375,888.9456787109375,0.99909246,499.8545837402344,894.2273559570312,0.99897975,491.8331298828125,908.4312133789062,0.9988927,483.36376953125,912.389892578125,0.9988305,549.283203125,909.744384765625,0.9967269,541.4295654296875,917.1114501953125,0.99693656
62,475.683837890625,621.5973510742188,0.9999707,474.3235168457031,612.2918090820312,0.9999573,474.4857482910156,612.2742919921875,0.9999573,474.64459228515625,612.2273559570312,0.999956,470.918701171875,611.4486083984375,0.99995863,468.29412841796875,610.7998657226562,0.99995863,465.90655517578125,610.2777709960938,0.9999567,458.576416015625,612.7388305664062,0.99995863,452.49481201171875,610.8450317382812,0.999966,469.7115478515625,630.7698364257812,0.99995935,465.9219970703125,629.2005615234375,0.9999707,440.9705505371094,663.4902954101562,0.99997306,411.08966064453125,652.2276611328125,0.99998856,432.6523132324219,735.62841796875,0.99966466,396.15618896484375,726.8963012695312,0.9997063,454.42657470703125,777.8614501953125,0.9987453,431.88604736328125,786.587646484375,0.9992206,461.5914001464844,789.9255981445312,0.99813974,437.4566650390625,803.8419189453125,0.99852777,463.13482666015625,789.478759765625,0.9982248,451.2309265136719,800.2872314453125,0.9987551,462.9794921875,781.3624267578125,0.9984988,449.5810852050781,793.883056640625,0.9989759,439.408935546875,776.2963256835938,0.9999069,419.2453918457031,776.1644897460938,0.9998523,536.9873657226562,792.3712158203125,0.99981767,523.6351928710938,789.353759765625,0.99986553,509.25823974609375,887.8699951171875,0.9996049,498.98828125,894.5753173828125,0.99947256,495.2890625,906.913818359375,0.99946636,483.220947265625,913.1998901367188,0.9993175,554.7267456054688,909.1566772460938,0.9982039,540.2628784179688,916.978271484375,0.9981178
63,476.1047668457031,622.399169921875,0.99995863,475.0636901855469,612.8408203125,0.9999448,475.0137634277344,612.7151489257812,0.9999461,474.9192199707031,612.5783081054688,0.9999443,472.0043640136719,612.29345703125,0.9999435,469.5853271484375,611.7514038085938,0.9999417,467.3431701660156,611.1458129882812,0.9999398,458.7356262207031,612.0484619140625,0.9999509,453.69512939453125,610.783203125,0.9999546,469.390380859375,630.6078491210938,0.99994934,466.0254821777344,629.3844604492188,0.99995863,439.43804931640625,661.40087890625,0.99996996,412.16925048828125,651.5929565429688,0.9999865,431.72705078125,734.7600708007812,0.999554,398.95855712890625,725.7245483398438,0.99960953,454.0525817871094,779.2653198242188,0.998147,434.2591247558594,786.791748046875,0.9988028,460.8848571777344,795.1211547851562,0.99723166,440.2813415527344,803.4864501953125,0.99779165,462.25518798828125,795.6902465820312,0.997358,452.6356201171875,800.8914184570312,0.998103,458.74029541015625,788.5470581054688,0.9976859,452.03118896484375,794.4656982421875,0.9983897,437.09674072265625,775.9943237304688,0.9998511,420.5128173828125,778.604248046875,0.9997677,535.2296752929688,791.788818359375,0.99962294,525.7552490234375,789.4618530273438,0.99967754,510.2099304199219,887.7672119140625,0.99922967,499.18682861328125,896.1256713867188,0.9990601,496.0509033203125,906.7966918945312,0.9990527,483.4703063964844,914.0734252929688,0.99890983,554.5865478515625,908.6961669921875,0.9973374,541.08349609375,916.9092407226562,0.99731654
64,477.15032958984375,621.4376831054688,0.99994266,475.691162109375,612.4225463867188,0.99991775,475.71295166015625,612.3910522460938,0.99992037,475.73974609375,612.3202514648438,0.9999151,472.8937683105469,611.4844360351562,0.99991965,470.571044921875,610.7186889648438,0.99992037,468.1836853027344,610.0448608398438,0.99991906,460.57080078125,612.0343017578125,0.99992096,454.8511047363281,610.005126953125,0.9999355,470.8681640625,630.3751831054688,0.99992394,467.20233154296875,628.759765625,0.9999453,441.2066345214844,661.8967895507812,0.99995244,411.8159484863281,652.3006591796875,0.99998033,432.8943786621094,733.8504028320312,0.99942076,398.88397216796875,725.8671875,0.9995141,454.7824401855469,776.689697265625,0.9976859,434.9681396484375,786.4076538085938,0.9986223,462.1737976074219,788.4031982421875,0.99680245,440.6743469238281,803.26904296875,0.9974491,463.391357421875,787.854248046875,0.99694854,453.33184814453125,800.140869140625,0.9978677,463.29962158203125,779.7427978515625,0.99722075,452.68621826171875,793.5841674804688,0.9981828,436.8308410644531,775.9290161132812,0.9997508,418.8480529785156,777.9568481445312,0.9995728,537.01220703125,792.0401611328125,0.9995695,524.2487182617188,790.6554565429688,0.99960643,509.5791320800781,889.1668701171875,0.999089,502.5114440917969,894.125,0.9988121,495.4181213378906,908.3973388671875,0.99886644,483.427978515625,912.6344604492188,0.9986223,555.0496826171875,910.6487426757812,0.9966756,541.40087890625,918.5382080078125,0.99668854
65,477.0098876953125,621.886962890625,0.99996233,475.680419921875,612.4076538085938,0.99995124,475.5809631347656,612.2634887695312,0.9999502,475.4012451171875,612.081298828125,0.99994934,472.5538024902344,611.9012451171875,0.99995244,470.1440124511719,611.3072509765625,0.9999509,467.927490234375,610.7093505859375,0.99995124,459.41986083984375,611.6480712890625,0.9999517,454.18304443359375,610.649658203125,0.99996173,470.4047546386719,630.2000732421875,0.999949,466.98748779296875,628.9403076171875,0.99996173,440.2615661621094,660.6907958984375,0.9999641,413.4429626464844,651.8251953125,0.9999865,432.1558837890625,732.6737670898438,0.99950445,399.2474670410156,726.4498291015625,0.99961996,453.4598083496094,776.905029296875,0.9979412,435.86859130859375,786.2298583984375,0.9989225,461.2657165527344,787.9822998046875,0.99711037,440.5953369140625,803.072265625,0.99801993,462.44384765625,787.9820556640625,0.9972531,453.5289306640625,799.8494262695312,0.998319,462.561767578125,779.9828491210938,0.9975466,453.20654296875,793.1893920898438,0.9985896,437.3492431640625,775.9110717773438,0.99983656,421.0589599609375,778.9125366210938,0.99974877,537.3763427734375,791.9788818359375,0.99959236,528.5547485351562,789.6162109375,0.9996699,507.5935363769531,887.27099609375,0.9992735,498.416015625,895.8353881835938,0.99907815,493.2912902832031,906.8558959960938,0.99911696,482.9347839355469,912.0942993164062,0.9989225,548.4974365234375,908.4503173828125,0.99740905,541.04296875,916.1459350585938,0.99727446
66,478.73406982421875,621.33251953125,0.99996233,477.26861572265625,612.310791015625,0.9999461,477.2180480957031,612.2838745117188,0.9999461,477.1866455078125,612.18798828125,0.99994564,474.5897521972656,611.3299560546875,0.99994695,472.3621520996094,610.5343627929688,0.999944,469.99261474609375,609.8284912109375,0.9999435,461.9108581542969,611.492919921875,0.9999509,456.3704833984375,609.571044921875,0.9999567,472.40777587890625,630.28759765625,0.99995387,468.73516845703125,628.5928955078125,0.99996495,442.5600891113281,661.456298828125,0.9999716,412.9023132324219,650.8911743164062,0.999987,434.45550537109375,733.5987548828125,0.9995827,400.54296875,725.6030883789062,0.9996288,456.14013671875,776.960693359375,0.99835795,435.73016357421875,786.3829345703125,0.9988927,463.1045837402344,788.4784545898438,0.99750805,441.2711181640625,803.5928344726562,0.99780875,464.6579284667969,788.0613403320312,0.9976586,454.0387268066406,800.5950927734375,0.9981614,464.5865173339844,780.1038208007812,0.9979652,452.2411193847656,794.0869750976562,0.998487,438.1082458496094,775.0957641601562,0.9998233,420.3267822265625,777.7303466796875,0.9997017,534.4421997070312,791.9970703125,0.9996018,524.9840087890625,789.2045288085938,0.9996259,508.5757141113281,888.8341064453125,0.99913067,499.9490966796875,894.90283203125,0.9988305,493.83087158203125,906.3196411132812,0.99890125,483.9190368652344,912.5364379882812,0.9986541,550.4164428710938,911.2952880859375,0.9966756,541.8580322265625,919.1212768554688,0.9966756
67,478.3858947753906,622.51318359375,0.9999738,477.1142272949219,612.8317260742188,0.9999641,476.986328125,612.7159423828125,0.9999646,476.806640625,612.5757446289062,0.9999641,474.31695556640625,612.1673583984375,0.9999635,471.9620666503906,611.5912475585938,0.99996233,469.746337890625,610.9638061523438,0.9999609,461.5079650878906,611.9013061523438,0.99996877,456.5340576171875,610.8211059570312,0.9999709,471.7958068847656,630.3952026367188,0.9999676,468.4269714355469,629.1080932617188,0.99997413,442.0467529296875,660.138427734375,0.99998045,415.0582275390625,651.2924194335938,0.9999908,433.1823425292969,733.5499267578125,0.99968493,399.3567810058594,726.3963012695312,0.9997017,455.2161560058594,776.6107177734375,0.99879813,436.7112731933594,785.4916381835938,0.99913067,462.3133850097656,788.0699462890625,0.9981614,442.13525390625,802.7255859375,0.9983125,463.5664367675781,787.8807373046875,0.99828595,454.92413330078125,799.26611328125,0.9985952,463.59991455078125,779.6591186523438,0.9985221,454.53436279296875,792.5513305664062,0.99883956,437.1660461425781,775.2308349609375,0.99990463,421.7386779785156,778.0360717773438,0.99984527,535.6708984375,790.5725708007812,0.99968743,530.0177612304688,789.1419677734375,0.99973875,508.946044921875,887.6923828125,0.99929583,499.8350830078125,895.14208984375,0.9991736,494.22528076171875,906.7332763671875,0.9991374,483.86651611328125,911.1526489257812,0.9990264,553.5696411132812,909.1193237304688,0.99740905,541.745361328125,917.0805053710938,0.99740905
68,480.001953125,621.5076904296875,0.9999707,478.76910400390625,612.2557373046875,0.99995804,478.8127136230469,612.1640625,0.9999567,478.84686279296875,612.0075073242188,0.9999553,475.9532775878906,611.3656616210938,0.99995935,473.732421875,610.5656127929688,0.9999584,471.34088134765625,609.8350830078125,0.9999577,464.62286376953125,611.1325073242188,0.99995804,457.972412109375,609.3504638671875,0.99996734,473.9075622558594,630.161376953125,0.99995804,470.0230712890625,628.58642578125,0.99997044,443.70892333984375,661.7058715820312,0.9999716,413.8008728027344,651.4873657226562,0.9999888,434.7973327636719,734.2012939453125,0.99960023,401.3909912109375,727.101806640625,0.9996724,456.01708984375,777.4777221679688,0.998345,438.4810791015625,786.057861328125,0.9991991,462.8778991699219,793.77685546875,0.9975274,444.07110595703125,804.9615478515625,0.9984145,464.5112609863281,788.7074584960938,0.9976769,457.2786560058594,799.6295776367188,0.9986802,464.56365966796875,780.6475219726562,0.9979493,455.67633056640625,793.1892700195312,0.9988927,437.75555419921875,774.9985961914062,0.9998766,419.33831787109375,778.0728759765625,0.99979013,538.6785888671875,790.3971557617188,0.9996923,524.58251953125,789.2567138671875,0.99971753,509.4787902832031,887.0933837890625,0.9994947,498.934814453125,893.5016479492188,0.99929035,494.9765319824219,905.6028442382812,0.99936134,482.841064453125,912.0663452148438,0.9991928,553.0344848632812,911.372314453125,0.9980354,539.9803466796875,919.9403686523438,0.9979966
69,480.6780090332031,622.514404296875,0.999972,479.17120361328125,612.999755859375,0.9999629,478.877197265625,612.8208618164062,0.99996114,478.50689697265625,612.594970703125,0.9999596,476.7200622558594,612.433349609375,0.9999641,474.4007873535156,611.8521118164062,0.9999646,472.11114501953125,611.198486328125,0.9999641,463.3309326171875,611.6507568359375,0.99996114,458.5523681640625,610.8121948242188,0.9999738,473.69744873046875,630.4087524414062,0.99996233,470.4629821777344,629.1435546875,0.99997246,442.8758239746094,659.9945068359375,0.9999707,416.5222473144531,651.5111694335938,0.99999213,433.3805847167969,733.5533447265625,0.9995827,401.91693115234375,726.0411987304688,0.9997713,454.01617431640625,777.4671630859375,0.9984145,439.305908203125,786.2178344726562,0.9992735,461.33526611328125,793.5322875976562,0.99783427,445.6330871582031,802.304443359375,0.99861693,463.2647399902344,788.29736328125,0.99793327,457.2146301269531,798.6754150390625,0.9988305,463.14019775390625,785.9027709960938,0.9981178,455.9900207519531,792.8291625976562,0.999015,442.2469787597656,776.6493530273438,0.9998969,423.7738952636719,780.9422607421875,0.9998776,541.6864624023438,791.8301391601562,0.99968004,530.4449462890625,790.021728515625,0.9997851,507.56646728515625,887.1573486328125,0.9995592,496.7463684082031,895.6895141601562,0.9994493,493.26806640625,903.65185546875,0.9994766,481.0316162109375,911.6204223632812,0.99936134,548.0106201171875,909.4913940429688,0.99843913,539.503662109375,916.6307983398438,0.9983516
70,481.9094543457031,621.0299682617188,0.9999517,480.335205078125,612.0518798828125,0.9999379,480.2576599121094,611.9519653320312,0.9999374,480.1815490722656,611.8023681640625,0.9999374,477.57659912109375,611.2509155273438,0.99993646,475.19537353515625,610.5072631835938,0.99993396,472.8468017578125,609.8306884765625,0.9999318,465.0402526855469,611.0770874023438,0.99994695,459.4120788574219,609.531982421875,0.999949,475.44256591796875,629.719482421875,0.99994266,471.81640625,628.2093505859375,0.99995315,444.23583984375,659.8585815429688,0.9999654,416.9780578613281,651.8800048828125,0.9999845,436.68359375,734.1983032226562,0.99936384,404.1269836425781,726.845947265625,0.9994429,457.4075622558594,779.8196411132812,0.99711037,441.0641784667969,787.6055908203125,0.9984812,465.6330261230469,795.58544921875,0.99583375,445.314697265625,805.3428955078125,0.99732697,466.88128662109375,795.8665161132812,0.99611557,458.8981018066406,802.5206298828125,0.9976859,463.1908264160156,789.0349731445312,0.9965166,456.7337341308594,795.7169799804688,0.9979888,439.77685546875,777.2947998046875,0.99984884,422.0129089355469,778.9534301757812,0.99972624,537.25732421875,789.46337890625,0.9995234,528.0087890625,789.1956787109375,0.99954176,504.7590026855469,888.4717407226562,0.99926203,503.37799072265625,892.91259765625,0.999089,489.2079772949219,907.8522338867188,0.9991441,484.77655029296875,911.2891235351562,0.9990226,548.525390625,912.634033203125,0.99746895,542.6348876953125,916.6808471679688,0.9975466
71,482.33465576171875,622.9390258789062,0.9999596,481.00537109375,613.2150268554688,0.999949,480.67742919921875,613.01904296875,0.99994934,480.2838134765625,612.790283203125,0.99994934,478.5641174316406,612.5947265625,0.999949,476.3394775390625,612.0036010742188,0.99994695,474.1675109863281,611.35205078125,0.9999461,464.47515869140625,611.6209106445312,0.9999535,460.5745544433594,610.8409423828125,0.99995935,475.0180358886719,630.7095336914062,0.999949,472.2154541015625,629.5645141601562,0.99995804,443.21063232421875,659.6939697265625,0.9999697,418.65283203125,651.60400390625,0.99998796,435.2538757324219,733.5470581054688,0.9995327,403.652099609375,725.6676025390625,0.9996513,456.25262451171875,778.9625244140625,0.99808073,440.38092041015625,787.3916625976562,0.9990415,464.45855712890625,794.4609375,0.99722075,446.43914794921875,804.172607421875,0.9982317,466.16998291015625,788.8634033203125,0.9973786,459.22735595703125,800.760498046875,0.99847525,461.7601318359375,787.1101684570312,0.99762183,457.7085266113281,794.4461059570312,0.9987005,440.0296630859375,776.4891357421875,0.9998876,423.8676452636719,779.923828125,0.999826,540.8413696289062,789.840087890625,0.9996567,527.3676147460938,789.06640625,0.99968255,510.1607360839844,887.525634765625,0.9994684,499.06475830078125,893.6683349609375,0.99926203,492.889892578125,906.7437133789062,0.99933845,483.06427001953125,911.6216430664062,0.99914074,551.8218994140625,910.6119995117188,0.99804294,542.9318237304688,917.0359497070312,0.99788433
72,484.50335693359375,621.900390625,0.9999502,483.0657043457031,612.6610717773438,0.9999349,483.0024719238281,612.5394287109375,0.99993396,482.9468078613281,612.3460693359375,0.9999292,480.4029541015625,611.9298095703125,0.99993896,478.2772521972656,611.2139892578125,0.99993896,475.8945007324219,610.5076293945312,0.9999398,468.29437255859375,611.6189575195312,0.99993396,462.6214599609375,610.1460571289062,0.9999546,477.946044921875,630.6238403320312,0.9999286,474.384765625,629.0790405273438,0.9999502,445.82568359375,659.4518432617188,0.9999497,419.1201477050781,652.8153686523438,0.9999846,436.8326416015625,733.863037109375,0.9993436,404.70965576171875,726.485595703125,0.99960953,456.8737487792969,779.7853393554688,0.9971439,441.5449523925781,787.0647583007812,0.9989392,464.41748046875,795.8291015625,0.9959927,447.21881103515625,803.881103515625,0.9979007,465.2590637207031,795.7996826171875,0.9961755,460.2030029296875,800.0254516601562,0.9982248,466.0312805175781,787.9583129882812,0.9965166,458.6580810546875,793.8893432617188,0.998487,444.24017333984375,777.0245361328125,0.99980587,425.0350036621094,780.6358032226562,0.99972194,540.6555786132812,789.9605102539062,0.9995234,528.0615844726562,789.4454956054688,0.999617,509.400146484375,888.7634887695312,0.9993175,499.6706848144531,896.3250122070312,0.9990854,491.7977294921875,907.9364013671875,0.9991704,483.3365783691406,914.335205078125,0.99895155,549.9568481445312,913.6986083984375,0.9975274,542.4854125976562,917.556640625,0.99750805
73,485.1870422363281,622.3392944335938,0.99995387,483.7981262207031,613.01708984375,0.9999398,483.6451721191406,612.8905639648438,0.9999379,483.45587158203125,612.7272338867188,0.99993694,481.08221435546875,612.2986450195312,0.999944,478.68206787109375,611.6605834960938,0.9999422,476.28277587890625,610.9213256835938,0.999944,467.9077453613281,611.3770751953125,0.9999435,462.7467346191406,610.1162109375,0.9999596,478.45013427734375,630.3101806640625,0.999943,474.821044921875,628.9757690429688,0.9999573,446.25469970703125,660.0079345703125,0.9999615,420.9059753417969,651.5308227539062,0.9999882,438.1102600097656,733.3262329101562,0.9993436,406.1572570800781,726.7185668945312,0.9996018,457.1417541503906,778.9371948242188,0.99712163,443.3623046875,786.6810302734375,0.99890125,460.344970703125,795.5742797851562,0.9959927,449.0711669921875,803.6336669921875,0.9980045,462.3673400878906,790.4701538085938,0.9962638,461.23358154296875,800.4506225585938,0.9982926,462.3519592285156,787.70556640625,0.9965837,460.5374755859375,793.9940185546875,0.9985335,440.43865966796875,777.5825805664062,0.99985576,425.4906311035156,780.2136840820312,0.99978846,538.3631591796875,789.4915161132812,0.9994887,532.2634887695312,789.5299072265625,0.999554,505.10113525390625,888.1455078125,0.9992175,503.9635314941406,891.7835693359375,0.9989837,487.21630859375,905.1267700195312,0.99908185,485.4581298828125,911.2948608398438,0.9988927,547.8329467773438,909.97265625,0.99750805,546.4050903320312,915.3945922851562,0.99743915
74,487.3091735839844,621.9061889648438,0.99996173,485.98193359375,612.7633666992188,0.9999461,485.9777526855469,612.6041259765625,0.9999435,485.968505859375,612.3660278320312,0.9999417,483.187744140625,611.9932250976562,0.9999517,481.05853271484375,611.2280883789062,0.99995124,478.6432189941406,610.5261840820312,0.9999517,471.07904052734375,611.4473876953125,0.9999435,465.3856201171875,610.156982421875,0.9999635,480.8043518066406,630.780517578125,0.99994075,476.97113037109375,628.97314453125,0.99995935,448.9490051269531,659.2236938476562,0.9999567,422.560546875,651.4445190429688,0.9999877,438.9888610839844,732.7401123046875,0.9993687,406.20831298828125,726.1143798828125,0.99966073,458.8173522949219,779.400390625,0.997065,442.7344055175781,785.9461059570312,0.99901116,466.0018310546875,794.7997436523438,0.99583375,448.7269287109375,802.8362426757812,0.9980882,467.4232482910156,790.5360107421875,0.99608517,460.43438720703125,799.9686279296875,0.9983516,467.7021179199219,783.0445556640625,0.9964204,459.778564453125,793.5386352539062,0.998606,444.8368835449219,776.1177978515625,0.99986017,425.9601745605469,779.5064086914062,0.99980587,540.7177124023438,790.0743408203125,0.99957937,527.887939453125,789.1105346679688,0.9996724,509.7350158691406,887.2113037109375,0.99942076,501.7966003417969,895.0525512695312,0.9991704,492.50872802734375,906.4915771484375,0.99929035,484.2538757324219,911.906005859375,0.99903405,550.3779296875,913.5556640625,0.99787605,542.7673950195312,917.5147094726562,0.9975466
75,488.1121520996094,623.870849609375,0.9999461,486.7193298339844,613.8990478515625,0.99993443,486.4072570800781,613.6665649414062,0.9999318,485.9980163574219,613.3889770507812,0.9999318,483.982666015625,613.4780883789062,0.999936,481.7873840332031,612.9556884765625,0.9999349,479.7269287109375,612.4019775390625,0.999936,470.31964111328125,612.1659545898438,0.9999398,466.0287780761719,611.624267578125,0.9999528,481.1416015625,631.2461547851562,0.99993396,478.1717529296875,630.247314453125,0.9999473,446.5438537597656,657.806884765625,0.99996436,424.4944152832031,651.47412109375,0.9999877,439.20208740234375,733.2998657226562,0.99943846,407.5729675292969,726.372314453125,0.9996486,458.78564453125,778.8810424804688,0.99776566,444.7704772949219,786.0060424804688,0.99895155,466.46142578125,794.3399047851562,0.9969246,450.9769287109375,803.0166625976562,0.99812514,468.09613037109375,789.364013671875,0.9970879,463.47784423828125,799.9644775390625,0.9984022,467.9683532714844,786.6587524414062,0.9973061,461.84088134765625,793.4270629882812,0.99861145,441.1640930175781,777.1980590820312,0.9998945,427.9521179199219,779.5780029296875,0.99986124,539.269287109375,790.4107666015625,0.999554,534.4193725585938,788.473388671875,0.99961853,503.95770263671875,888.2945556640625,0.99938333,502.9449462890625,892.0196533203125,0.9993228,488.9023132324219,904.438720703125,0.99930406,484.58673095703125,907.4359130859375,0.9992706,544.7841186523438,912.083740234375,0.9981614,542.9700317382812,917.6245727539062,0.99823856
76,490.89227294921875,622.6136474609375,0.9999292,489.4065856933594,613.6032104492188,0.99991107,489.3124694824219,613.4426879882812,0.9999069,489.20574951171875,613.2172241210938,0.99990606,486.83978271484375,612.909423828125,0.99991655,484.7000427246094,612.20361328125,0.9999132,482.34918212890625,611.5617065429688,0.9999138,474.237548828125,611.7994995117188,0.99991775,469.06158447265625,611.0980834960938,0.9999379,484.49774169921875,631.1553955078125,0.99990535,480.7027893066406,629.43701171875,0.9999263,449.96185302734375,658.1336059570312,0.99995244,427.44207763671875,651.08935546875,0.999982,439.2325744628906,732.3923950195312,0.9991239,409.5394592285156,725.4012451171875,0.99943405,457.26666259765625,779.7820434570312,0.99566853,445.5406494140625,784.2207641601562,0.998103,465.41729736328125,795.808837890625,0.9940428,451.94879150390625,801.8032836914062,0.99657035,465.76092529296875,795.683349609375,0.99444515,464.73101806640625,795.3922119140625,0.9971439,462.2570495605469,788.6161499023438,0.99490017,462.9139709472656,791.6591186523438,0.99746895,439.174560546875,776.8333740234375,0.99978846,425.47796630859375,778.820556640625,0.9996699,537.868408203125,790.2685546875,0.9992592,533.8038940429688,789.8134155273438,0.9992417,504.485107421875,888.313720703125,0.998835,504.9648742675781,892.98486328125,0.99854493,488.56866455078125,907.1049194335938,0.99864894,488.349365234375,910.0238037109375,0.998487,543.5318603515625,914.9400634765625,0.9965166,546.0592041015625,920.4849243164062,0.9964342
77,493.4583740234375,624.1152954101562,0.999944,491.97686767578125,614.4755859375,0.99993026,491.68328857421875,614.2401123046875,0.99992454,491.259033203125,613.9661254882812,0.99992275,489.2014465332031,614.1378173828125,0.9999398,486.8805847167969,613.5821533203125,0.99994075,484.7402038574219,613.0387573242188,0.9999417,475.09405517578125,612.8283081054688,0.9999349,470.7790222167969,612.2262573242188,0.99996233,486.2125244140625,631.988037109375,0.9999398,483.358154296875,630.8367919921875,0.99995494,448.4678955078125,657.2996215820312,0.9999678,429.9493103027344,651.1860961914062,0.99999154,439.3953857421875,730.562744140625,0.99944717,411.78228759765625,725.5618286132812,0.9997428,456.61767578125,779.2589111328125,0.9982248,448.53375244140625,783.0451049804688,0.99928755,463.739990234375,795.9009399414062,0.99779165,454.04736328125,800.4160766601562,0.9987888,465.30792236328125,791.2550048828125,0.99793327,465.8263244628906,794.7655029296875,0.99895155,461.48040771484375,788.1904907226562,0.9980506,465.79302978515625,790.5126342773438,0.9990638,439.44793701171875,778.03759765625,0.9999039,431.1286926269531,780.3283081054688,0.99989843,532.6087646484375,791.2718505859375,0.9997063,536.5498046875,790.42919921875,0.999795,498.95159912109375,887.77978515625,0.99954176,503.17584228515625,892.968505859375,0.9996458,484.19879150390625,906.49267578125,0.9994684,488.5320739746094,908.8450927734375,0.9996018,538.9113159179688,909.3779296875,0.9988796,549.4248046875,914.7271728515625,0.9990638
78,497.16693115234375,623.6153564453125,0.99994934,495.6666259765625,614.8084716796875,0.99993074,495.5755310058594,614.678466796875,0.99992514,495.5012512207031,614.4668579101562,0.99991906,492.9516296386719,614.052001953125,0.9999435,491.07122802734375,613.3479614257812,0.999944,488.73040771484375,612.6445922851562,0.99994564,480.9360656738281,613.0755615234375,0.9999286,475.3017883300781,612.061279296875,0.99996233,491.04791259765625,632.0692749023438,0.99992573,487.32232666015625,630.15966796875,0.9999485,454.2120666503906,658.6663208007812,0.9999517,432.7582702636719,651.8878784179688,0.9999877,443.0791015625,732.488525390625,0.9992387,414.0915222167969,726.2501831054688,0.99964297,461.2875671386719,780.58056640625,0.9967775,451.3404541015625,783.1056518554688,0.99903023,468.5501708984375,796.9270629882812,0.9956346,458.3605651855469,801.0690307617188,0.99818975,470.2030029296875,792.5176391601562,0.99596137,470.5889892578125,794.8215942382812,0.99845123,470.5332946777344,789.168212890625,0.9962638,469.7719421386719,790.7417602539062,0.99864894,441.5565490722656,778.558349609375,0.9998287,431.87469482421875,780.9232177734375,0.99979013,534.0271606445312,791.0140991210938,0.99942744,537.6660766601562,789.9288940429688,0.99954873,500.57012939453125,889.7532958984375,0.9991768,505.371826171875,893.4188232421875,0.99918324,483.109375,906.5776977539062,0.99903786,487.43316650390625,912.9070434570312,0.9991239,540.9685668945312,912.83154296875,0.99793327,549.0165405273438,918.27392578125,0.9979888
79,499.5121765136719,624.8076171875,0.999936,498.23370361328125,615.5615844726562,0.99992156,497.92779541015625,615.3489379882812,0.99991846,497.56976318359375,615.109130859375,0.99991775,496.1130065917969,614.7635498046875,0.9999286,494.02294921875,613.9589233398438,0.9999263,491.864990234375,613.3015747070312,0.9999286,481.79791259765625,613.3826904296875,0.99992454,478.10943603515625,612.271484375,0.9999473,492.16845703125,632.9214477539062,0.99992454,489.5446472167969,630.9937133789062,0.99993896,455.40411376953125,657.7659912109375,0.99996376,435.6206359863281,651.3920288085938,0.9999864,444.3312072753906,729.6430053710938,0.99945575,416.3623962402344,726.193359375,0.99963737,462.4782409667969,774.6143798828125,0.99746895,453.29376220703125,782.8004150390625,0.999015,469.7656555175781,791.0985107421875,0.9966365,461.57666015625,799.6414184570312,0.998345,474.0411682128906,789.9822998046875,0.9967775,472.3174133300781,794.0482788085938,0.9985221,471.0459899902344,782.3117065429688,0.9970305,471.6724548339844,788.069580078125,0.9986853,442.4179382324219,772.8837890625,0.9998876,428.1895446777344,775.7991943359375,0.99983656,538.9625854492188,790.3544921875,0.999658,535.1979370117188,792.022705078125,0.99968255,506.13372802734375,886.1329345703125,0.9995272,501.15118408203125,894.6416625976562,0.9994407,488.08306884765625,901.2422485351562,0.99945146,484.8123474121094,912.8199462890625,0.9993687,544.909423828125,909.5574340820312,0.99854493,542.7994384765625,920.3705444335938,0.9984633
80,503.5853576660156,626.2034301757812,0.99992156,502.4262390136719,617.0628051757812,0.99989605,502.16021728515625,616.8599853515625,0.99988854,501.88848876953125,616.5978393554688,0.999884,500.1279296875,616.4120483398438,0.9999138,498.20245361328125,615.7863159179688,0.9999125,495.8419494628906,615.0508422851562,0.99991655,487.2735900878906,614.6788940429688,0.99989927,482.54632568359375,614.0262451171875,0.9999417,496.8196716308594,633.892578125,0.99989927,493.4091491699219,632.3071899414062,0.99992514,460.3335876464844,659.008056640625,0.9999521,439.39923095703125,653.0272827148438,0.9999826,446.0198974609375,731.0843505859375,0.9991573,421.4771423339844,726.8145141601562,0.99949265,467.5829162597656,773.8636474609375,0.99620515,459.2173767089844,783.17724609375,0.9986223,469.82977294921875,789.8176879882812,0.99509466,466.0204162597656,800.1382446289062,0.99770385,475.24969482421875,789.2037353515625,0.9954261,475.8902282714844,796.029052734375,0.9979652,471.5191345214844,780.3942260742188,0.99565166,475.36053466796875,789.9912109375,0.99818975,440.5176086425781,775.2235717773438,0.99986863,432.0162353515625,776.8468017578125,0.99982053,533.82763671875,793.0088500976562,0.999554,538.9306640625,791.4466552734375,0.9995876,501.98089599609375,889.9630737304688,0.9991991,506.0171813964844,891.89794921875,0.99926203,483.70233154296875,905.666259765625,0.99903786,487.2101135253906,909.8314208984375,0.9992053,541.017333984375,913.003173828125,0.9978002,549.2322387695312,918.4346923828125,0.9980882
81,507.30999755859375,627.5897216796875,0.9999417,506.47314453125,618.5556640625,0.99993074,506.230712890625,618.4276123046875,0.9999292,505.9273376464844,618.2705078125,0.99992967,504.3242492675781,617.5408935546875,0.99993074,502.2381591796875,616.683349609375,0.999928,500.05389404296875,615.9549560546875,0.9999274,490.1400451660156,616.3998413085938,0.9999443,485.9503479003906,614.9508056640625,0.9999478,500.0469665527344,635.5696411132812,0.9999398,497.21990966796875,633.6259765625,0.9999465,464.81805419921875,661.075927734375,0.9999782,442.5533447265625,653.7938842773438,0.99998534,455.1329650878906,732.9088745117188,0.99953806,424.0111389160156,728.5546875,0.9994986,476.42510986328125,776.9317626953125,0.9978677,465.5541687011719,785.3878173828125,0.9983125,481.27783203125,793.5960693359375,0.997065,471.437255859375,800.6156005859375,0.9970765,482.965576171875,792.4264526367188,0.99720997,479.4755554199219,797.03564453125,0.99750805,483.556640625,784.603759765625,0.997459,477.97259521484375,790.7625732421875,0.9978002,441.2406005859375,775.8849487304688,0.999936,427.04351806640625,777.8766479492188,0.9998902,542.4827270507812,792.3667602539062,0.9996288,538.900146484375,791.3414306640625,0.9995609,507.2290954589844,885.755859375,0.9992084,503.81671142578125,891.0323486328125,0.99916065,491.3456115722656,903.02294921875,0.9990415,488.7020263671875,906.9165649414062,0.99911696,544.2195434570312,911.461669921875,0.9974291,541.62744140625,917.780029296875,0.99762183
82,512.7484741210938,628.8017578125,0.999884,511.3598327636719,619.68603515625,0.99986756,510.8977966308594,619.435302734375,0.99986446,510.3939208984375,619.1431274414062,0.9998697,509.54412841796875,618.9998779296875,0.9998766,507.8332824707031,618.3043823242188,0.9998727,505.8720703125,617.5885620117188,0.99987566,495.3878479003906,617.0613403320312,0.9999008,492.2226257324219,616.295654296875,0.99991655,505.31085205078125,636.0587768554688,0.9998902,503.1952209472656,634.3041381835938,0.99990237,465.9490661621094,661.6127319335938,0.99997115,447.46636962890625,656.2890625,0.9999784,454.5208435058594,729.988037109375,0.99939287,427.08648681640625,728.5490112304688,0.99929035,475.9871520996094,777.8228759765625,0.9969957,469.33343505859375,787.1583251953125,0.99779165,480.9352722167969,795.4039916992188,0.99588215,476.37158203125,805.4850463867188,0.9961903,487.85809326171875,788.7743530273438,0.99611557,486.0592956542969,798.8472290039062,0.9969246,483.49346923828125,785.4560546875,0.99648935,483.52313232421875,792.5446166992188,0.99718815,437.87310791015625,778.3460083007812,0.9999138,429.878662109375,780.4104614257812,0.99984396,538.525634765625,791.3961791992188,0.99950826,540.7058715820312,791.0411987304688,0.99945146,504.513916015625,887.4299926757812,0.99886644,509.9291687011719,891.1566772460938,0.998844,488.9865417480469,902.19677734375,0.99863297,491.02838134765625,907.57275390625,0.9987696,541.342041015625,913.3255004882812,0.9967269,552.297607421875,915.2433471679688,0.99690056
83,517.5186767578125,629.6316528320312,0.99978,516.4664306640625,620.0294799804688,0.9997584,516.0932006835938,619.73291015625,0.9997603,515.553955078125,619.4033203125,0.9997695,514.6083374023438,619.384521484375,0.9997546,512.624755859375,618.5330810546875,0.9997428,510.6446533203125,617.7808837890625,0.99974686,500.0157165527344,617.5578002929688,0.9998191,497.2314147949219,616.8349609375,0.99980587,510.1659851074219,636.8787231445312,0.999795,507.83642578125,635.1627197265625,0.9997998,470.314208984375,659.5558471679688,0.9999577,453.00408935546875,656.2246704101562,0.99994564,458.5208740234375,730.5166015625,0.99939287,433.52618408203125,731.4589233398438,0.9985619,482.4438171386719,777.8267211914062,0.9960238,476.0255126953125,788.9368286132812,0.99553156,487.8612365722656,794.089111328125,0.9943141,483.3200378417969,805.8778686523438,0.9930153,493.5685729980469,793.713623046875,0.99448806,491.8164367675781,800.9673461914062,0.9940428,489.8233337402344,785.3975830078125,0.9951325,489.3426818847656,794.4785766601562,0.99448806,437.8646240234375,774.8609008789062,0.9998287,424.23785400390625,777.8621826171875,0.99954873,538.12255859375,790.7825317382812,0.9994429,536.9873046875,791.6488037109375,0.99923277,507.75775146484375,886.8451538085938,0.9987888,508.0321960449219,892.7529907226562,0.99832565,491.22601318359375,901.3927612304688,0.9985104,488.4515686035156,908.1556396484375,0.99813974,543.7937622070312,909.7041625976562,0.99648935,548.3975219726562,915.4127197265625,0.9955835
84,523.0366821289062,631.9273071289062,0.9991928,521.3696899414062,622.5636596679688,0.9992053,520.6824340820312,622.2548828125,0.9991959,519.7901611328125,621.8749389648438,0.9992267,519.5166015625,621.7953491210938,0.9992679,517.9146728515625,621.044921875,0.9992735,516.052490234375,620.3048706054688,0.9993068,503.98785400390625,620.2445068359375,0.9993094,502.1376953125,619.2877807617188,0.9994887,515.2715454101562,638.9177856445312,0.9993436,513.390869140625,637.5616455078125,0.9994093,475.8876953125,662.0087890625,0.999884,457.7889709472656,657.4129638671875,0.99989104,467.2764587402344,730.3848266601562,0.9990226,437.3544921875,731.8831787109375,0.9985221,488.67169189453125,778.9557495117188,0.9947187,480.2057189941406,786.5631713867188,0.99647564,492.6990051269531,794.1763305664062,0.9933072,486.1605224609375,803.166259765625,0.99477994,499.0844421386719,790.7476806640625,0.99346113,495.5459289550781,797.7388305664062,0.9953181,494.5360107421875,786.724609375,0.994089,493.83984375,792.4727783203125,0.9957021,436.14508056640625,772.772216796875,0.99954695,421.8655090332031,778.386474609375,0.99897975,536.718505859375,791.8112182617188,0.9994093,537.0086059570312,793.61669921875,0.9992563,503.32647705078125,886.1649780273438,0.9988752,502.75836181640625,895.0409545898438,0.99837697,485.603271484375,903.3328247070312,0.99858415,485.7067565917969,911.8563232421875,0.9980882,543.5474243164062,905.5701293945312,0.99727446,548.6627197265625,912.8173828125,0.9962346
85,529.22216796875,632.5755615234375,0.9995327,527.1357421875,623.053466796875,0.9995005,526.5170288085938,622.7662963867188,0.99948466,525.6058959960938,622.4553833007812,0.99950445,525.6124267578125,622.3411865234375,0.9995435,524.07763671875,621.6058959960938,0.99953806,521.9778442382812,620.7252197265625,0.99954,510.2523498535156,621.096923828125,0.9995272,508.0531921386719,620.471435546875,0.9996018,522.1815795898438,639.4934692382812,0.999566,520.0536499023438,638.3016967773438,0.9995745,484.8022155761719,664.2081909179688,0.9999069,463.95355224609375,659.8920288085938,0.99983656,477.607666015625,729.309814453125,0.99943405,446.042724609375,733.212890625,0.99856746,498.2634582519531,775.1861572265625,0.997285,486.8806457519531,787.8282470703125,0.9974788,505.14031982421875,791.4589233398438,0.99594563,493.5250244140625,805.8988647460938,0.9961755,509.69232177734375,787.114990234375,0.9961755,502.7303771972656,800.3814086914062,0.996557,504.2349853515625,782.900390625,0.9967013,500.8992614746094,793.5086059570312,0.99694854,441.0279235839844,769.3311157226562,0.99943846,426.59967041015625,775.0662841796875,0.9983834,540.9641723632812,791.2945556640625,0.99930406,536.2844848632812,795.7841186523438,0.99884856,508.7682189941406,882.0994873046875,0.9984573,503.019775390625,892.73681640625,0.99773055,489.0535888671875,899.8850708007812,0.9980506,485.8166198730469,908.181396484375,0.99724233,546.9235229492188,905.0894165039062,0.99648935,548.7405395507812,911.7459106445312,0.9954791
86,534.9505615234375,635.3438720703125,0.9994947,533.2306518554688,625.7080078125,0.9994766,532.6634521484375,625.4488525390625,0.99946636,531.7922973632812,625.0640258789062,0.99949074,531.7960205078125,625.026123046875,0.99948466,530.1083374023438,624.1719970703125,0.99947256,527.918212890625,623.2493896484375,0.99947053,516.4865112304688,623.8320922851562,0.99955577,514.5337524414062,622.8363647460938,0.999566,527.9486083984375,642.2257080078125,0.99963164,525.8101806640625,641.0751342773438,0.9996125,488.021728515625,665.2117919921875,0.9999502,470.8941345214844,661.8507080078125,0.9998697,480.31951904296875,729.7478637695312,0.99959713,451.970703125,734.1818237304688,0.9984812,500.4017333984375,774.738525390625,0.9977569,494.3139343261719,787.3452758789062,0.9967269,507.7738952636719,790.4777221679688,0.9965166,501.3118896484375,805.2068481445312,0.99528164,511.0361328125,789.587890625,0.99680245,510.2799072265625,799.57373046875,0.9957353,506.4044494628906,781.778076171875,0.9973061,507.5863952636719,792.3549194335938,0.9961755,442.5304870605469,767.8507080078125,0.9996898,430.4234619140625,773.5989379882812,0.9989183,540.5081787109375,790.46044921875,0.99967504,538.8656005859375,795.0631713867188,0.9994429,510.7796936035156,884.1494140625,0.9987649,508.43890380859375,890.3280029296875,0.9982109,493.54412841796875,899.19775390625,0.9982926,493.3397521972656,906.0518188476562,0.99771273,553.0193481445312,903.4678955078125,0.99683964,553.6768798828125,908.9072265625,0.9957188
87,541.6300659179688,637.1305541992188,0.99936384,539.9887084960938,627.6697387695312,0.9993175,539.4495239257812,627.330078125,0.99932814,538.63818359375,626.8767700195312,0.99932814,538.4401245117188,627.090087890625,0.9993436,536.6600341796875,626.2915649414062,0.99932814,534.474365234375,625.367431640625,0.99933845,523.7303466796875,625.08447265625,0.9994093,521.0838623046875,624.8450927734375,0.9994363,534.7396240234375,644.1797485351562,0.99948466,532.4297485351562,643.128662109375,0.99946004,494.2196350097656,667.1569213867188,0.9999145,476.2973327636719,664.0199584960938,0.9997508,483.20977783203125,730.8451538085938,0.99935883,459.125732421875,735.3635864257812,0.99719906,507.14556884765625,777.227294921875,0.99632156,501.8661804199219,787.2197875976562,0.9948803,515.9068603515625,789.5238647460938,0.9943581,508.0792236328125,804.0281372070312,0.9930153,519.8672485351562,788.2333374023438,0.99477994,518.3622436523438,797.109619140625,0.9935868,514.3284912109375,784.1390380859375,0.99553156,515.0556640625,790.9862670898438,0.9940659,445.64874267578125,768.0679931640625,0.9995234,432.0267333984375,773.4801635742188,0.99823856,542.6826171875,791.5474243164062,0.9995728,539.3894653320312,792.77001953125,0.99918,511.16015625,886.2548217773438,0.99863833,505.162353515625,891.925048828125,0.997783,496.3258056640625,901.1417236328125,0.99813974,486.61907958984375,908.6782836914062,0.9971661,554.1185302734375,905.6777954101562,0.99637836,548.1140747070312,912.1231689453125,0.9951325
88,548.5518188476562,638.030029296875,0.9994429,546.556396484375,628.9609985351562,0.99942964,545.9159545898438,628.5140991210938,0.99941623,544.995849609375,627.9458618164062,0.99942076,545.2410888671875,628.5971069335938,0.99946004,543.5057983398438,627.83203125,0.99945575,541.515625,626.9608154296875,0.99945146,530.3519897460938,626.462158203125,0.99945146,528.9528198242188,626.08056640625,0.99953806,541.5140380859375,645.3794555664062,0.99954,539.4595336914062,644.5357055664062,0.9995272,500.4969482421875,665.4967651367188,0.99991775,484.2960510253906,664.2383422851562,0.99983263,485.14056396484375,731.32177734375,0.9993436,465.9293212890625,734.4121704101562,0.99816847,510.8749694824219,775.576904296875,0.9969126,507.4349670410156,785.1229858398438,0.99633574,515.541259765625,788.3749389648438,0.99594563,515.0850219726562,803.15673828125,0.99533635,523.7969360351562,785.3453369140625,0.9962346,524.782470703125,794.4462890625,0.9956006,518.2217407226562,781.6092529296875,0.9966234,520.5587768554688,788.9241943359375,0.99594563,450.1992492675781,763.6116943359375,0.9996898,436.8587646484375,768.09619140625,0.99910307,543.8740234375,794.878173828125,0.99977833,540.67138671875,795.311279296875,0.99968493,510.8807373046875,884.6614379882812,0.9994642,506.8774108886719,891.7987670898438,0.99924755,493.39678955078125,900.7648315429688,0.9992706,489.64501953125,905.8846435546875,0.99898773,550.2783813476562,906.0205688476562,0.9984145,547.6258544921875,909.8023681640625,0.997851
89,554.45849609375,641.2796020507812,0.99938333,552.7244873046875,632.146484375,0.99937856,551.9866943359375,631.6614379882812,0.99936384,550.935791015625,631.0487060546875,0.9993761,551.6458740234375,631.776123046875,0.9994023,550.018798828125,630.9521484375,0.99939287,548.163330078125,630.0265502929688,0.99939525,536.29736328125,629.1451416015625,0.99939764,535.3468017578125,628.6773071289062,0.9995122,547.1702880859375,647.96240234375,0.9995876,545.4517822265625,647.16748046875,0.99957937,501.4054260253906,666.9027099609375,0.9999318,491.8658142089844,665.1405639648438,0.99987173,489.6465148925781,730.0845336914062,0.99942076,471.9253845214844,733.1737060546875,0.99863833,515.5755004882812,779.5831298828125,0.99758446,513.4058837890625,785.7764892578125,0.99750805,520.389892578125,790.9334106445312,0.9970879,520.0563354492188,804.7716064453125,0.9970073,524.7218627929688,786.7241821289062,0.9972531,530.8980712890625,796.34521484375,0.99712163,523.0294189453125,784.900390625,0.99750805,526.890380859375,791.1648559570312,0.99736834,445.9805908203125,761.037109375,0.9997731,440.9447937011719,762.8284912109375,0.99939764,535.3953857421875,795.3495483398438,0.99990237,542.41796875,795.6583862304688,0.99988043,503.4872741699219,884.7847290039062,0.99976224,505.7186584472656,890.6890869140625,0.9996513,483.74993896484375,901.0008544921875,0.99966466,488.70953369140625,907.0992431640625,0.9995363,545.7775268554688,904.816162109375,0.9993411,549.1239624023438,910.6884765625,0.9990452
90,560.5640869140625,643.4096069335938,0.9995178,559.3529052734375,634.1390380859375,0.99953806,558.7301025390625,633.783447265625,0.99954695,557.7944946289062,633.3007202148438,0.999566,558.0220336914062,633.4794921875,0.9995234,556.3164672851562,632.5545043945312,0.99950826,554.31201171875,631.537841796875,0.99949265,542.765869140625,630.8756103515625,0.99959236,541.3380126953125,630.3644409179688,0.9995627,553.4351196289062,649.97802734375,0.9997131,551.5377197265625,648.7725830078125,0.9996594,508.0505676269531,667.0363159179688,0.99996054,496.0458679199219,663.9365844726562,0.99988496,494.8028259277344,728.982177734375,0.99968743,478.3412780761719,730.0802001953125,0.99895155,518.6392822265625,779.695556640625,0.9987356,518.1593627929688,783.7501220703125,0.9980882,522.0662231445312,791.2736206054688,0.99835795,524.4649658203125,801.033935546875,0.9978594,528.3176879882812,792.9098510742188,0.998487,534.8767700195312,797.0477905273438,0.99792516,525.2567749023438,785.4869995117188,0.9986749,530.9886474609375,791.9955444335938,0.998103,452.5710754394531,759.70166015625,0.99980587,443.0982360839844,759.3751831054688,0.9995197,530.849365234375,800.310302734375,0.9999398,539.082275390625,799.4269409179688,0.9999286,504.9337158203125,884.8446044921875,0.99983394,507.6999206542969,889.9263305664062,0.99974483,488.4251403808594,901.3370971679688,0.9997546,490.6250305175781,906.7203979492188,0.99962294,544.5927734375,905.540283203125,0.99955577,548.8128051757812,908.7659912109375,0.9992206
91,566.6530151367188,643.8040771484375,0.99961996,565.234375,634.7125854492188,0.9996259,564.4527587890625,634.1900024414062,0.9996402,563.3991088867188,633.5418090820312,0.9996567,564.3255615234375,634.2962036132812,0.999617,562.80029296875,633.4129028320312,0.9996111,561.0451049804688,632.4762573242188,0.9996111,549.0697021484375,630.9139404296875,0.99967504,547.6122436523438,630.5020751953125,0.99968493,559.1884155273438,650.1170654296875,0.9997998,557.73681640625,649.3330078125,0.9997713,514.1353149414062,665.3843994140625,0.99996924,501.84832763671875,663.4353637695312,0.9999448,496.9909973144531,728.12060546875,0.9997584,486.16790771484375,729.5013427734375,0.99953806,523.0870971679688,777.5398559570312,0.99908185,526.4891357421875,784.3898315429688,0.9991541,531.045654296875,792.0219116210938,0.9988213,533.3961791992188,801.2902221679688,0.9990264,537.1991577148438,792.8248291015625,0.9988883,543.3931274414062,796.570068359375,0.99903786,531.8245239257812,787.9229736328125,0.9990527,540.222900390625,792.1525268554688,0.99915075,451.4867248535156,755.9884033203125,0.99988854,445.64825439453125,757.5173950195312,0.9998273,530.65966796875,800.4029541015625,0.99996233,535.4095458984375,804.5235595703125,0.99997044,507.31463623046875,884.31103515625,0.9999076,506.631103515625,893.9025268554688,0.9998697,493.0212707519531,897.1168823242188,0.9998623,488.8254089355469,911.2176513671875,0.99979013,548.115478515625,900.250732421875,0.99977833,548.6754150390625,908.8624267578125,0.999566
92,572.0507202148438,642.915283203125,0.99957114,571.3204956054688,634.3085327148438,0.9995523,570.610595703125,633.7973022460938,0.9995695,569.6806030273438,633.161865234375,0.9995939,570.2373657226562,633.8397827148438,0.99957937,568.7280883789062,632.9760131835938,0.9995859,567.0732421875,632.0787963867188,0.9995939,555.266845703125,630.1963500976562,0.9996111,554.3016967773438,629.8703002929688,0.9996898,564.4578857421875,649.3041381835938,0.99977654,562.8223266601562,648.4608764648438,0.9997603,520.1929931640625,664.6199951171875,0.9999676,506.58258056640625,661.8781127929688,0.9999542,505.9312744140625,728.6729125976562,0.9997408,490.73828125,728.331787109375,0.99966204,532.6051635742188,778.8695678710938,0.9989434,532.0033569335938,781.8787841796875,0.9994622,540.093505859375,793.4224853515625,0.99869555,538.6248168945312,798.821044921875,0.99938095,545.8478393554688,794.1760864257812,0.99877447,548.30419921875,794.6890258789062,0.99937856,541.2913208007812,789.0182495117188,0.99895155,545.7498168945312,789.1072387695312,0.9994642,454.2997741699219,754.4229736328125,0.99987173,445.7099609375,756.744873046875,0.99983394,535.4400634765625,795.535888671875,0.9999596,535.8381958007812,803.1195678710938,0.999972,507.6162414550781,881.5421752929688,0.99992335,505.1812438964844,893.55419921875,0.99989367,492.69189453125,893.9364624023438,0.99989283,486.8626708984375,911.3674926757812,0.9998247,543.0692138671875,898.8700561523438,0.9998148,545.9659423828125,912.1918334960938,0.99962735
93,576.5679931640625,641.6583251953125,0.99933845,575.708251953125,632.254150390625,0.99931216,574.9950561523438,631.6695556640625,0.9993462,574.1333618164062,630.9871215820312,0.99935883,574.5486450195312,631.8963012695312,0.99932814,573.1239624023438,631.1143188476562,0.9993333,571.5404663085938,630.2945556640625,0.9993148,560.4771118164062,627.963623046875,0.9993881,558.5792236328125,627.8530883789062,0.99943846,568.9263916015625,648.0557250976562,0.9996388,567.177001953125,646.875244140625,0.9995827,524.5223999023438,664.3831787109375,0.99992335,511.7900390625,659.8677978515625,0.99986017,509.5594482421875,725.3779907226562,0.9995122,493.90155029296875,727.2250366210938,0.9992679,532.289794921875,778.72216796875,0.99828595,536.861572265625,779.7423095703125,0.99890983,541.9886474609375,792.125732421875,0.99804294,544.4069213867188,796.3311767578125,0.99879813,544.2054443359375,791.5752563476562,0.9981324,553.0453491210938,792.7396240234375,0.9988305,539.3264770507812,785.9710693359375,0.99832565,550.2919311523438,788.2861938476562,0.9989309,454.8744201660156,752.9220581054688,0.9997428,448.45086669921875,753.3912963867188,0.99953806,527.8573608398438,799.3287353515625,0.9999274,534.54638671875,799.810546875,0.9999349,507.0306701660156,882.2371826171875,0.9998697,511.0121765136719,890.567138671875,0.99983776,489.0852355957031,896.7822265625,0.9998191,494.25,906.3698120117188,0.9997565,543.8250732421875,899.3401489257812,0.9997284,547.3230590820312,907.7633666992188,0.99955577
94,580.448486328125,638.9896850585938,0.9991959,579.343505859375,629.4690551757812,0.99921453,578.7045288085938,628.8726196289062,0.99925333,577.9216918945312,628.1747436523438,0.9993013,578.21728515625,629.2702026367188,0.99921453,576.82763671875,628.5562133789062,0.9992387,575.2372436523438,627.7800903320312,0.9992387,564.0996704101562,625.7481079101562,0.99935883,562.5194091796875,625.4049072265625,0.9994253,572.7728271484375,645.3948974609375,0.9995728,571.0171508789062,644.3905029296875,0.9995216,524.5889892578125,658.794677734375,0.99992275,516.492431640625,657.0051879882812,0.99988675,506.5601806640625,721.600830078125,0.99938333,500.7717590332031,723.3240356445312,0.9993013,529.9204711914062,773.3914794921875,0.9979652,538.5047607421875,778.9220581054688,0.99871576,532.787841796875,786.5858154296875,0.9977482,544.3985595703125,795.911376953125,0.9985562,540.5608520507812,786.3453979492188,0.99784267,552.826171875,793.30126953125,0.99862766,535.4759521484375,781.0657958984375,0.9980354,550.609375,788.3859252929688,0.9987696,452.0115661621094,745.910888671875,0.99972624,451.4256896972656,748.8551025390625,0.99959236,527.4011840820312,796.296630859375,0.99990904,535.2425537109375,800.4496459960938,0.9999286,500.6875,881.9094848632812,0.9998191,509.0155334472656,892.7547607421875,0.9997818,485.146240234375,893.8817138671875,0.9997508,492.1047058105469,909.1919555664062,0.99967504,540.2852783203125,896.4796752929688,0.9996699,549.2612915039062,909.4995727539062,0.99944717
95,583.7377319335938,635.1943969726562,0.9986646,583.0704956054688,625.7659912109375,0.9986749,582.3107299804688,625.1736450195312,0.99871063,581.3812866210938,624.4786376953125,0.998784,582.2787475585938,625.6695556640625,0.9987257,580.951416015625,625.003662109375,0.9987649,579.3842163085938,624.2526245117188,0.9988028,566.8072509765625,621.217041015625,0.99883956,565.8994140625,621.1901245117188,0.99909604,575.7490234375,641.2439575195312,0.99932015,574.4724731445312,640.4044189453125,0.9992735,527.2060546875,657.109130859375,0.9998727,519.4605712890625,652.84716796875,0.99985576,507.24310302734375,718.0025634765625,0.99918,500.1131591796875,717.5272827148438,0.9992267,529.668701171875,771.0931396484375,0.99749833,537.5892944335938,776.2250366210938,0.998487,535.8375244140625,787.1734008789062,0.997285,543.021728515625,794.0430297851562,0.9982658,538.19580078125,786.3397216796875,0.9973888,551.4817504882812,791.63037109375,0.99835795,537.1644897460938,782.4910278320312,0.99758446,550.3463134765625,784.9813232421875,0.9985104,457.838623046875,743.5802001953125,0.9995103,450.5666809082031,743.666259765625,0.9993513,531.5625610351562,798.6505126953125,0.99986553,531.7147827148438,801.1796875,0.99990237,509.0933532714844,881.481689453125,0.9997198,508.94244384765625,893.896240234375,0.99967754,491.5133972167969,894.810791015625,0.99961996,494.0785827636719,908.0202026367188,0.9995122,543.8289184570312,899.0830688476562,0.9994407,548.2920532226562,911.8451538085938,0.9991441
96,587.4343872070312,629.8002319335938,0.9987356,586.6458129882812,620.4389038085938,0.99877447,585.8106079101562,619.8472290039062,0.9988305,584.8271484375,619.20068359375,0.99890554,585.9270629882812,620.4716186523438,0.99879813,584.6199951171875,619.9097290039062,0.9988121,583.2159423828125,619.32958984375,0.99884856,570.7456665039062,616.3729858398438,0.9989434,569.7626953125,616.6422729492188,0.99913067,579.8477783203125,635.8048095703125,0.99932814,578.7607421875,635.2774658203125,0.9992649,530.6312866210938,650.2159423828125,0.99986863,525.32373046875,647.8258056640625,0.99986124,505.22381591796875,711.3114013671875,0.99921453,502.031005859375,712.9183959960938,0.99932814,526.212158203125,766.6298217773438,0.9974885,535.9876708984375,771.9443969726562,0.99852777,532.3573608398438,781.466552734375,0.9971328,541.731689453125,789.8347778320312,0.99827254,534.6568603515625,780.9655151367188,0.99719906,550.4953002929688,787.5386352539062,0.9983321,530.62548828125,775.168212890625,0.99746895,548.283935546875,782.5421752929688,0.9984812,463.53375244140625,737.4944458007812,0.9996458,455.3493957519531,740.3018188476562,0.9995592,539.9718627929688,794.3618774414062,0.9998579,533.6167602539062,800.6007080078125,0.99990535,510.23736572265625,879.4834594726562,0.9996971,508.2562561035156,893.5930786132812,0.9995876,496.25897216796875,889.6513671875,0.9995876,491.39471435546875,909.7445068359375,0.9993538,543.5736083984375,897.8516845703125,0.99937856,548.4612426757812,912.6536865234375,0.9989183
97,589.9204711914062,623.6201782226562,0.9969957,589.2070922851562,614.2365112304688,0.9971551,588.37109375,613.6739501953125,0.99723166,587.3894653320312,613.0399169921875,0.9974191,588.4743041992188,614.1554565429688,0.99740905,587.173828125,613.5536499023438,0.9974885,585.7839965820312,612.9343872070312,0.9976586,573.73681640625,610.0419311523438,0.99750805,572.749755859375,610.1929321289062,0.9983059,582.3470458984375,629.6820678710938,0.9983834,581.1848754882812,629.0689697265625,0.99837697,533.295166015625,643.9583740234375,0.9997508,528.20361328125,641.2593994140625,0.9997695,510.9032897949219,708.6273803710938,0.99857855,505.01318359375,708.2288208007812,0.9986436,526.0704956054688,765.6074829101562,0.9930962,534.2907104492188,769.5096435546875,0.99644804,526.9678955078125,778.9954833984375,0.992062,538.5382080078125,787.1190795898438,0.99566853,532.4434814453125,780.6392822265625,0.99209267,547.122314453125,785.0343627929688,0.99580115,529.099609375,775.8257446289062,0.99271095,544.626953125,780.1917724609375,0.9961004,466.3235778808594,734.970703125,0.99911696,457.3020935058594,735.6724243164062,0.9987696,543.2761840820312,795.3226318359375,0.9996724,533.86474609375,801.06298828125,0.9997347,512.3257446289062,880.0082397460938,0.9994185,505.96685791015625,893.5119018554688,0.999049,500.2706298828125,890.8768920898438,0.9992563,488.85211181640625,908.9153442382812,0.9985896,546.0181274414062,899.1574096679688,0.9987405,546.759033203125,912.8630981445312,0.9976586
98,592.7412719726562,615.72412109375,0.99533635,591.6503295898438,606.0987548828125,0.9957353,590.6494140625,605.5645751953125,0.9957353,589.4808959960938,604.9697265625,0.9960238,591.0589599609375,605.9680786132812,0.9957684,589.7056884765625,605.3564453125,0.9957353,588.2434692382812,604.7343139648438,0.99589807,575.1636352539062,602.4036865234375,0.99594563,575.0633544921875,602.4490356445312,0.996503,584.980712890625,621.7671508789062,0.99694854,583.9795532226562,621.404052734375,0.99657035,533.7142333984375,636.3268432617188,0.99944717,530.83837890625,634.5796508789062,0.99929035,509.3265075683594,699.0510864257812,0.99760324,504.59637451171875,700.3290405273438,0.9969722,522.9696044921875,756.1068115234375,0.9872773,531.6337890625,763.0218505859375,0.9911868,526.7300415039062,774.7615356445312,0.9853843,536.2303466796875,780.9435424804688,0.9893885,529.366943359375,774.4818115234375,0.9853843,544.1541748046875,779.5557861328125,0.9898303,526.848876953125,767.2916870117188,0.98588216,542.1888427734375,773.7400512695312,0.9901782,469.0522155761719,731.8441772460938,0.99788433,460.83551025390625,734.1495971679688,0.99549675,547.8063354492188,796.7505493164062,0.9991541,535.4999389648438,799.947265625,0.99896777,511.61767578125,880.4811401367188,0.99849296,502.5550537109375,891.7327880859375,0.99683964,495.8453063964844,894.8411254882812,0.9981541,485.56817626953125,908.037353515625,0.9958175,546.3954467773438,903.2920532226562,0.99671423,546.2422485351562,912.2201538085938,0.9940428
99,595.251708984375,607.5682983398438,0.99869555,594.2534790039062,597.9766845703125,0.9986541,593.302734375,597.4342041015625,0.9986541,592.2236328125,596.837158203125,0.9986853,593.521240234375,597.8871459960938,0.9987257,592.0940551757812,597.2772216796875,0.99871063,590.594970703125,596.6365966796875,0.9987649,577.721923828125,594.0827026367188,0.9985896,577.403564453125,593.9786987304688,0.9989718,587.5037231445312,613.5140991210938,0.9990527,586.3153686523438,613.0311279296875,0.9989718,537.55322265625,630.3838500976562,0.9997731,533.1068725585938,626.85791015625,0.9997713,508.4924621582031,693.8035278320312,0.9987551,504.8875732421875,695.3494873046875,0.9987551,517.3377685546875,751.9133911132812,0.9942697,527.0952758789062,759.3598022460938,0.996557,519.1112060546875,764.8549194335938,0.9932288,529.5397338867188,777.857421875,0.9957021,520.8878173828125,764.966552734375,0.99338466,536.459716796875,776.1837158203125,0.99580115,521.546142578125,763.3278198242188,0.99371004,535.3864135742188,770.1497802734375,0.99608517,473.13427734375,725.20556640625,0.9994642,464.8975524902344,724.560546875,0.99896777,544.4344482421875,793.9508666992188,0.9997131,544.470703125,796.7509765625,0.9997284,507.4405822753906,885.1686401367188,0.99938095,505.79144287109375,892.120849609375,0.99895966,493.3192138671875,899.2791748046875,0.9991541,488.3856506347656,909.5836181640625,0.99851626,549.0398559570312,906.3228149414062,0.9983834,546.2525024414062,912.6962280273438,0.9974291
100,597.0224609375,599.6968994140625,0.9988575,596.0813598632812,589.6170654296875,0.99879336,595.2333984375,589.1263427734375,0.9987551,594.260009765625,588.6229248046875,0.9988213,595.4356689453125,589.5750732421875,0.99882597,594.1951293945312,589.0830688476562,0.9987888,592.847412109375,588.6048583984375,0.99886644,580.2783203125,585.9654541015625,0.99877447,579.4088745117188,585.7416381835938,0.99909604,589.6095581054688,606.0138549804688,0.9992053,588.3477172851562,605.4573974609375,0.9991374,539.4144897460938,623.232666015625,0.9998118,535.3585815429688,619.9905395507812,0.9998287,510.6651306152344,688.81494140625,0.99890983,506.2061767578125,689.3670654296875,0.9988167,517.537353515625,747.8953857421875,0.9941801,524.4057006835938,754.3558959960938,0.99553156,517.774169921875,764.2129516601562,0.99293363,527.6089477539062,771.9615478515625,0.99415743,519.8680419921875,763.615478515625,0.9929061,532.2866821289062,771.904052734375,0.99442345,522.3333129882812,759.2926635742188,0.99341017,531.5582885742188,766.1624145507812,0.99482024,475.44439697265625,723.1678466796875,0.99943846,470.4638366699219,723.2631225585938,0.9990564,543.5504150390625,793.6455078125,0.9996486,545.2216796875,796.62158203125,0.9996673,509.40240478515625,882.7288818359375,0.99901116,505.95037841796875,893.4896850585938,0.99821776,492.8876953125,897.571533203125,0.9986646,487.69403076171875,910.0485229492188,0.997459,546.778076171875,907.2282104492188,0.9974191,547.2756958007812,915.2816162109375,0.9957848
101,598.0740966796875,589.7858276367188,0.99812514,597.0706787109375,579.9803466796875,0.997917,596.2830810546875,579.5303344726562,0.9979493,595.3619995117188,579.0264282226562,0.9980732,596.1588745117188,579.8345336914062,0.99788433,594.8220825195312,579.3185424804688,0.99783427,593.3484497070312,578.8031005859375,0.9979888,580.8604736328125,576.6342163085938,0.997981,579.6405639648438,576.2174072265625,0.99821776,590.9843139648438,596.5144653320312,0.9985221,589.3787841796875,595.7757568359375,0.99837697,542.3926391601562,616.0939331054688,0.99958104,537.515380859375,612.20166015625,0.9995197,514.72314453125,682.6530151367188,0.99771273,508.6974792480469,681.945068359375,0.9967775,517.1824951171875,739.443115234375,0.98662347,520.2268676757812,746.0327758789062,0.9885361,517.7001342773438,755.8265991210938,0.98327893,521.6617431640625,762.686279296875,0.9860443,519.9349365234375,755.9428100585938,0.9830851,527.3069458007812,761.3272094726562,0.9859904,518.4688720703125,748.85009765625,0.9838472,526.7535400390625,757.6412353515625,0.9870297,481.148193359375,718.3193359375,0.9983516,474.1236572265625,714.7178955078125,0.99644804,544.1043090820312,791.7783813476562,0.998844,540.3587036132812,792.598876953125,0.9986594,508.95806884765625,888.5602416992188,0.99620515,503.44964599609375,892.28955078125,0.99415743,494.0290832519531,902.6451416015625,0.9948403,484.29998779296875,908.3865966796875,0.9922444,548.0069580078125,912.4993286132812,0.99025387,540.5629272460938,916.5247802734375,0.9882222
102,599.1297607421875,581.520751953125,0.9975274,598.1842651367188,571.6201782226562,0.99746895,597.3458251953125,571.0791625976562,0.99746895,596.3368530273438,570.4414672851562,0.9975656,597.3751831054688,571.5689697265625,0.9973888,596.03369140625,570.9909057617188,0.9973061,594.5176391601562,570.3251342773438,0.99743915,582.0640869140625,567.689697265625,0.9974491,580.9938354492188,567.64208984375,0.9976311,591.239013671875,587.9925537109375,0.99805814,589.9658203125,587.0538330078125,0.9978677,543.6275634765625,608.9356689453125,0.9995159,536.7766723632812,601.7005615234375,0.999566,512.382080078125,671.5580444335938,0.99824536,504.5213623046875,668.3701782226562,0.99762183,509.6060485839844,728.0264282226562,0.98998636,517.8936157226562,734.6325073242188,0.9920312,510.37066650390625,743.2232666015625,0.9874721,517.205810546875,752.09619140625,0.99029154,514.8092041015625,743.5145874023438,0.9871788,524.8880004882812,751.9885864257812,0.98998636,515.5492553710938,740.102294921875,0.9876639,524.49658203125,745.9097290039062,0.9905143,485.0769348144531,712.6961059570312,0.998844,476.1469421386719,708.091796875,0.9974885,544.207275390625,789.6419677734375,0.9990527,536.2505493164062,791.177001953125,0.9989956,512.1844482421875,884.5215454101562,0.9974291,499.2685241699219,894.0133666992188,0.9951514,495.98773193359375,901.8343505859375,0.9964064,482.6224060058594,911.1452026367188,0.99293363,551.8775634765625,907.7745361328125,0.9931229,543.7200317382812,914.3857421875,0.98926485
103,598.2656860351562,573.2762451171875,0.99843913,597.203369140625,563.6887817382812,0.9982317,596.3186645507812,563.1407470703125,0.99821776,595.2833862304688,562.5248413085938,0.99827254,596.4481811523438,563.628662109375,0.9982926,595.1038818359375,563.0504150390625,0.99824536,593.604248046875,562.4306030273438,0.9983516,581.0964965820312,559.8098754882812,0.9981756,580.2857055664062,559.6392822265625,0.99857306,590.3435668945312,579.6803588867188,0.99879813,589.1763916015625,578.793212890625,0.9987551,543.170166015625,601.2955932617188,0.99967754,536.4583129882812,593.9979858398438,0.9997695,507.89501953125,663.8772583007812,0.9985221,505.0052795410156,661.6831665039062,0.99863833,506.52105712890625,718.4425048828125,0.99356186,516.4219970703125,729.6073608398438,0.9952077,507.5082702636719,732.416015625,0.9921233,513.952880859375,746.7557373046875,0.9934865,511.74066162109375,732.8192138671875,0.9921537,522.9003295898438,745.8527221679688,0.993807,512.217529296875,729.3905029296875,0.99248135,523.5270385742188,741.1727294921875,0.99437994,484.29217529296875,707.9837036132812,0.99880743,477.6347961425781,705.8171997070312,0.99792516,536.7054443359375,790.55078125,0.9988752,539.60400390625,791.0667114257812,0.9989434,509.2965393066406,883.0734252929688,0.9967775,501.1425476074219,894.9176025390625,0.9948001,493.9404602050781,899.8223876953125,0.99565166,485.42254638671875,910.001953125,0.99273914,551.4566650390625,907.1378784179688,0.99298817,544.2613525390625,916.8953247070312,0.98971164
104,597.4210815429688,564.9644165039062,0.99871576,596.368408203125,555.647216796875,0.99837697,595.5429077148438,555.1005859375,0.998259,594.549560546875,554.4571533203125,0.99824536,595.3695678710938,555.4879150390625,0.99857855,593.9462280273438,554.8700561523438,0.998606,592.391845703125,554.1957397460938,0.9987257,580.3311157226562,551.5989379882812,0.9979652,579.503662109375,551.6361083984375,0.998884,589.7055053710938,571.4774169921875,0.99882597,588.2210083007812,570.5794677734375,0.9989267,546.802734375,592.6057739257812,0.999617,536.5865478515625,587.7830810546875,0.99982184,513.4942626953125,656.7166748046875,0.9986223,504.4292907714844,655.3770141601562,0.9991441,512.72802734375,711.5240478515625,0.99356186,515.265380859375,723.1285400390625,0.99729556,510.59808349609375,726.9346313476562,0.9920312,513.0244750976562,740.6691284179688,0.9961004,517.8646240234375,729.4808349609375,0.9921233,521.3882446289062,740.511474609375,0.99620515,516.5881958007812,720.5390014648438,0.9925103,522.4461059570312,734.7805786132812,0.99664956,490.8970031738281,705.3768310546875,0.99883956,482.468994140625,703.6781616210938,0.99835795,534.6985473632812,792.0052490234375,0.99893504,536.1146240234375,790.8402709960938,0.9991441,505.7596130371094,885.8656005859375,0.99749833,502.99639892578125,894.9623413085938,0.99596137,489.9620361328125,902.6578369140625,0.99635005,486.09014892578125,911.8033447265625,0.99394965,548.7784423828125,908.0114135742188,0.99455196,546.7391357421875,916.120361328125,0.9915216
105,596.4962158203125,558.3323364257812,0.99948066,595.435546875,548.7875366210938,0.99933845,594.5901489257812,548.1427001953125,0.99929035,593.5418701171875,547.4304809570312,0.9992387,594.429931640625,548.6633911132812,0.99945146,593.045654296875,547.98291015625,0.99946636,591.4710083007812,547.2451171875,0.99950445,579.4741821289062,544.2632446289062,0.9990415,578.4314575195312,544.2084350585938,0.999554,588.488525390625,564.8645629882812,0.9994023,587.1857299804688,563.8749389648438,0.9995005,549.46337890625,586.8344116210938,0.999658,534.0980834960938,580.4606323242188,0.9998727,521.0418701171875,650.9168701171875,0.99910307,505.36737060546875,647.8794555664062,0.9995159,515.555908203125,707.6371459960938,0.9961755,514.97607421875,714.8713989257812,0.9991272,514.1814575195312,726.4822998046875,0.99482024,511.969482421875,733.4033203125,0.9986594,518.4887084960938,724.5372924804688,0.99491996,519.6903686523438,734.6199951171875,0.9986904,516.4667358398438,719.1869506835938,0.9954261,521.166259765625,728.9287719726562,0.9988883,504.0624694824219,703.1595458984375,0.99939764,489.7373046875,700.8069458007812,0.99914074,540.0155639648438,789.8290405273438,0.99954176,526.69873046875,792.2598266601562,0.99965405,508.686279296875,885.345947265625,0.9994429,496.24810791015625,895.3430786132812,0.99895155,492.2456359863281,902.157958984375,0.999049,481.4483642578125,913.46337890625,0.99821776,551.6849975585938,908.1754760742188,0.99862766,540.9830322265625,915.8983154296875,0.9975177
106,596.78466796875,549.594482421875,0.9997131,595.5728149414062,539.6654663085938,0.9996125,594.6417846679688,539.2073974609375,0.99956435,593.368408203125,538.7050170898438,0.9995122,594.3638916015625,539.2965087890625,0.9997086,592.5166625976562,538.5676879882812,0.99971753,590.568115234375,537.9165649414062,0.9997428,578.912353515625,537.3279418945312,0.99943405,577.472412109375,536.8146362304688,0.9997998,588.895751953125,556.65283203125,0.9996288,587.4614868164062,555.6641235351562,0.99972624,549.0181884765625,579.3501586914062,0.99971086,535.7702026367188,573.756103515625,0.9999478,523.53369140625,643.94775390625,0.9988575,507.7832336425781,639.9676513671875,0.9995939,515.3001098632812,699.2221069335938,0.995037,516.4743041992188,706.6270751953125,0.9990188,512.4116821289062,717.390625,0.9933072,513.564697265625,725.6229248046875,0.9983897,515.3638305664062,719.2852172851562,0.99356186,521.2571411132812,727.5228881835938,0.9984022,517.29443359375,711.86279296875,0.99390244,522.9208374023438,722.0328369140625,0.9986646,511.5460510253906,699.5267333984375,0.9991704,498.13592529296875,696.9686889648438,0.9991541,542.9786987304688,786.954833984375,0.99909246,527.299072265625,793.371337890625,0.99941623,509.41387939453125,884.770263671875,0.9987056,499.92657470703125,895.4491577148438,0.9976126,495.6918640136719,899.0889282226562,0.99776566,483.65216064453125,913.0579223632812,0.99588215,550.1946411132812,907.7261352539062,0.99687636,543.5009765625,919.0684814453125,0.9943141
107,595.4834594726562,544.5092163085938,0.9999502,594.3115234375,534.99853515625,0.9999286,593.413818359375,534.6015625,0.99991715,592.2125854492188,534.10986328125,0.9999031,593.1629028320312,534.4864501953125,0.9999461,591.333251953125,533.6911010742188,0.999949,589.258544921875,532.8406372070312,0.9999509,577.6033935546875,531.9786987304688,0.999892,575.7745971679688,530.8326416015625,0.9999635,587.3525390625,551.5675048828125,0.99991775,585.773193359375,550.2685546875,0.9999435,549.9303588867188,576.533935546875,0.9998969,534.3978881835938,568.9833374023438,0.9999825,529.9852905273438,643.1163330078125,0.99938333,507.15350341796875,635.26611328125,0.99977654,522.5076293945312,697.2735595703125,0.99770385,517.7666015625,701.0277709960938,0.9994622,523.5313110351562,716.2984008789062,0.99694854,515.4359130859375,719.800048828125,0.99909604,525.1273803710938,717.9555053710938,0.99709916,523.48193359375,721.944091796875,0.9991272,523.8040771484375,712.8314208984375,0.9972638,525.2843627929688,715.14990234375,0.9992735,518.331298828125,697.9589233398438,0.99961406,504.1970520019531,694.978271484375,0.9996402,536.9058837890625,789.9381713867188,0.9996673,527.4353637695312,791.76953125,0.9997695,509.574462890625,886.8629150390625,0.99937856,501.4089660644531,892.5523071289062,0.9989837,494.7723083496094,903.2092895507812,0.99871576,485.10430908203125,910.9766235351562,0.99812514,548.7493286132812,910.177978515625,0.9981324,543.899169921875,915.9813232421875,0.99680245
108,593.1212158203125,540.2928466796875,0.9999678,592.8073120117188,531.5230102539062,0.9999528,592.1767578125,531.1372680664062,0.9999435,591.2794799804688,530.6360473632812,0.99993396,591.1738891601562,530.8165283203125,0.9999652,589.11572265625,529.8114013671875,0.99996734,586.910400390625,528.75732421875,0.99996877,577.141357421875,527.6604614257812,0.9999329,573.6714477539062,526.1979370117188,0.99997747,585.94091796875,547.0096435546875,0.9999465,583.759521484375,545.2725830078125,0.9999646,552.5567626953125,572.2667846679688,0.99992216,533.198974609375,563.5629272460938,0.9999877,534.1917724609375,640.7071533203125,0.9995197,506.802001953125,630.5288696289062,0.99984026,529.3054809570312,694.2958984375,0.9987005,519.8070678710938,695.7507934570312,0.9995956,528.0778198242188,711.7723388671875,0.9981969,518.1428833007812,714.4810180664062,0.99929583,530.1279296875,713.2916259765625,0.998345,527.3301391601562,715.5227661132812,0.9993436,531.646240234375,705.918212890625,0.9984633,528.37353515625,710.24169921875,0.999445,526.8655395507812,696.47607421875,0.99955755,512.0458374023438,694.0235595703125,0.9996486,533.8961181640625,790.0949096679688,0.9996947,529.5736694335938,790.45361328125,0.999795,509.60546875,885.8933715820312,0.9992649,503.4212951660156,891.048828125,0.99911696,493.6590881347656,902.3378295898438,0.9983834,488.20965576171875,909.8485717773438,0.9983125,550.0335693359375,907.2444458007812,0.9978258,546.479736328125,913.546630859375,0.99694854
109,591.993408203125,537.0775146484375,0.9999528,591.2310791015625,527.060546875,0.999936,590.5364990234375,526.5966796875,0.99992573,589.5916137695312,526.0042114257812,0.9999151,589.8251342773438,526.5040893554688,0.99995244,587.95849609375,525.672607421875,0.99995565,585.8204345703125,524.8265380859375,0.99995935,575.1373901367188,522.9386596679688,0.99992096,572.7713623046875,522.703125,0.9999733,584.4473876953125,543.63427734375,0.99993694,582.0475463867188,542.3930053710938,0.99995863,550.8734130859375,568.3950805664062,0.99992096,532.3201904296875,559.6054077148438,0.9999914,530.9827880859375,636.3947143554688,0.9994947,507.78985595703125,628.372314453125,0.9998568,529.1812133789062,692.1943359375,0.9985619,522.0485229492188,691.4115600585938,0.99964297,528.0003662109375,707.5219116210938,0.9981756,520.2454223632812,710.2214965820312,0.9993881,530.6123657226562,708.5897827148438,0.998259,529.8712768554688,710.853271484375,0.99942076,531.6521606445312,704.3134765625,0.9983516,531.0466918945312,704.5662841796875,0.9995122,530.1171264648438,692.8938598632812,0.99954873,519.0797119140625,691.5806274414062,0.9996947,532.523681640625,790.273681640625,0.99964166,530.2614135742188,790.7838134765625,0.9997584,511.6888732910156,884.9658203125,0.99929035,503.7879638671875,889.2401733398438,0.9990601,496.6644287109375,903.6387329101562,0.9984207,488.0357666015625,908.8203735351562,0.9982926,553.7215576171875,905.3712768554688,0.9982248,546.3699340820312,910.35107421875,0.9973477
110,590.2901611328125,535.4555053710938,0.99986446,589.2990112304688,525.0375366210938,0.999826,588.5739135742188,524.6666870117188,0.99980134,587.6599731445312,524.234130859375,0.99977654,587.2874145507812,524.3279418945312,0.99986863,585.4461059570312,523.6180419921875,0.9998766,583.2279663085938,522.8632202148438,0.999884,572.341552734375,521.6187744140625,0.99979657,569.5992431640625,521.5287475585938,0.9999263,582.5062255859375,542.2780151367188,0.999826,580.044921875,541.070068359375,0.9998876,546.989501953125,566.6516723632812,0.99981624,532.9766235351562,559.2765502929688,0.99998105,524.7476806640625,633.159423828125,0.9989637,508.3745422363281,624.8920288085938,0.99971753,529.5218505859375,687.3433837890625,0.99719906,525.1527709960938,690.0062255859375,0.9992237,528.3905029296875,703.9432983398438,0.9967013,523.8316040039062,708.4655151367188,0.9987356,533.5462036132812,705.360595703125,0.99680245,532.0496826171875,708.8640747070312,0.998784,531.8328857421875,696.8930053710938,0.99688846,533.220947265625,703.401123046875,0.99895155,533.7817993164062,694.3072509765625,0.9989309,524.43310546875,691.8626708984375,0.99929035,533.4963989257812,790.3751831054688,0.99929583,529.4166259765625,790.3051147460938,0.9994684,512.3856811523438,884.0309448242188,0.9988213,504.97271728515625,889.388671875,0.99852777,496.6648864746094,901.987060546875,0.99750805,487.0992736816406,907.2976684570312,0.99758446,550.4620361328125,905.10986328125,0.9974491,543.4525756835938,912.1825561523438,0.9967397
111,588.48828125,532.83154296875,0.99990237,588.13818359375,523.2269897460938,0.9998727,587.6697998046875,522.9700927734375,0.99985576,586.9472045898438,522.6211547851562,0.99983656,585.4061889648438,522.0177001953125,0.99990535,583.066650390625,521.0628051757812,0.9999118,580.704833984375,520.1715087890625,0.99991715,571.3410034179688,519.9402465820312,0.99984884,567.150390625,518.8131713867188,0.9999461,581.2403564453125,539.6165771484375,0.99986863,578.05908203125,538.2283935546875,0.99991775,546.5481567382812,565.4646606445312,0.99984026,530.2258911132812,558.6979370117188,0.9999845,531.0010986328125,633.2955322265625,0.9991066,507.6907653808594,624.1917724609375,0.9997658,534.7218017578125,686.59326171875,0.9978594,526.7695922851562,688.5989379882812,0.99928755,536.7824096679688,704.778076171875,0.9973888,525.3331298828125,708.5245361328125,0.998862,538.8304443359375,705.7904052734375,0.99749833,534.5372924804688,707.9442749023438,0.998884,539.9920654296875,697.2569580078125,0.9975561,535.90234375,701.0985107421875,0.9990452,537.8434448242188,696.1188354492188,0.99877447,528.3297119140625,693.7214965820312,0.9992505,535.701416015625,789.4027709960938,0.99929035,532.9046630859375,792.06884765625,0.99942076,512.9639892578125,882.836669921875,0.99879336,502.00018310546875,887.0180053710938,0.9987551,499.5854187011719,899.6007080078125,0.99760324,486.6372985839844,904.9267578125,0.9980732,553.1454467773438,904.1657104492188,0.9976586,543.4884643554688,912.240234375,0.9974885
112,587.2853393554688,533.0726318359375,0.9999263,586.8840942382812,523.5928955078125,0.99990237,586.4533081054688,523.2838134765625,0.9998894,585.744140625,522.8571166992188,0.99987364,584.9109497070312,522.7344970703125,0.99992454,582.5723876953125,521.68212890625,0.99992967,580.0131225585938,520.6581420898438,0.9999324,570.3626098632812,520.1554565429688,0.99988496,566.4057006835938,519.1312255859375,0.999956,580.1027221679688,539.6504516601562,0.9999008,576.9812622070312,538.4794921875,0.99993694,546.5880126953125,564.5685424804688,0.9998822,528.8851318359375,559.2211303710938,0.9999851,533.7469482421875,633.9454345703125,0.9993538,508.6603088378906,625.6236572265625,0.9997658,540.315185546875,686.933837890625,0.9984692,528.9679565429688,688.8749389648438,0.99937123,543.8264770507812,705.9967041015625,0.99804294,527.6921997070312,708.6951293945312,0.999015,546.15966796875,706.7911987304688,0.9981541,538.3566284179688,708.1177978515625,0.999015,546.528564453125,698.129638671875,0.99821776,539.5494384765625,701.0516967773438,0.9991541,543.6474609375,693.7614135742188,0.9991736,532.925537109375,694.3756103515625,0.9994319,537.072021484375,791.1538696289062,0.9995327,537.8919677734375,792.5674438476562,0.99954873,512.2352294921875,883.8753051757812,0.99909604,506.4364929199219,886.997314453125,0.99903405,497.2473449707031,899.130859375,0.998103,488.6514587402344,903.6398315429688,0.9984988,550.1011962890625,906.3109741210938,0.99790895,546.4844360351562,912.3001098632812,0.9979007
113,587.3790893554688,531.4271240234375,0.99993694,587.09814453125,521.8390502929688,0.9999125,586.7216796875,521.5470581054688,0.9999031,586.2491455078125,521.1776733398438,0.999892,584.5482177734375,520.908203125,0.9999274,582.67431640625,519.9491577148438,0.9999269,580.1338500976562,518.96826171875,0.9999269,571.8455810546875,519.1925659179688,0.99990535,566.1824951171875,517.6751098632812,0.9999502,580.780517578125,538.0823974609375,0.9999001,576.7506103515625,536.8682250976562,0.99992967,547.8612060546875,565.1914672851562,0.9999138,528.09130859375,558.4017944335938,0.9999802,542.8642578125,637.1954345703125,0.99956435,508.74005126953125,626.6402587890625,0.99974686,556.1038818359375,689.4327392578125,0.99916065,531.4819946289062,689.2332153320312,0.9993538,559.0457763671875,706.7952270507812,0.99883956,531.2870483398438,708.5674438476562,0.9990226,564.9456787109375,707.6154174804688,0.99890554,543.229248046875,708.002685546875,0.99900347,560.7367553710938,699.4952392578125,0.9989718,544.2174072265625,701.0409545898438,0.9991474,545.6466064453125,696.0826416015625,0.9990854,534.2819213867188,694.225830078125,0.9991959,536.1783447265625,792.007080078125,0.99958104,545.2572631835938,789.6318359375,0.99938333,512.9523315429688,882.9581298828125,0.9989718,505.73089599609375,886.0830078125,0.9990564,495.3465881347656,899.1155395507812,0.99789256,487.7178955078125,900.4234619140625,0.9986646,551.2660522460938,906.9661865234375,0.9974885,543.7642822265625,911.4879150390625,0.9982039
114,587.0877075195312,531.1420288085938,0.9999517,586.6996459960938,521.6363525390625,0.9999355,586.3746337890625,521.3970947265625,0.9999335,585.9246826171875,521.0891723632812,0.9999286,584.5149536132812,520.66748046875,0.99993694,582.5494995117188,519.694580078125,0.99993443,579.9345703125,518.7476196289062,0.99993074,571.6304931640625,519.2477416992188,0.9999403,566.1751098632812,517.7672729492188,0.99994695,580.872314453125,537.7952270507812,0.9999329,577.068359375,536.6356811523438,0.9999379,550.4894409179688,566.5657348632812,0.99995804,529.634765625,559.2877197265625,0.99997413,546.434326171875,639.501220703125,0.99979657,509.4996643066406,627.3610229492188,0.99973255,564.7864990234375,695.296875,0.9996526,534.1055908203125,689.5155639648438,0.9994363,569.1262817382812,709.2987670898438,0.99942076,534.6664428710938,708.3302612304688,0.99913067,574.5741577148438,710.0081787109375,0.9994622,546.11181640625,707.4369506835938,0.9991204,570.331298828125,705.5349731445312,0.9995308,546.7380981445312,700.9395751953125,0.9992679,545.4374389648438,693.0182495117188,0.9994642,532.5250244140625,693.2107543945312,0.9993175,537.8220825195312,790.3486938476562,0.99968255,548.1904296875,787.9259033203125,0.9993513,513.237548828125,882.0863647460938,0.9992267,509.7040100097656,883.538330078125,0.99918324,495.7658996582031,897.0745239257812,0.9984084,490.09173583984375,898.17626953125,0.9988531,550.0079956054688,907.5925903320312,0.9980732,543.1004028320312,911.7242431640625,0.9984988
115,586.7648315429688,531.8095092773438,0.99997926,586.65625,522.4285278320312,0.99996924,586.4517822265625,522.2239379882812,0.99996805,586.0440063476562,521.896728515625,0.9999678,583.803466796875,521.087646484375,0.99996674,581.2592163085938,519.9087524414062,0.9999646,578.8272094726562,518.8898315429688,0.99995995,571.5431518554688,519.080810546875,0.99997306,565.4842529296875,517.6970825195312,0.9999658,580.3941040039062,538.60546875,0.99996924,576.59765625,537.1482543945312,0.99996734,553.7351684570312,566.9093017578125,0.99998295,529.4705810546875,559.9783935546875,0.99997807,552.9118041992188,639.877197265625,0.99993026,510.482666015625,629.5355834960938,0.99983394,572.1922607421875,695.2910766601562,0.99991906,536.4697875976562,690.4092407226562,0.9997367,579.375,712.0966796875,0.9998535,539.99169921875,709.4179077148438,0.99961555,582.088134765625,712.1400756835938,0.99986553,551.4540405273438,708.0934448242188,0.9996125,578.0858764648438,705.8963012695312,0.99988675,549.0025024414062,700.8394775390625,0.99967504,548.022705078125,697.000732421875,0.9997408,538.426513671875,696.487548828125,0.9996288,535.6209716796875,793.8735961914062,0.99991107,558.6067504882812,788.972412109375,0.9997603,514.909912109375,884.5111694335938,0.9997428,517.9169311523438,879.9443969726562,0.99973875,498.9423828125,900.1195068359375,0.99942964,499.94207763671875,894.5986938476562,0.999608,553.0796508789062,910.576904296875,0.9992084,550.4474487304688,913.1676025390625,0.99944717
116,587.6116333007812,530.5192260742188,0.9999654,587.2608642578125,521.1810302734375,0.9999521,587.0359497070312,521.0241088867188,0.9999505,586.6015625,520.778076171875,0.99994934,584.3340454101562,519.843505859375,0.9999505,581.7825317382812,518.9231567382812,0.9999473,579.3068237304688,518.09375,0.99994266,571.9413452148438,518.5889282226562,0.99995697,566.0454711914062,517.3662719726562,0.9999505,581.61376953125,537.4060668945312,0.9999448,577.742919921875,536.1119384765625,0.99994266,555.0557861328125,565.896240234375,0.9999722,532.2723999023438,560.9300537109375,0.99996924,556.7965087890625,639.0809936523438,0.99990535,513.99951171875,629.4456176757812,0.99977833,578.0916137695312,695.518310546875,0.99987066,540.4218139648438,690.9248657226562,0.9996259,585.798583984375,711.4295043945312,0.99976224,541.9411010742188,710.1825561523438,0.999423,588.3160400390625,711.4597778320312,0.99978,552.6937255859375,708.9869995117188,0.99941623,584.95703125,705.8722534179688,0.99981624,552.8135986328125,702.4103393554688,0.99950254,550.9542846679688,695.6585083007812,0.9997198,540.762939453125,695.9310302734375,0.9995939,535.2529296875,792.953857421875,0.99986863,564.78857421875,788.9705200195312,0.9996724,518.6543579101562,882.44677734375,0.9996125,526.9722900390625,879.3206176757812,0.99954176,502.4617919921875,900.2207641601562,0.99913067,509.5525817871094,894.6395263671875,0.9992986,554.125,907.6268310546875,0.99886644,559.0393676757812,909.0219116210938,0.9990452
117,589.6952514648438,530.57470703125,0.9999825,589.0602416992188,521.0895385742188,0.9999745,588.7300415039062,520.8675537109375,0.9999739,588.1445922851562,520.5596923828125,0.9999739,586.5219116210938,519.9302978515625,0.99997246,584.0430297851562,519.0472412109375,0.9999695,581.6238403320312,518.2862548828125,0.99996674,573.1751708984375,518.40576171875,0.9999782,568.1349487304688,517.661376953125,0.9999707,583.6180419921875,537.4013671875,0.99997115,580.0763549804688,536.2451782226562,0.9999678,555.7987060546875,565.8826904296875,0.99998736,534.1233520507812,560.5071411132812,0.99998105,559.6035766601562,638.3081665039062,0.9999546,519.0300903320312,629.95556640625,0.99987066,584.48486328125,694.1735229492188,0.99994564,545.5056762695312,690.9214477539062,0.9998134,593.13037109375,711.2149047851562,0.99989283,547.5535278320312,710.7017211914062,0.9997063,595.0396728515625,710.877685546875,0.9999008,559.0352172851562,709.255126953125,0.99970406,589.7621459960938,704.4522094726562,0.99992037,559.6469116210938,702.4630126953125,0.9997546,552.44677734375,695.5678100585938,0.99984396,544.95361328125,695.0654296875,0.99973875,535.5994262695312,793.674560546875,0.9999355,568.2115478515625,787.569091796875,0.9998118,520.104736328125,886.38037109375,0.99978,533.0045776367188,879.1185302734375,0.99972194,505.8857421875,902.445556640625,0.9994684,517.2904052734375,894.7238159179688,0.99954695,561.2598266601562,905.9395751953125,0.9993175,568.0604248046875,908.7250366210938,0.99938333
118,591.9263916015625,530.70556640625,0.9999856,591.3285522460938,521.1521606445312,0.9999789,591.1228637695312,520.9608764648438,0.99997854,590.7346801757812,520.67529296875,0.9999789,588.9885864257812,519.9373168945312,0.9999753,586.5704956054688,518.9038696289062,0.9999722,584.010498046875,518.0277099609375,0.99996924,576.5537109375,518.709716796875,0.9999827,570.6820068359375,517.3070068359375,0.99997294,586.2437744140625,537.5462646484375,0.99997854,582.6177368164062,536.3218383789062,0.9999753,559.3432006835938,567.4989013671875,0.99999166,535.858154296875,559.4857788085938,0.9999851,563.179443359375,639.1707763671875,0.9999676,521.3734130859375,628.554931640625,0.9998977,590.45703125,693.548095703125,0.999959,549.1951293945312,690.04296875,0.9998511,599.5263671875,709.9844360351562,0.9999083,550.9329833984375,709.9706420898438,0.9997508,601.1301879882812,709.3922119140625,0.99991775,562.46728515625,708.5845947265625,0.9997527,596.674560546875,703.3726806640625,0.99993694,563.5145874023438,701.9728393554688,0.99980134,548.795654296875,693.2808837890625,0.9998822,546.2543334960938,693.2968139648438,0.99978,535.6617431640625,791.9253540039062,0.9999448,572.571533203125,786.2657470703125,0.9998511,518.1923828125,887.7578735351562,0.9998029,546.0870361328125,881.3135986328125,0.99967504,507.5712890625,902.7473754882812,0.99946636,529.3262939453125,894.87744140625,0.99943846,559.1163330078125,904.4075927734375,0.99929583,582.1553344726562,907.1051635742188,0.9991928
119,594.337158203125,531.0028686523438,0.9999876,593.5469970703125,521.4207763671875,0.99998045,593.2432250976562,521.1887817382812,0.9999802,592.7222900390625,520.8670654296875,0.99998045,591.126708984375,520.3704223632812,0.9999778,588.6631469726562,519.3917236328125,0.9999745,586.1995849609375,518.5381469726562,0.999972,578.2415161132812,519.0278930664062,0.9999833,573.0650024414062,517.7371215820312,0.99997497,588.5564575195312,538.0364990234375,0.99998045,585.0672607421875,536.9356689453125,0.99997723,563.3656005859375,567.887451171875,0.9999919,539.133544921875,559.6640625,0.9999864,568.7132568359375,641.5487670898438,0.99997604,523.8382568359375,628.8656005859375,0.99992514,597.8026733398438,692.6293334960938,0.9999738,552.6171875,689.0078125,0.9999076,609.4718627929688,709.076416015625,0.9999422,554.7568359375,708.1458129882812,0.99984396,610.593505859375,708.6021118164062,0.9999461,565.5460815429688,707.4327392578125,0.99984765,604.647216796875,702.7921752929688,0.99995995,567.0856323242188,700.9135131835938,0.9998776,550.7366333007812,692.720947265625,0.99989843,549.5037841796875,692.2738037109375,0.99981767,536.2158203125,790.8787231445312,0.99995804,578.1390380859375,787.1537475585938,0.99991715,522.2959594726562,884.9453735351562,0.99988127,558.637451171875,883.9298095703125,0.99977833,510.20068359375,901.48046875,0.99966466,549.310791015625,899.4985961914062,0.9995695,566.60400390625,898.7103881835938,0.9996111,598.1238403320312,904.8395385742188,0.9994023
120,597.3211669921875,531.700927734375,0.99998367,596.8712158203125,522.5504760742188,0.9999739,596.679443359375,522.3666381835938,0.9999738,596.2835083007812,522.0789184570312,0.9999738,594.137451171875,521.3020629882812,0.9999709,591.6469116210938,520.2310791015625,0.99996805,589.2781372070312,519.2813720703125,0.9999658,582.2424926757812,519.927001953125,0.99997807,576.4605102539062,518.2532958984375,0.99997044,591.5509643554688,538.4990234375,0.99997497,588.02099609375,537.07861328125,0.9999716,567.0910034179688,568.9063720703125,0.9999894,542.6406860351562,560.2870483398438,0.999987,573.967041015625,640.1879272460938,0.99996233,527.2128295898438,629.8871459960938,0.9998945,601.5133666992188,692.0262451171875,0.99994934,556.705810546875,690.0274047851562,0.99984884,613.1336059570312,709.1220092773438,0.99988496,558.5933837890625,709.0241088867188,0.99972624,613.8553466796875,709.01611328125,0.9998945,569.467529296875,708.765380859375,0.9997367,608.11865234375,703.3591918945312,0.99992454,568.690673828125,701.8080444335938,0.9997918,556.3060302734375,693.7741088867188,0.9998287,550.2681884765625,692.3084716796875,0.99974686,537.7227172851562,790.1318969726562,0.99987566,580.4210815429688,787.0938720703125,0.99983525,517.5202026367188,886.4017333984375,0.9996259,571.6917114257812,888.8218383789062,0.99921143,503.4461975097656,903.6441040039062,0.99900347,560.9505004882812,906.9125366210938,0.9984022,559.7225341796875,901.3944091796875,0.9989392,618.44775390625,906.1035766601562,0.99773055
121,601.5775146484375,531.6156616210938,0.9999739,601.083251953125,522.81689453125,0.9999629,601.084716796875,522.6912841796875,0.9999629,600.9351806640625,522.5003051757812,0.99996173,597.5660400390625,521.7965698242188,0.99996114,595.1448974609375,520.8578491210938,0.99995935,592.8240356445312,519.83447265625,0.9999573,587.7777099609375,521.5892333984375,0.9999652,580.1053466796875,519.3389892578125,0.9999629,596.1728515625,539.4522094726562,0.9999546,592.1575317382812,538.372314453125,0.99995244,573.7738037109375,572.3908081054688,0.99997675,546.5546875,562.1464233398438,0.999979,579.7919311523438,641.3487548828125,0.9999263,529.6987915039062,631.4110107421875,0.9998313,606.0148315429688,692.2623901367188,0.9998766,559.9558715820312,691.0690307617188,0.99978,617.8135375976562,709.1138305664062,0.9997284,562.9677734375,710.4078979492188,0.99960333,618.759765625,709.0203857421875,0.99974686,573.1920166015625,710.0247802734375,0.9996259,612.7411499023438,703.612060546875,0.99981624,574.0948486328125,703.097900390625,0.9996971,558.946533203125,694.18994140625,0.9997868,550.6657104492188,691.7494506835938,0.99972624,539.313232421875,790.7385864257812,0.99979657,580.7167358398438,786.7479248046875,0.99980897,517.8961791992188,885.6588745117188,0.9995778,588.4957885742188,888.7071533203125,0.99916387,500.2012939453125,901.40673828125,0.9989637,577.3659057617188,909.613525390625,0.99836427,554.3909912109375,903.0259399414062,0.9987306,633.1957397460938,906.9590454101562,0.9970765
122,606.3623046875,532.8209228515625,0.99997556,604.8289184570312,523.554443359375,0.9999646,604.223388671875,523.1922607421875,0.9999635,603.3807983398438,522.698486328125,0.9999633,602.4061889648438,522.9268188476562,0.9999621,600.3128051757812,522.08154296875,0.99995935,598.1554565429688,521.2002563476562,0.9999567,589.0132446289062,521.1486206054688,0.9999652,584.819580078125,520.4024658203125,0.9999603,599.8118896484375,540.0955200195312,0.99995697,597.1505126953125,539.205322265625,0.99995387,578.221923828125,572.966064453125,0.9999757,550.2545166015625,563.5573120117188,0.9999747,585.7044677734375,642.5629272460938,0.9999324,534.2427978515625,633.40576171875,0.99980444,613.8739013671875,693.7039794921875,0.9998822,566.5076904296875,695.486083984375,0.9997603,623.0383911132812,710.3370361328125,0.99972194,568.3272094726562,714.7775268554688,0.99955755,626.2299194335938,710.1256713867188,0.99974686,579.8543090820312,713.8307495117188,0.9995778,620.9871826171875,705.0723266601562,0.9998233,579.3836059570312,707.0108032226562,0.9996673,565.8432006835938,692.9315795898438,0.9997546,555.5475463867188,692.2147216796875,0.99970406,541.9349975585938,790.5814819335938,0.9997749,580.8729248046875,785.1288452148438,0.99979335,515.6808471679688,886.2531127929688,0.9995327,596.3973999023438,887.7515869140625,0.99915075,499.6383361816406,902.9451904296875,0.9988927,587.2999877929688,908.77197265625,0.9983707,554.2319946289062,903.4273681640625,0.9987356,643.4788208007812,903.50439453125,0.99720997
123,610.0875854492188,533.6356811523438,0.9999635,608.9971923828125,524.5767211914062,0.99994695,608.60595703125,524.304931640625,0.9999453,607.9482421875,523.9188232421875,0.9999443,606.2272338867188,523.88525390625,0.9999443,603.9462280273438,523.0119018554688,0.9999422,601.6785888671875,522.0809936523438,0.9999398,593.727294921875,522.50244140625,0.99994814,588.5995483398438,521.2302856445312,0.99994814,603.9945678710938,541.1251831054688,0.99994075,600.931884765625,540.1254272460938,0.99993944,583.4625244140625,573.8003540039062,0.9999702,554.2784423828125,564.30029296875,0.99997354,591.6911010742188,641.6175537109375,0.99991775,539.1979370117188,633.1385498046875,0.9998029,618.2177124023438,693.1488037109375,0.9998499,569.812744140625,695.44677734375,0.99978346,627.2230834960938,709.4507446289062,0.99964714,571.9156494140625,714.6311645507812,0.9995987,628.5608520507812,709.9415893554688,0.99967754,582.4183959960938,713.8507080078125,0.9996111,624.7676391601562,704.7996215820312,0.99977654,583.1935424804688,707.050537109375,0.9996947,568.5015869140625,694.3468627929688,0.9997086,556.4282836914062,692.550048828125,0.99966466,543.1837158203125,791.1156005859375,0.99964297,585.6929321289062,787.7605590820312,0.9997131,517.4779663085938,886.8869018554688,0.9992206,607.1454467773438,889.3512573242188,0.99854493,502.0780029296875,903.3932495117188,0.9982039,598.7017211914062,909.2862548828125,0.9971771,555.0619506835938,901.3278198242188,0.9979966,653.5642700195312,902.1259155273438,0.99509466
124,615.2276000976562,534.784423828125,0.99997306,613.9888916015625,525.4540405273438,0.9999567,613.4468994140625,525.0909423828125,0.99995494,612.643798828125,524.5645751953125,0.9999535,611.7095336914062,524.7597045898438,0.9999584,609.4515380859375,523.8341674804688,0.99995935,607.330810546875,522.900146484375,0.9999584,598.4169921875,523.0833129882812,0.9999542,594.3634643554688,522.1947021484375,0.9999646,608.8126220703125,541.815185546875,0.9999502,606.1319580078125,540.6466064453125,0.9999546,585.1637573242188,572.9111328125,0.99996734,558.4381713867188,565.8611450195312,0.9999825,594.5020751953125,644.0718994140625,0.9999151,544.3110961914062,635.9464111328125,0.99986446,622.6912841796875,694.3661499023438,0.99985576,575.2861328125,697.8506469726562,0.99983776,631.16845703125,710.6985473632812,0.9996923,577.2326049804688,716.5419921875,0.9996971,634.4740600585938,710.6961059570312,0.9997131,588.1702880859375,715.9122314453125,0.9997086,629.1766967773438,705.6729125976562,0.999795,589.3713989257812,709.0439453125,0.9997731,572.2582397460938,695.2073974609375,0.9997347,563.4956665039062,693.7764892578125,0.99977654,546.0250244140625,790.5684204101562,0.99973875,590.7920532226562,789.1653442382812,0.9998247,518.34375,885.7113647460938,0.99937373,612.2334594726562,890.72412109375,0.9990452,503.6075134277344,902.2215576171875,0.99858415,604.206787109375,909.1228637695312,0.998103,557.0310668945312,902.1034545898438,0.99843913,660.5693359375,903.8976440429688,0.9966756
125,620.1234741210938,535.7704467773438,0.99997413,618.9910888671875,526.6685791015625,0.99995863,618.6097412109375,526.3812866210938,0.99995697,617.9639892578125,525.9627685546875,0.9999553,616.8818359375,525.9097290039062,0.99995863,614.4104614257812,524.9512329101562,0.99995863,611.9487915039062,524.010009765625,0.99995697,603.3828735351562,524.1776123046875,0.99995697,598.76123046875,523.2484130859375,0.9999629,614.436767578125,542.677734375,0.9999528,611.0223999023438,541.3872680664062,0.9999542,591.1934204101562,574.1392822265625,0.99997497,563.4931030273438,567.4801635742188,0.99998,599.31591796875,645.2122192382812,0.99993396,549.4426879882812,636.893798828125,0.9998591,627.1590576171875,696.4642944335938,0.9999001,578.92724609375,698.6199340820312,0.99984026,635.6533203125,713.2415161132812,0.9997677,580.5711669921875,717.8261108398438,0.9996898,638.6870727539062,713.0411987304688,0.99978346,592.192138671875,716.9191284179688,0.99969935,633.7647094726562,708.1653442382812,0.9998511,593.6720581054688,710.1719970703125,0.9997677,576.7576904296875,697.88818359375,0.9997731,570.486083984375,696.4475708007812,0.99974686,550.6435546875,791.07666015625,0.9997154,595.1090698242188,789.76123046875,0.99974877,517.8193359375,884.23291015625,0.99930406,615.3560791015625,889.6612548828125,0.99869555,501.9153747558594,901.6627197265625,0.99836427,606.1489868164062,908.4994506835938,0.9975177,554.686767578125,902.6994018554688,0.99818975,662.2435302734375,903.9323120117188,0.99594563
126,624.939453125,536.9100341796875,0.9999652,623.6083984375,527.6663818359375,0.9999453,623.1367797851562,527.3779296875,0.99994266,622.3997192382812,526.953369140625,0.9999403,621.7011108398438,526.9855346679688,0.9999465,619.3587646484375,526.1168823242188,0.99994695,616.9404296875,525.2962646484375,0.99994564,607.9548950195312,525.3819580078125,0.9999417,603.7971801757812,524.6810913085938,0.9999509,619.2825317382812,543.7200927734375,0.99993896,616.127197265625,542.5723266601562,0.99994075,596.5364379882812,575.8279418945312,0.9999671,568.9832763671875,569.6172485351562,0.9999747,603.9034423828125,646.5845336914062,0.99991775,553.9119873046875,638.1268920898438,0.99983656,630.5499877929688,696.8199462890625,0.99986863,583.2890014648438,700.0653686523438,0.9998074,639.3115234375,714.2714233398438,0.9997131,585.439697265625,719.803466796875,0.99963737,640.396240234375,713.9673461914062,0.9997305,596.316162109375,719.2136840820312,0.9996444,635.2510375976562,708.6597900390625,0.9998104,597.171630859375,712.18212890625,0.99972194,581.67431640625,698.9375610351562,0.99972624,574.9716186523438,697.4271240234375,0.9996699,556.4595336914062,792.1573486328125,0.9996923,599.7955932617188,791.013671875,0.9996947,519.075439453125,884.3094482421875,0.9991768,615.403564453125,890.876708984375,0.9983897,504.76953125,901.9148559570312,0.9980045,605.1928100585938,910.1612548828125,0.99693656,557.3160400390625,903.5762329101562,0.99779165,661.2322387695312,908.9584350585938,0.9951703
127,630.2308349609375,538.0994262695312,0.99998295,629.1223754882812,528.5948486328125,0.99997187,628.7868041992188,528.337646484375,0.9999702,628.24560546875,528.0230712890625,0.9999683,627.1355590820312,527.85400390625,0.99997246,624.80859375,527.0635375976562,0.9999714,622.288330078125,526.376220703125,0.9999702,614.0726928710938,526.5775756835938,0.9999697,609.1096801757812,525.403564453125,0.99997354,624.7882080078125,544.8231811523438,0.9999678,621.4556884765625,543.8126220703125,0.9999683,600.7614135742188,576.2877807617188,0.99997854,574.8945922851562,569.8419189453125,0.9999831,607.6422119140625,649.01416015625,0.9999329,559.083740234375,639.2160034179688,0.99986017,634.1668090820312,698.070068359375,0.99989367,585.95166015625,700.0518188476562,0.99983394,642.7213745117188,715.968017578125,0.9997658,587.7936401367188,720.0156860351562,0.99968493,643.5557861328125,715.4447631835938,0.9997818,598.892333984375,719.4549560546875,0.9996947,638.3046264648438,709.6834716796875,0.99984276,600.1370849609375,712.2447509765625,0.9997603,588.2881469726562,699.71337890625,0.99979335,580.7322998046875,697.8872680664062,0.99973875,564.4653930664062,792.23095703125,0.99980134,603.6680908203125,791.1089477539062,0.99978,521.2399291992188,882.6281127929688,0.99954176,616.3290405273438,890.8141479492188,0.99909604,506.4197082519531,899.0724487304688,0.99884856,606.0653686523438,909.33251953125,0.9983125,556.8325805664062,903.7831420898438,0.99860066,660.3060913085938,909.2460327148438,0.99719906
128,637.462646484375,537.8860473632812,0.99997246,635.9571533203125,528.3975219726562,0.99995387,635.5076293945312,528.19921875,0.9999509,634.9575805664062,527.9690551757812,0.9999478,633.8436889648438,527.8656616210938,0.9999546,631.9745483398438,527.2543334960938,0.99995494,629.5604248046875,526.6013793945312,0.99995387,620.85791015625,526.8092041015625,0.9999485,616.0462036132812,525.591796875,0.99995995,631.4354858398438,545.0982666015625,0.9999485,628.3138427734375,544.0269165039062,0.99995315,605.6566162109375,577.5006713867188,0.9999646,581.1365356445312,569.8379516601562,0.99998033,610.3057861328125,650.2411499023438,0.99990904,564.603759765625,639.6246948242188,0.99984026,635.5744018554688,698.9217529296875,0.9998666,588.8018188476562,701.1219482421875,0.9998029,645.8483276367188,716.7693481445312,0.99971753,589.8350830078125,720.2720947265625,0.99961853,645.9710083007812,716.0968627929688,0.9997284,602.4611206054688,719.6206665039062,0.9996125,640.513427734375,710.01708984375,0.99980444,602.207763671875,712.79052734375,0.99969935,594.0722045898438,700.640869140625,0.9997584,588.2525634765625,698.8275756835938,0.9997408,569.4652709960938,792.8260498046875,0.9996898,613.6334228515625,793.3397216796875,0.9996947,523.2657470703125,880.1033325195312,0.9993905,617.8992919921875,892.6110229492188,0.9988213,507.436767578125,895.9141235351562,0.9985619,607.4176635742188,909.9080200195312,0.9978258,557.497802734375,904.5069580078125,0.99845123,661.6356201171875,912.4796142578125,0.9969126
129,643.6220703125,536.10009765625,0.9999795,641.735595703125,526.9017333984375,0.9999635,641.3041381835938,526.6451416015625,0.9999615,640.755126953125,526.3150024414062,0.9999577,639.416015625,526.4560546875,0.9999658,637.60595703125,525.8565063476562,0.9999652,635.1889038085938,525.1513061523438,0.9999635,626.1248779296875,525.3694458007812,0.9999567,621.4722900390625,524.4249267578125,0.999969,637.535400390625,543.9251098632812,0.99995935,634.683349609375,542.7981567382812,0.9999635,609.3262329101562,575.4405517578125,0.9999697,588.0258178710938,569.3056030273438,0.9999858,613.440673828125,646.9305419921875,0.99992967,571.7364501953125,640.430419921875,0.99989927,638.8115844726562,698.8253173828125,0.9999083,594.132568359375,703.452392578125,0.99986446,647.2845458984375,715.6561279296875,0.9998074,594.22216796875,722.8461303710938,0.9997347,647.0497436523438,714.7219848632812,0.99981624,606.767822265625,721.9312133789062,0.9997284,643.0430908203125,708.916259765625,0.99986756,608.1754150390625,714.544189453125,0.99978846,597.3430786132812,700.8191528320312,0.9998511,593.9299926757812,699.628662109375,0.99986446,577.1610107421875,793.7379760742188,0.9997998,619.4268798828125,792.0774536132812,0.99980587,527.3412475585938,875.8897094726562,0.9996724,617.206298828125,890.8610229492188,0.9993228,510.8866271972656,890.2537841796875,0.9992237,606.6942749023438,908.20068359375,0.9987005,557.0283203125,904.8739013671875,0.999134,662.102294921875,911.4417724609375,0.9981969
130,649.1112060546875,536.0036010742188,0.99997306,647.1141967773438,526.8816528320312,0.9999517,646.5274658203125,526.4854125976562,0.9999485,645.758544921875,525.9983520507812,0.9999435,645.589111328125,526.3668823242188,0.9999517,643.8878784179688,525.5896606445312,0.9999517,641.6094970703125,524.7381591796875,0.9999485,631.0240478515625,524.3450927734375,0.9999435,627.7045288085938,523.4830322265625,0.99995565,643.199462890625,543.5081787109375,0.9999509,640.7986450195312,542.1036376953125,0.99995494,614.0341796875,572.1068725585938,0.99996734,593.3856201171875,568.0999145507812,0.999982,618.8892822265625,645.0770263671875,0.9999335,578.690673828125,637.6624755859375,0.99989843,641.4903564453125,698.5136108398438,0.9999151,597.1010131835938,701.142333984375,0.99985456,649.6093139648438,715.5377197265625,0.99980897,597.3744506835938,720.8856201171875,0.99969935,648.923095703125,714.55224609375,0.99981767,609.7481689453125,720.3192749023438,0.9996923,643.6497802734375,708.7728881835938,0.99987173,611.2818603515625,713.2235107421875,0.9997677,606.4158325195312,700.5529174804688,0.9998104,600.873779296875,699.2371826171875,0.99983263,588.9343872070312,794.087646484375,0.9997063,620.1795043945312,793.6571655273438,0.99972194,533.0642700195312,870.5621337890625,0.99963737,616.83154296875,890.5004272460938,0.99929035,516.8507690429688,881.4014282226562,0.99918956,605.7335815429688,908.6204223632812,0.9986594,556.7376708984375,905.8502197265625,0.9991441,662.77685546875,911.9924926757812,0.9983059
131,655.08447265625,534.4835205078125,0.99996734,653.490234375,525.0712890625,0.9999461,652.942138671875,524.829833984375,0.99994266,652.2905883789062,524.52685546875,0.999936,651.4000244140625,524.5677490234375,0.99994934,649.6390991210938,523.9508056640625,0.999949,647.478515625,523.2427978515625,0.9999478,637.5672607421875,523.323974609375,0.9999349,633.5186157226562,522.1676025390625,0.99995637,648.5455322265625,541.9038696289062,0.9999398,645.8971557617188,540.8671264648438,0.99994814,618.2164916992188,571.666748046875,0.9999535,599.2306518554688,567.20068359375,0.99997973,622.904052734375,644.1288452148438,0.9998876,583.7649536132812,636.6236572265625,0.9998697,642.7944946289062,699.154052734375,0.9998623,603.5062255859375,701.7053833007812,0.99980587,649.4872436523438,716.5921630859375,0.99971753,604.10986328125,720.9363403320312,0.999617,650.3679809570312,716.1286010742188,0.99973255,616.2276000976562,720.315673828125,0.99960333,645.9302368164062,709.9812622070312,0.9997998,617.2408447265625,713.431396484375,0.9996971,612.1925048828125,697.5267944335938,0.99981624,605.7586059570312,697.6356201171875,0.9998535,600.8440551757812,792.2896728515625,0.99972624,624.3260498046875,791.6953125,0.9997508,539.4075927734375,868.2125854492188,0.99971086,617.5396728515625,890.9020385742188,0.9994429,520.86669921875,875.3248901367188,0.9993513,606.0509643554688,910.5921020507812,0.9989392,561.3602294921875,906.5117797851562,0.9992387,661.9513549804688,911.800537109375,0.9985896
132,660.135498046875,534.3255004882812,0.99998105,658.5519409179688,524.915283203125,0.9999678,658.0912475585938,524.6535034179688,0.9999646,657.426513671875,524.3085327148438,0.99995995,656.378662109375,524.3802490234375,0.9999707,654.495361328125,523.7415771484375,0.9999714,652.030517578125,522.9835815429688,0.9999702,642.337158203125,522.8309936523438,0.9999573,638.1423950195312,521.9224853515625,0.9999739,653.86962890625,541.7536010742188,0.99995935,650.8831787109375,540.6183471679688,0.99996626,623.8585815429688,570.6719360351562,0.99996173,605.3480224609375,566.9412231445312,0.99998593,627.6410522460938,643.1177978515625,0.9999083,588.591064453125,636.4744873046875,0.99990904,646.5641479492188,698.0027465820312,0.99990606,607.6512451171875,703.0819702148438,0.9998579,650.3699951171875,715.7140502929688,0.9998104,606.50732421875,722.0067138671875,0.99971086,652.5484008789062,715.6532592773438,0.99982184,619.5403442382812,721.8070678710938,0.99970406,649.8345336914062,709.4095458984375,0.99986553,620.643798828125,714.4906005859375,0.9997731,620.425048828125,699.7971801757812,0.9998499,612.35546875,699.0174560546875,0.99990165,611.412353515625,793.8009033203125,0.9997818,624.5308837890625,796.7075805664062,0.9998118,548.1708374023438,861.85498046875,0.99983,616.9805297851562,893.4523315429688,0.9996215,530.3504028320312,868.2957763671875,0.99961996,603.4639282226562,912.5147705078125,0.9992649,567.298583984375,901.0009765625,0.99954873,661.5049438476562,911.1329956054688,0.9990452
133,667.4785766601562,532.3848266601562,0.99983656,665.7922973632812,523.5679321289062,0.9997408,665.21533203125,523.3635864257812,0.9996898,664.5106201171875,523.09521484375,0.99961996,663.4595947265625,523.0995483398438,0.99982053,661.3357543945312,522.48876953125,0.99984884,659.2479858398438,521.8492431640625,0.99986017,649.8345336914062,522.41650390625,0.9995827,644.6123046875,521.4381103515625,0.99990976,660.2124633789062,540.4635620117188,0.9997063,657.4739990234375,539.1312866210938,0.99984646,628.1131591796875,567.1969604492188,0.99966204,610.6414794921875,565.0554809570312,0.99998355,620.7567749023438,637.9067993164062,0.9992387,593.25927734375,632.7808837890625,0.99987173,628.7532958984375,692.6034545898438,0.99911004,610.8068237304688,698.2425537109375,0.9997408,634.5250244140625,710.4409790039062,0.99889696,611.9143676757812,718.0738525390625,0.9994766,638.107421875,711.575927734375,0.99886644,622.4293823242188,717.7940063476562,0.9994622,637.294921875,707.0902709960938,0.99896777,622.9703369140625,710.10888671875,0.9995728,628.6670532226562,699.7423095703125,0.99957937,618.6434326171875,699.4334716796875,0.99987364,624.28466796875,792.1096801757812,0.99936134,631.8438110351562,794.9451904296875,0.99967754,559.7612915039062,858.501708984375,0.9996331,618.7840576171875,891.7056884765625,0.99942964,540.790771484375,863.768310546875,0.99923277,604.13818359375,910.0665893554688,0.99900347,572.7954711914062,896.4876098632812,0.9991204,658.6260375976562,913.1376953125,0.9987405
134,673.072998046875,532.4452514648438,0.99980444,671.3934936523438,523.2745971679688,0.99970406,670.9808349609375,523.11474609375,0.9996513,670.4514770507812,522.9226684570312,0.99958426,668.80322265625,522.6957397460938,0.99979657,666.4127807617188,522.17236328125,0.99982184,664.0424194335938,521.5875244140625,0.99983656,655.9816284179688,522.3375244140625,0.9995345,649.6720581054688,521.1340942382812,0.9998859,665.9984130859375,540.2282104492188,0.9996049,662.6121215820312,538.864501953125,0.99979013,634.61083984375,567.1829223632812,0.9995956,615.0399780273438,565.1852416992188,0.9999789,627.616943359375,639.2496948242188,0.9992986,598.2245483398438,632.6539916992188,0.9998822,636.2320556640625,695.6978759765625,0.9992053,615.2521362304688,697.6266479492188,0.99977654,641.5965576171875,714.4898681640625,0.9989759,615.352783203125,718.6627197265625,0.99954176,644.2151489257812,716.2014770507812,0.99893504,624.9268188476562,718.7188720703125,0.99953806,643.0977172851562,708.3655395507812,0.9990527,625.4966430664062,710.919921875,0.99964166,639.2562866210938,701.4942016601562,0.9995695,621.881591796875,701.2545166015625,0.9998623,637.9527587890625,790.9776611328125,0.9993333,633.0494995117188,797.601318359375,0.99961406,573.1279296875,855.2623901367188,0.99968255,621.7479248046875,893.33642578125,0.99939764,554.8936767578125,860.1026611328125,0.99939287,608.8331909179688,911.3363647460938,0.9989309,583.6519165039062,892.6908569335938,0.9992206,663.4234008789062,913.55517578125,0.9986904
135,677.751953125,532.63037109375,0.9998118,676.695068359375,523.3894653320312,0.9997367,676.4484252929688,523.298095703125,0.9996898,675.9573974609375,523.224853515625,0.9996345,673.5208129882812,522.7409057617188,0.9998074,671.312744140625,522.1637573242188,0.9998313,668.8931274414062,521.5217895507812,0.99984646,661.488525390625,522.47314453125,0.9995939,654.3573608398438,520.7371215820312,0.999892,671.1607055664062,540.3754272460938,0.9995956,667.262451171875,539.1046752929688,0.99978,638.470947265625,567.6939697265625,0.9996049,621.263427734375,564.3231811523438,0.99997854,632.958251953125,640.4971923828125,0.9993538,604.5613403320312,633.2103271484375,0.9998859,640.2174072265625,693.0816650390625,0.9992931,620.7938232421875,697.5802612304688,0.9997749,641.8047485351562,712.2035522460938,0.9991135,620.7024536132812,716.94384765625,0.99954873,643.2612915039062,712.7449340820312,0.9990601,629.5616455078125,715.949951171875,0.9995453,642.4974365234375,704.0902099609375,0.9991541,630.52685546875,709.378173828125,0.99963737,646.2445068359375,701.6384887695312,0.9997677,626.8418579101562,702.378173828125,0.9999118,661.8829345703125,788.2933349609375,0.99948466,630.9189453125,799.3278198242188,0.9996402,589.1448364257812,855.1780395507812,0.9997998,621.5135498046875,891.91259765625,0.99942744,570.667236328125,858.9081420898438,0.9996125,609.9420776367188,910.402099609375,0.9990188,595.4738159179688,886.8626098632812,0.99942076,664.0382080078125,913.6619262695312,0.9988305
136,683.5298461914062,533.40966796875,0.99939764,682.1181030273438,524.09619140625,0.9992084,681.5674438476562,523.8196411132812,0.99911004,680.9183349609375,523.4951171875,0.99894744,680.0721435546875,523.5803833007812,0.9994253,677.8799438476562,523.0452270507812,0.9995005,675.60205078125,522.470947265625,0.999554,666.9384155273438,522.1126098632812,0.9988575,661.0389404296875,520.941650390625,0.9996898,676.0889892578125,540.7799682617188,0.998884,673.22216796875,539.4742431640625,0.99940693,641.5269775390625,566.6810913085938,0.99913067,626.479248046875,563.8549194335938,0.99995935,631.560546875,636.2626342773438,0.9987551,610.5341796875,632.197998046875,0.9998118,640.7505493164062,692.6345825195312,0.99864894,626.1917724609375,697.5346069335938,0.9996215,645.9519653320312,711.2485961914062,0.99843305,625.8186645507812,716.5479125976562,0.99928194,647.3655395507812,711.7697143554688,0.998319,634.6165161132812,715.2684326171875,0.99925333,646.5015258789062,703.4132080078125,0.99843305,635.8096923828125,708.8905639648438,0.99939764,651.9988403320312,701.1170043945312,0.99918956,632.7811279296875,701.66650390625,0.99971753,669.6093139648438,787.3988647460938,0.9987649,631.5684204101562,795.7188110351562,0.9992387,602.9281616210938,859.8671875,0.9996699,622.647705078125,890.1814575195312,0.9991272,582.35498046875,861.7411499023438,0.9994363,610.7631225585938,910.8584594726562,0.9985619,606.8310546875,885.0860595703125,0.99932015,661.3822021484375,915.1026000976562,0.99852777
137,689.8023681640625,533.1871337890625,0.9992446,688.0729370117188,523.8855590820312,0.9990746,687.5266723632812,523.5642700195312,0.99895966,686.8995361328125,523.1920776367188,0.99884856,686.2706909179688,523.4552001953125,0.99932015,684.27734375,522.9295654296875,0.99938333,681.9602661132812,522.4451904296875,0.999445,672.9308471679688,522.1326904296875,0.9987551,667.9105224609375,521.6056518554688,0.99960953,682.503173828125,540.4312744140625,0.9988213,679.62255859375,539.3307495117188,0.9993487,647.5510864257812,566.1073608398438,0.99915075,631.8397827148438,563.8685302734375,0.9999465,641.6630249023438,635.7880249023438,0.99847525,616.0137329101562,630.9601440429688,0.9996947,650.876220703125,692.0822143554688,0.99773055,633.43701171875,696.5499267578125,0.99936384,653.2505493164062,710.827880859375,0.9974191,632.2069091796875,715.8977661132812,0.99894744,654.5908203125,711.0858764648438,0.99724233,641.3172607421875,714.66259765625,0.99890554,653.6939086914062,702.760009765625,0.9973374,642.217041015625,707.3523559570312,0.99908185,658.357666015625,701.4360961914062,0.99886644,638.7708740234375,701.76611328125,0.9995103,673.2383422851562,788.25537109375,0.9989392,634.2435302734375,794.871826171875,0.99911696,623.942626953125,866.968994140625,0.99961996,622.4826049804688,885.9020385742188,0.99918324,608.0996704101562,877.0847778320312,0.99935883,609.310546875,904.6461181640625,0.9987453,647.6959228515625,894.4813232421875,0.9991768,659.5989379882812,914.4729614257812,0.9986541
138,695.9134521484375,533.5569458007812,0.999608,694.2647705078125,524.35205078125,0.9995363,693.5675659179688,524.0015258789062,0.99948466,692.732666015625,523.5870971679688,0.999445,692.5601196289062,523.8167724609375,0.9996458,690.4766235351562,523.2167358398438,0.99967754,688.1895751953125,522.6473999023438,0.99971753,678.47021484375,522.2686157226562,0.99942964,674.0429077148438,521.468505859375,0.99980587,688.105224609375,540.6107177734375,0.99948066,685.5288696289062,539.4384765625,0.9996923,653.89208984375,565.8795166015625,0.9996458,638.1856079101562,562.701904296875,0.9999745,642.4374389648438,633.8500366210938,0.99903786,622.0723266601562,630.933349609375,0.99977654,653.0264892578125,690.243896484375,0.99784267,641.46875,695.826416015625,0.999423,657.6649169921875,708.464111328125,0.99758446,641.0377197265625,715.3690795898438,0.9990854,658.9947509765625,708.9430541992188,0.9975274,650.5538330078125,714.0626831054688,0.999089,658.6363525390625,700.4827880859375,0.99759394,651.5247192382812,706.6966552734375,0.99921453,664.27978515625,700.2575073242188,0.99935883,642.2813110351562,699.7937622070312,0.9996402,687.700927734375,784.2556762695312,0.9996302,637.3920288085938,792.8391723632812,0.9995987,641.813232421875,873.7348022460938,0.99979013,624.7681274414062,885.8312377929688,0.99945575,627.6129760742188,891.3797607421875,0.99958915,614.069091796875,903.9575805664062,0.9991928,671.49072265625,901.7799682617188,0.9992706,659.1097412109375,911.623291015625,0.99886644
139,701.4234008789062,534.9498291015625,0.99982053,700.4928588867188,525.5148315429688,0.9997918,699.8701782226562,525.1083984375,0.9997603,699.1229858398438,524.657958984375,0.99973875,698.4683227539062,524.8479614257812,0.99984646,696.3189086914062,524.0794677734375,0.99986017,694.1834716796875,523.3711547851562,0.9998785,684.8992919921875,522.7848510742188,0.99969935,680.3921508789062,521.9408569335938,0.9999138,693.6640014648438,541.3268432617188,0.99969935,690.9154663085938,540.278076171875,0.99984026,663.0263671875,566.7706298828125,0.99968004,643.9146728515625,562.9187622070312,0.99998355,653.9171142578125,637.2597045898438,0.9991928,627.4638671875,630.6790161132812,0.9998511,663.6770629882812,690.4255981445312,0.997851,647.8758544921875,695.058837890625,0.9996345,664.96337890625,708.0933227539062,0.99771273,647.2366333007812,714.642333984375,0.99941623,669.2178344726562,708.4949951171875,0.99759394,657.0833129882812,713.5576171875,0.9994093,665.9741821289062,700.6094970703125,0.99766773,658.2758178710938,706.5224609375,0.99950445,668.4771118164062,700.3114013671875,0.9997154,645.4822998046875,699.35986328125,0.99984026,696.491943359375,783.1024780273438,0.99984646,639.5110473632812,791.9328002929688,0.9998623,656.4428100585938,875.001220703125,0.99991107,622.3824462890625,889.689697265625,0.9997603,642.115478515625,890.9696044921875,0.9998134,611.9763793945312,908.128173828125,0.99958915,692.9486694335938,903.2133178710938,0.9995308,651.12353515625,915.6806640625,0.9992563
140,707.6181030273438,535.4944458007812,0.99989283,706.4231567382812,526.1197509765625,0.99987173,705.7120361328125,525.7721557617188,0.9998535,704.8859252929688,525.3872680664062,0.99984527,704.4073486328125,525.453857421875,0.99990165,702.3236083984375,524.7031860351562,0.99990535,700.2860107421875,523.9995727539062,0.99991715,690.37109375,523.7509765625,0.9998247,686.5220947265625,522.6046142578125,0.9999355,699.6162719726562,542.022216796875,0.9998191,697.1090087890625,540.8417358398438,0.9998945,667.2989501953125,566.861328125,0.99980897,649.3065795898438,563.8475341796875,0.9999844,659.4249267578125,637.0100708007812,0.99954176,633.4547729492188,630.4822998046875,0.99987566,667.6982421875,691.0340576171875,0.9988167,654.5411376953125,694.1595458984375,0.99972624,668.828125,708.1365966796875,0.9986594,654.9385375976562,713.6424560546875,0.99957615,672.99169921875,708.3552856445312,0.998606,664.3739624023438,712.4033203125,0.99957615,669.8848876953125,700.4395141601562,0.9986541,664.0612182617188,705.1734619140625,0.9996402,673.9766845703125,699.7172241210938,0.99981624,649.3453979492188,699.7113647460938,0.9998766,704.22021484375,781.4946899414062,0.99991846,643.43505859375,791.7271728515625,0.99991846,679.1375732421875,876.37939453125,0.99993074,621.951416015625,889.712158203125,0.99983907,667.9834594726562,893.7120361328125,0.9998511,611.4818115234375,906.9091796875,0.99971753,722.354248046875,902.21435546875,0.99960333,645.6943969726562,913.1990356445312,0.99945146
141,713.2875366210938,536.757568359375,0.9999385,711.8356323242188,527.439208984375,0.99991775,711.0625610351562,526.9216918945312,0.9999069,710.141845703125,526.3380126953125,0.99989927,710.3515014648438,526.9273681640625,0.99993694,708.3423461914062,526.0963134765625,0.9999398,706.247802734375,525.327392578125,0.9999461,695.9224243164062,524.103759765625,0.99988854,692.56591796875,523.578857421875,0.99995863,705.2654418945312,542.821533203125,0.9998977,703.1384887695312,541.8077392578125,0.99993944,672.4478149414062,567.5625610351562,0.99986756,655.1099243164062,563.312744140625,0.99998903,664.7687377929688,638.5374755859375,0.9996259,640.83544921875,630.732666015625,0.9998945,673.7122802734375,694.4065551757812,0.9990452,662.44677734375,694.3965454101562,0.99976224,675.0408325195312,712.8698120117188,0.9988121,663.8800048828125,713.6907348632812,0.99961406,679.4537963867188,709.9619140625,0.99877447,672.9700927734375,712.7111206054688,0.99960333,676.4893798828125,705.2344360351562,0.9988575,672.8802490234375,705.6373291015625,0.99968004,680.5930786132812,699.5771484375,0.99980134,657.7100219726562,698.6690673828125,0.99987566,707.79541015625,783.734375,0.99989283,648.4649047851562,792.6773681640625,0.9999008,702.606689453125,881.3753662109375,0.9998535,621.9193115234375,888.1998901367188,0.9997198,691.6691284179688,899.6806030273438,0.99968493,607.7623291015625,906.47509765625,0.99949265,745.024658203125,900.0847778320312,0.99931216,653.09912109375,911.212646484375,0.9991066
142,719.9873657226562,537.9024658203125,0.9999573,718.1471557617188,528.4853515625,0.99994266,717.138427734375,527.90771484375,0.99993396,715.9749755859375,527.2328491210938,0.9999286,717.3154296875,528.2598876953125,0.9999553,715.7012939453125,527.4556884765625,0.99995637,713.7327270507812,526.6171264648438,0.99996054,702.1256713867188,525.2191772460938,0.99992275,699.892333984375,524.9027709960938,0.99996924,711.3388061523438,544.1829223632812,0.9999292,709.9922485351562,543.3556518554688,0.9999553,677.5108032226562,568.723388671875,0.9998977,661.5744018554688,564.0570068359375,0.99999106,666.0556030273438,638.19873046875,0.9996699,646.9496459960938,630.8333740234375,0.99989927,678.6829223632812,694.092529296875,0.99907815,669.3583984375,694.2144165039062,0.9997546,681.3263549804688,713.091064453125,0.9988708,671.4534301757812,713.4970092773438,0.9996018,683.1408081054688,713.859130859375,0.99882597,680.9567260742188,712.3170166015625,0.9995987,682.7976684570312,705.6390380859375,0.99889696,680.6901245117188,705.1159057617188,0.99967504,686.751220703125,699.988037109375,0.9998118,664.3036499023438,699.4610595703125,0.9998727,714.481201171875,785.2835083007812,0.99990606,652.1768798828125,794.9962768554688,0.99991107,721.6888427734375,882.6972045898438,0.9998568,623.2882080078125,888.950927734375,0.9997154,712.21484375,902.4564819335938,0.9996947,608.5573120117188,907.1124267578125,0.99950254,767.4486083984375,898.0545043945312,0.9993513,657.0506591796875,911.875732421875,0.9991374
143,725.4442138671875,540.1007080078125,0.99995863,723.851806640625,530.7161254882812,0.9999422,722.8772583007812,530.147705078125,0.9999318,721.7969360351562,529.4359741210938,0.99992514,723.0089111328125,530.5470581054688,0.99995637,721.4247436523438,529.8056030273438,0.99995863,719.4992065429688,528.933349609375,0.9999629,707.8615112304688,527.0418701171875,0.99991906,705.828857421875,526.9489135742188,0.9999716,717.0997314453125,546.4473876953125,0.9999329,715.6358032226562,545.6870727539062,0.99996173,683.2794189453125,569.5755615234375,0.99993396,668.0400390625,566.0879516601562,0.99999464,671.4371948242188,638.456787109375,0.99978346,653.8790283203125,632.5857543945312,0.9999453,683.79541015625,692.001220703125,0.9993462,677.1629638671875,694.8795166015625,0.9998499,686.5308227539062,709.5536499023438,0.9992267,679.981201171875,714.0235595703125,0.99974483,688.2850952148438,709.59619140625,0.99918324,688.8682250976562,712.2939453125,0.99973875,687.9835205078125,701.4552001953125,0.9992387,688.2969360351562,705.6604614257812,0.9997918,690.2906494140625,703.415771484375,0.99986017,670.303466796875,703.0103149414062,0.9999151,719.1973266601562,788.800537109375,0.99992454,655.5972290039062,796.6759033203125,0.99993026,739.3313598632812,881.6908569335938,0.9998727,622.8225708007812,889.4019775390625,0.99974877,731.2439575195312,901.8121337890625,0.99972194,608.3792724609375,906.6990966796875,0.99955577,785.1148681640625,893.997802734375,0.99948066,657.6624755859375,912.2049560546875,0.99929035
144,732.7420654296875,541.5521850585938,0.99997926,731.223876953125,532.1756591796875,0.999969,730.3323364257812,531.6141357421875,0.9999629,729.2853393554688,530.9641723632812,0.999959,730.2456665039062,531.9010009765625,0.9999764,728.5158081054688,531.1312255859375,0.99997747,726.520263671875,530.3958129882812,0.9999794,715.2928466796875,528.686767578125,0.99995637,712.85546875,528.8228149414062,0.9999846,724.4857177734375,547.6845092773438,0.9999627,722.7229614257812,546.8412475585938,0.99997735,689.0946044921875,570.2373657226562,0.99995244,674.856201171875,566.154052734375,0.9999962,676.6516723632812,639.8157958984375,0.99983394,661.5245361328125,633.899169921875,0.99996054,690.337890625,694.2134399414062,0.99947256,685.8648681640625,696.6502685546875,0.99987566,692.2822875976562,711.8673706054688,0.9993068,688.6825561523438,715.672607421875,0.9997658,697.8748779296875,711.234619140625,0.99928194,697.3861694335938,713.801513671875,0.99976224,694.7738647460938,706.8353271484375,0.9993487,697.0318603515625,707.1045532226562,0.9998148,695.8440551757812,702.4288330078125,0.99986446,677.51318359375,701.58349609375,0.99992216,725.66552734375,788.9774169921875,0.9999008,659.69921875,797.39208984375,0.99991846,753.9076538085938,879.6642456054688,0.9997918,624.0831298828125,890.2757568359375,0.9996049,746.4453125,901.3333740234375,0.9995627,608.884765625,907.2271118164062,0.9992792,798.7732543945312,890.0426025390625,0.9992206,659.4580078125,913.998046875,0.99890125
145,738.756591796875,543.2369995117188,0.999984,737.7152099609375,533.8001708984375,0.9999757,736.9059448242188,533.27783203125,0.99997115,736.0746459960938,532.664306640625,0.99996734,736.5196533203125,533.497314453125,0.99998164,734.9779663085938,532.7100830078125,0.999982,733.189697265625,531.8605346679688,0.9999839,722.912109375,530.2532958984375,0.9999646,720.0029296875,529.9277954101562,0.9999881,731.0770263671875,549.3048095703125,0.99996924,729.00341796875,548.4315795898438,0.99998224,695.9076538085938,572.5126342773438,0.99995315,682.28369140625,567.5704956054688,0.99999666,683.5872192382812,641.286376953125,0.99980897,667.0635986328125,634.8147583007812,0.99995387,695.9005737304688,696.8400268554688,0.99940693,692.7119140625,695.06494140625,0.9998697,698.1549682617188,715.6810302734375,0.9992563,696.1151123046875,713.8941040039062,0.9997695,700.8165283203125,715.3070068359375,0.9992267,704.6021728515625,710.8013305664062,0.9997658,700.6408081054688,707.5328979492188,0.9992848,703.4197387695312,705.1832885742188,0.99982053,702.3779907226562,702.5743408203125,0.9998822,682.7045288085938,701.0658569335938,0.99992967,733.26220703125,790.0809326171875,0.9999286,664.8296508789062,795.609130859375,0.99994123,762.7928466796875,882.0369262695312,0.9998416,624.31494140625,887.991455078125,0.99971753,756.3623657226562,903.1928100585938,0.99966073,610.257080078125,905.0521850585938,0.99949265,811.6200561523438,888.3411865234375,0.9993487,659.66259765625,912.940673828125,0.99916387
146,746.1077880859375,544.43994140625,0.99997926,744.826904296875,535.2319946289062,0.99996924,744.0098876953125,534.7440185546875,0.99996376,743.0911865234375,534.1615600585938,0.99995935,743.8123168945312,534.8463134765625,0.99997663,742.2314453125,534.0365600585938,0.99997747,740.3482666015625,533.180419921875,0.99997985,729.184814453125,531.7949829101562,0.9999567,726.9263916015625,531.4107666015625,0.99998546,737.9144897460938,550.5025634765625,0.9999652,736.2600708007812,549.6300659179688,0.9999795,704.062744140625,573.2809448242188,0.9999517,689.257080078125,568.7723999023438,0.99999654,694.8074340820312,641.7730712890625,0.9997981,675.0455322265625,635.7833862304688,0.99995244,702.6409301757812,696.0647583007812,0.99932814,700.49462890625,695.6586303710938,0.9998579,704.3560791015625,715.4710083007812,0.9991704,703.3922119140625,714.3655395507812,0.99973875,710.3402709960938,714.886962890625,0.9991374,711.9979858398438,712.3380737304688,0.9997347,710.2567138671875,706.9073486328125,0.9992084,711.7451171875,705.6355590820312,0.9997981,710.1048583984375,703.1652221679688,0.99987066,690.4136352539062,702.0509643554688,0.99992335,741.1445922851562,790.9747924804688,0.99990535,669.9801635742188,795.4444580078125,0.99991584,768.2938232421875,884.880126953125,0.9997546,625.0650634765625,888.8480224609375,0.9995453,761.6640014648438,904.8864135742188,0.99948466,610.3984375,905.173095703125,0.99921143,820.1832885742188,890.801025390625,0.9990073,661.061767578125,912.8956298828125,0.9987888
147,754.222412109375,545.61279296875,0.99998164,752.8902587890625,536.4819946289062,0.9999738,752.12353515625,536.0180053710938,0.9999683,751.3020629882812,535.4458618164062,0.99996495,751.8187255859375,536.10009765625,0.99997973,750.2557983398438,535.298095703125,0.9999802,748.3569946289062,534.37451171875,0.9999825,737.8036499023438,532.8479614257812,0.99996054,734.685546875,532.3778686523438,0.9999865,746.1592407226562,551.7252197265625,0.99996674,744.3800048828125,550.882080078125,0.9999802,713.37109375,574.1627197265625,0.999949,696.447998046875,569.0430908203125,0.9999964,704.3961791992188,643.3678588867188,0.99978,682.326904296875,636.4380493164062,0.9999521,712.5094604492188,698.2139282226562,0.99918646,707.4208374023438,696.8104858398438,0.9998511,716.7202758789062,716.9806518554688,0.99900347,709.9812622070312,715.8531494140625,0.9997347,719.315673828125,716.7681884765625,0.99896777,719.1928100585938,713.9214477539062,0.9997241,719.384033203125,709.2640380859375,0.99903786,719.088623046875,707.2440795898438,0.9997868,717.8206787109375,702.6881103515625,0.9998568,696.5289306640625,701.7161254882812,0.9999132,747.913330078125,790.4052124023438,0.99991107,677.9207763671875,795.3617553710938,0.99992275,771.0594482421875,884.4314575195312,0.99979335,624.4760131835938,885.9080810546875,0.99961406,764.6256713867188,905.214111328125,0.9995592,608.7578735351562,903.6309814453125,0.9993228,819.2640380859375,894.9672241210938,0.9990996,662.7158203125,912.35205078125,0.9989267
148,761.253173828125,546.0536499023438,0.99998176,759.7996826171875,536.8037719726562,0.9999738,758.8895874023438,536.2674560546875,0.99996877,757.8428344726562,535.614013671875,0.99996626,758.938232421875,536.6309814453125,0.9999802,757.3424072265625,535.9144287109375,0.9999808,755.5057983398438,535.1045532226562,0.9999827,744.0137939453125,533.04150390625,0.9999627,741.798583984375,532.83740234375,0.999987,753.0423583984375,551.95166015625,0.99996877,751.5458374023438,551.3306274414062,0.9999814,719.392333984375,573.8878173828125,0.9999553,703.9152221679688,570.1099243164062,0.99999666,711.7927856445312,642.6669311523438,0.99980897,690.1846923828125,636.9901733398438,0.9999509,721.4891357421875,697.045654296875,0.9993228,713.1862182617188,695.8243408203125,0.9998591,724.3202514648438,716.1748046875,0.99916387,715.9429321289062,714.90625,0.9997508,726.42236328125,716.331787109375,0.9991374,724.962646484375,713.6573486328125,0.99973875,726.3784790039062,708.6231689453125,0.9992053,724.98828125,706.9524536132812,0.9997998,726.58544921875,703.6748046875,0.9998766,704.511962890625,703.3787231445312,0.9999292,756.5828857421875,791.1351318359375,0.99992573,686.5361938476562,796.0887451171875,0.99993396,774.1525268554688,883.8502807617188,0.99983776,627.2595825195312,883.9078369140625,0.99968493,767.0699462890625,904.9168701171875,0.9996499,611.141357421875,899.6707763671875,0.9994684,819.8417358398438,897.5646362304688,0.9992206,662.1934814453125,912.769775390625,0.9990854
149,768.531982421875,546.2054443359375,0.9999635,767.3443603515625,536.8154907226562,0.9999502,766.5502319335938,536.2759399414062,0.99994266,765.7487182617188,535.66552734375,0.9999385,766.1006469726562,536.6306762695312,0.99996233,764.5498046875,535.9217529296875,0.9999629,762.7872924804688,535.16259765625,0.99996734,752.5135498046875,533.2939453125,0.9999349,749.4362182617188,532.9810791015625,0.99997675,761.0353393554688,552.0555419921875,0.9999443,758.9895629882812,551.4819946289062,0.9999676,726.6406860351562,574.1609497070312,0.99993944,712.3778686523438,569.6080932617188,0.99999595,714.7357177734375,642.1325073242188,0.9997508,697.145263671875,635.853271484375,0.9999435,726.4104614257812,694.709716796875,0.9990854,718.1546020507812,696.4959716796875,0.99980897,727.6045532226562,712.6668090820312,0.9989309,720.6942138671875,715.171875,0.9996699,729.600341796875,711.8688354492188,0.9988796,730.1349487304688,712.6590576171875,0.99966204,729.7495727539062,703.9821166992188,0.99895155,729.0770263671875,707.286865234375,0.9997347,735.9376220703125,704.1259765625,0.99985576,714.1689453125,702.7662353515625,0.9999274,762.4297485351562,792.7835083007812,0.99989843,694.782470703125,797.024658203125,0.9999132,777.2833251953125,885.8667602539062,0.9997584,632.8121337890625,879.0924072265625,0.9996111,767.7276000976562,904.759765625,0.99948466,615.3875122070312,891.9632568359375,0.9993538,822.9207153320312,899.6054077148438,0.9989225,660.1594848632812,912.7312622070312,0.99894744
150,775.432861328125,545.8939208984375,0.99993896,774.0357055664062,536.26904296875,0.99991846,773.252685546875,535.696044921875,0.9999069,772.350830078125,535.0682373046875,0.99990237,772.8876953125,536.1266479492188,0.99993694,771.1920166015625,535.3798828125,0.9999379,769.265380859375,534.630126953125,0.9999453,758.8759765625,533.116455078125,0.9998952,755.5198974609375,532.544189453125,0.9999603,767.7076416015625,551.7609252929688,0.9999083,765.7339477539062,551.5050659179688,0.9999453,737.391357421875,573.4346923828125,0.99989605,718.2644653320312,569.4932861328125,0.9999919,729.738525390625,641.4265747070312,0.99961406,705.0482177734375,636.1519775390625,0.99988854,736.2398681640625,694.5919189453125,0.99860066,725.0306396484375,696.98779296875,0.9996594,736.6296997070312,712.1250610351562,0.9984633,725.9793701171875,714.2294921875,0.9994887,738.0772094726562,711.6193237304688,0.99836427,736.0054321289062,712.8350830078125,0.99945575,738.4170532226562,704.1320190429688,0.9984145,735.9950561523438,707.7459106445312,0.99955755,745.2676391601562,703.1689453125,0.9997695,721.5628662109375,702.7866821289062,0.9998795,768.3972778320312,790.7217407226562,0.9998945,707.9675903320312,798.0325317382812,0.9999001,776.6774291992188,884.6102905273438,0.9997584,639.0189208984375,874.0263671875,0.99968255,766.1265869140625,904.6405029296875,0.9994887,621.099853515625,882.0569458007812,0.9995178,820.7066650390625,903.233642578125,0.9987405,661.4237670898438,912.8775024414062,0.9991135
151,783.0760498046875,545.9034423828125,0.99996173,782.1357421875,536.1754150390625,0.9999465,781.170166015625,535.5433959960938,0.9999379,780.0988159179688,534.867431640625,0.99993694,781.3463134765625,536.1799926757812,0.99995804,779.7220458984375,535.491455078125,0.99995863,777.9041748046875,534.7417602539062,0.9999629,766.4947509765625,532.8846435546875,0.9999349,763.428955078125,532.1798095703125,0.9999745,774.7012939453125,552.0657958984375,0.99994564,773.1283569335938,551.5929565429688,0.9999678,746.2847900390625,573.7833251953125,0.99992454,725.0453491210938,568.2225952148438,0.99999416,740.0278930664062,643.7655029296875,0.99964714,711.10693359375,633.4429931640625,0.9999039,745.6958618164062,694.58984375,0.99879813,731.50439453125,695.4139404296875,0.9997198,745.8692626953125,712.096435546875,0.9986646,732.8736572265625,713.3904418945312,0.99958104,747.3740234375,711.4759521484375,0.9986223,742.230712890625,711.9559326171875,0.9995592,747.6715698242188,703.8485717773438,0.9986749,742.18310546875,704.565673828125,0.9996444,751.8606567382812,702.9747314453125,0.999795,728.7637329101562,701.895263671875,0.9998945,771.8372802734375,792.7144775390625,0.99990606,719.6902465820312,797.5216064453125,0.99990904,777.1381225585938,884.834228515625,0.99973875,648.4110717773438,869.2498779296875,0.99974686,766.6250610351562,904.169921875,0.9994429,629.6722412109375,874.0145263671875,0.9996259,821.5704345703125,903.0045166015625,0.9986436,664.470947265625,913.307861328125,0.9992848
152,789.8214111328125,544.7265014648438,0.99994123,789.263427734375,535.438232421875,0.9999145,788.369384765625,534.8580322265625,0.99989927,787.363037109375,534.2149047851562,0.99989367,788.2230224609375,535.3936767578125,0.99993646,786.5263671875,534.7005004882812,0.99994075,784.7027587890625,533.9419555664062,0.99994695,773.3534545898438,531.9025268554688,0.99989367,770.4061279296875,531.0626831054688,0.99996626,781.6778564453125,550.575927734375,0.99991965,779.9706420898438,550.2503662109375,0.99995637,753.3348388671875,571.2080078125,0.99989283,730.669189453125,567.2905883789062,0.9999933,746.0555419921875,643.2413330078125,0.9994867,717.3826293945312,634.4818115234375,0.9998902,752.1707763671875,694.3656005859375,0.99832565,736.9827880859375,695.8473510742188,0.99968743,752.8814086914062,711.9242553710938,0.99828595,738.6851806640625,714.001953125,0.9995272,757.4938354492188,711.3989868164062,0.99818975,747.9701538085938,712.0883178710938,0.99950445,755.0762939453125,704.0524291992188,0.9981969,748.3090209960938,706.641845703125,0.9995956,759.0767211914062,701.1160888671875,0.99972194,737.0558471679688,698.7442016601562,0.99986017,771.9117431640625,792.5101318359375,0.9998579,734.8553466796875,796.5191040039062,0.99986446,778.5555419921875,883.9717407226562,0.9996444,660.893310546875,863.4921875,0.9997154,768.4473876953125,902.6170043945312,0.9992679,642.52490234375,866.4640502929688,0.9996111,822.2378540039062,902.2464599609375,0.998487,667.2293701171875,909.663818359375,0.9993411
153,794.9747314453125,543.9482421875,0.99984884,794.4148559570312,534.7352294921875,0.9997546,793.5039672851562,534.1360473632812,0.9997154,792.4667358398438,533.454833984375,0.9996724,793.6593017578125,534.705810546875,0.9998287,792.1588134765625,534.028564453125,0.9998535,790.43115234375,533.220947265625,0.99987066,778.5700073242188,531.018310546875,0.9996402,776.2987060546875,530.2002563476562,0.99991906,786.5408935546875,549.781494140625,0.9997408,785.100341796875,549.452880859375,0.9998623,754.915771484375,570.5689086914062,0.99964166,737.5386962890625,567.0382690429688,0.9999877,745.4708862304688,642.0966186523438,0.9989837,723.3892211914062,634.1878662109375,0.999884,752.9035034179688,697.0616455078125,0.9987257,744.2335205078125,695.7388916015625,0.9997851,755.73388671875,715.2601928710938,0.99847525,744.3936767578125,714.5953979492188,0.9995592,757.8921508789062,716.3177490234375,0.99839586,753.297119140625,713.6317138671875,0.9995627,758.919189453125,708.0221557617188,0.9985392,754.3256225585938,707.7128295898438,0.99966073,758.0767211914062,699.62158203125,0.99960023,748.2354125976562,695.452880859375,0.9998894,753.9240112304688,794.6267700195312,0.9991736,765.02978515625,793.1568603515625,0.9996486,672.9384765625,860.0010986328125,0.9994947,777.031494140625,886.2820434570312,0.9991704,654.9746704101562,865.6351318359375,0.99903023,767.0089111328125,904.2376098632812,0.9986853,676.8086547851562,902.41064453125,0.9987257,820.5922241210938,906.5049438476562,0.998103
154,800.5784912109375,543.1137084960938,0.9998832,800.4022216796875,533.85986328125,0.99983656,799.7108764648438,533.4061279296875,0.9998104,798.9537963867188,532.8865966796875,0.9997868,799.065185546875,533.3232421875,0.9998766,797.3829956054688,532.36962890625,0.9998876,795.3987426757812,531.3912353515625,0.99989927,785.4218139648438,530.1519775390625,0.9997818,781.3646240234375,528.5135498046875,0.9999335,792.5400390625,549.2936401367188,0.9998029,790.5101318359375,548.685791015625,0.99988675,759.4210815429688,571.0650634765625,0.99977654,742.430908203125,565.7994384765625,0.9999882,750.1587524414062,642.7222290039062,0.9991991,727.3093872070312,632.498046875,0.99987364,758.7088623046875,694.4596557617188,0.99895155,748.712158203125,692.9758911132812,0.9997408,762.4038696289062,712.6702880859375,0.99886644,748.940673828125,711.675537109375,0.99955755,763.8696899414062,714.3645629882812,0.9988121,757.8626708984375,711.398681640625,0.9995728,764.3985595703125,705.2669677734375,0.99884856,758.8434448242188,704.932373046875,0.9996513,766.864501953125,699.1500244140625,0.9997241,754.1199951171875,694.656494140625,0.9998977,767.2515258789062,794.3897094726562,0.9997818,771.5822143554688,792.4110717773438,0.9998416,691.96533203125,858.7930908203125,0.9998273,776.0960693359375,882.1220703125,0.99974686,675.4652709960938,862.795654296875,0.99963593,763.6500244140625,901.4700317382812,0.9996288,705.7872924804688,902.7882080078125,0.99932814,808.8582153320312,902.6981811523438,0.9992986
155,805.3939819335938,542.1471557617188,0.9999286,805.7021484375,532.919189453125,0.99989605,805.312744140625,532.5877685546875,0.9998822,804.818603515625,532.1990356445312,0.9998746,803.690185546875,532.2574462890625,0.99991775,801.7357788085938,531.3836059570312,0.99992096,799.4934692382812,530.4749145507812,0.9999263,791.7188720703125,529.8662109375,0.99988496,786.124267578125,527.7063598632812,0.99995315,798.2544555664062,548.574462890625,0.9999039,795.6058959960938,548.0409545898438,0.9999374,765.016357421875,570.3875732421875,0.9999292,748.3273315429688,565.2849731445312,0.99999154,755.5048217773438,641.74853515625,0.999617,731.5626220703125,632.12060546875,0.9998822,763.7514038085938,694.1806030273438,0.9994407,753.2257080078125,693.2420654296875,0.9996898,768.1216430664062,712.6480102539062,0.99931216,754.699951171875,711.418701171875,0.99950445,769.696533203125,713.8114624023438,0.9993068,763.106689453125,710.7216186523438,0.9995159,769.5267944335938,704.5418090820312,0.9993436,763.3268432617188,704.0478515625,0.99959713,768.7354736328125,699.2351684570312,0.9997868,760.9921875,696.2233276367188,0.999884,767.5147705078125,794.4961547851562,0.9998859,781.7686157226562,791.4088745117188,0.99985576,708.9052124023438,865.7818603515625,0.99980897,749.09716796875,870.2031860351562,0.9997851,693.6388549804688,877.4020385742188,0.9995523,734.6177368164062,879.27490234375,0.9997017,729.5582275390625,905.178955078125,0.99913067,774.8787231445312,914.4931030273438,0.9993538
156,810.00439453125,542.105224609375,0.9999485,810.6322631835938,533.0411987304688,0.99992967,810.318603515625,532.754150390625,0.99992156,809.9273681640625,532.4124755859375,0.99991906,808.3588256835938,532.190673828125,0.9999385,806.3015747070312,531.2510986328125,0.99993694,803.9902954101562,530.1849365234375,0.9999398,796.995361328125,530.048583984375,0.99992967,790.27587890625,527.2734375,0.99995995,802.7545166015625,548.4109497070312,0.9999379,799.6795043945312,547.6822509765625,0.9999553,772.17333984375,570.7947387695312,0.99995697,752.2216796875,565.07470703125,0.99999046,768.2984619140625,641.494384765625,0.99979335,736.7012329101562,632.2827758789062,0.99986553,777.4837036132812,695.4617919921875,0.99946636,757.6694946289062,692.7897338867188,0.99962294,782.4036254882812,713.899658203125,0.99933076,758.6341552734375,711.1444702148438,0.9994684,784.3883056640625,715.6890869140625,0.9993228,768.1923217773438,709.9773559570312,0.9994493,783.6791381835938,708.9837646484375,0.9993487,768.722412109375,703.5031127929688,0.999529,775.7894287109375,698.2556762695312,0.9998623,764.1643676757812,696.9383544921875,0.99988043,779.0309448242188,793.0709838867188,0.99993896,790.5626831054688,789.7509765625,0.9998969,773.0807495117188,884.5458374023438,0.99978346,721.2081909179688,856.2281494140625,0.9998416,760.6583862304688,902.3770141601562,0.9995197,700.6721801757812,861.3798217773438,0.99979657,814.7620239257812,903.5178833007812,0.99893504,733.8160400390625,902.8817749023438,0.9995678
157,815.7982177734375,541.4755249023438,0.9999778,816.0977172851562,532.6045532226562,0.9999665,815.690185546875,532.3615112304688,0.9999658,815.216796875,532.0623779296875,0.9999658,814.2103271484375,531.7373046875,0.9999615,812.3309326171875,530.7750244140625,0.999956,810.1928100585938,529.6854858398438,0.9999528,801.9069213867188,529.6011962890625,0.99997044,796.3014526367188,526.7623291015625,0.99995804,808.1339721679688,548.0945434570312,0.99996996,805.2648315429688,546.9660034179688,0.9999678,780.2840576171875,572.1956787109375,0.9999838,756.4132690429688,564.5159301757812,0.99998105,783.8109130859375,645.5254516601562,0.9999453,742.0181274414062,631.7477416992188,0.99984646,805.1401977539062,702.2744140625,0.9999008,759.8712768554688,692.316650390625,0.99972624,810.7239990234375,719.2086181640625,0.9998233,760.7286376953125,711.1680297851562,0.9996125,811.697998046875,720.9808959960938,0.9998313,770.0526733398438,709.8880615234375,0.99960643,807.5239868164062,714.4209594726562,0.99985576,772.6436767578125,703.5821533203125,0.99966466,782.068115234375,697.0720825195312,0.99991965,769.1005859375,696.418212890625,0.9998634,782.558837890625,792.1162109375,0.99996376,797.9288940429688,789.1444091796875,0.9998876,767.903564453125,879.222900390625,0.99988127,738.8172607421875,860.794677734375,0.99989843,760.6976318359375,895.6736450195312,0.9997305,716.19482421875,865.21044921875,0.99987173,811.7816162109375,902.71533203125,0.9994867,752.72705078125,900.4906005859375,0.99978346
158,821.2308959960938,540.742919921875,0.9999753,821.2459716796875,531.9058837890625,0.9999629,820.8155517578125,531.6510009765625,0.9999621,820.267578125,531.3377685546875,0.9999629,819.1890258789062,531.1137084960938,0.9999546,817.1788940429688,530.2162475585938,0.99994814,814.951171875,529.1897583007812,0.999944,806.3216552734375,529.1934814453125,0.99996996,801.0602416992188,526.6786499023438,0.9999502,813.8995361328125,547.4561157226562,0.9999683,811.0634155273438,546.5555419921875,0.99996376,786.47021484375,574.1018676757812,0.99998677,761.7078247070312,564.3897094726562,0.99997926,792.7575073242188,646.603759765625,0.9999435,744.9577026367188,631.365966796875,0.9997695,816.1619262695312,703.6461791992188,0.9998822,762.4351806640625,691.6755981445312,0.99953806,822.707763671875,720.8216552734375,0.99976224,764.1210327148438,709.446044921875,0.9993148,822.7904663085938,721.3312377929688,0.99977654,773.2360229492188,707.019775390625,0.9993175,818.3771362304688,714.9564819335938,0.99981767,774.2774658203125,700.808349609375,0.9994253,785.978515625,696.4893798828125,0.9998623,771.8766479492188,695.6029663085938,0.9997154,784.361328125,789.221435546875,0.99991584,806.5989379882812,785.9935913085938,0.9997131,770.170166015625,879.7777099609375,0.9995827,759.1889038085938,865.6071166992188,0.99961853,754.0929565429688,891.2659301757812,0.99901116,740.6502685546875,874.1631469726562,0.99950635,806.380615234375,903.8722534179688,0.99852777,776.8009033203125,900.484619140625,0.9992792
159,823.0164794921875,542.1455688476562,0.99998355,824.6298828125,533.6109619140625,0.99997115,824.8305053710938,533.5198364257812,0.99997044,824.9080200195312,533.39501953125,0.9999697,820.8507080078125,532.1527099609375,0.9999678,818.6967163085938,530.9172973632812,0.9999641,816.2294311523438,529.513427734375,0.9999584,811.9318237304688,530.8124389648438,0.9999763,803.7864990234375,526.636962890625,0.9999641,817.1754760742188,548.72216796875,0.9999685,812.7424926757812,547.431884765625,0.9999671,791.1751098632812,575.3501586914062,0.9999856,768.0164794921875,563.7152709960938,0.9999814,798.2198486328125,648.5758056640625,0.9999443,749.0597534179688,629.616455078125,0.99980897,822.5660400390625,704.388916015625,0.9998859,765.4829711914062,690.2427368164062,0.999566,829.59033203125,721.7525634765625,0.9997658,765.9072265625,708.4078979492188,0.99930406,830.6923217773438,722.1698608398438,0.99978346,775.6411743164062,706.2752685546875,0.9993333,826.8516845703125,716.0357666015625,0.9998233,777.3015747070312,700.1136474609375,0.9994319,786.4124145507812,697.826904296875,0.99980587,776.8529052734375,695.8193359375,0.99966466,783.1908569335938,793.659912109375,0.99984765,807.8901977539062,788.027587890625,0.9994319,770.4690551757812,881.6289672851562,0.9987551,770.712158203125,871.8088989257812,0.9988213,756.8701171875,897.1112670898438,0.9971771,753.4752197265625,883.7586669921875,0.99836427,807.9795532226562,905.124755859375,0.99633574,794.4273681640625,903.98779296875,0.99790895
160,827.4619750976562,541.622802734375,0.9999802,828.4156494140625,532.8933715820312,0.9999676,828.29931640625,532.766845703125,0.9999665,828.0335693359375,532.5654907226562,0.99996674,825.4344482421875,531.48291015625,0.99996436,823.3827514648438,530.256103515625,0.99996054,820.8718872070312,528.8475341796875,0.9999553,813.929931640625,529.7033081054688,0.9999738,807.6685791015625,526.333251953125,0.9999621,820.8175659179688,548.5325317382812,0.9999697,816.9908447265625,547.0612182617188,0.9999678,796.2096557617188,575.44921875,0.9999832,770.9840698242188,564.9354248046875,0.9999789,803.697998046875,647.14208984375,0.9999349,752.5465087890625,630.544921875,0.9997584,830.2103881835938,700.8956909179688,0.99989104,768.359375,691.106689453125,0.9995956,838.2872924804688,718.4234008789062,0.9997658,768.38037109375,709.3155517578125,0.9993175,840.2640380859375,718.4136962890625,0.99978,778.4171752929688,707.352294921875,0.99933076,836.351806640625,711.7412719726562,0.9998287,780.3507080078125,701.3640747070312,0.99945575,793.1707153320312,697.471435546875,0.99969935,782.4677734375,696.8103637695312,0.9995159,784.0801391601562,791.1111450195312,0.99979335,811.1071166992188,787.585205078125,0.9993881,779.7745971679688,882.7080078125,0.9984022,782.6076049804688,875.3256225585938,0.9984633,768.4644165039062,899.8453369140625,0.9962782,767.9796142578125,891.3843383789062,0.99762183,818.3889770507812,903.0142822265625,0.99575186,814.8673706054688,906.4556884765625,0.9970421
161,831.3230590820312,542.2020874023438,0.9999877,832.8170166015625,533.8237915039062,0.9999784,832.8574829101562,533.6996459960938,0.9999782,832.7659301757812,533.4989013671875,0.99997807,829.34423828125,532.2504272460938,0.9999757,827.24169921875,530.9215698242188,0.99997294,824.8244018554688,529.4309692382812,0.99996877,819.222412109375,530.6446533203125,0.9999833,811.8370361328125,526.2891235351562,0.99997413,824.7262573242188,549.1154174804688,0.99998164,820.5840454101562,547.752685546875,0.99998057,800.0296630859375,575.5240478515625,0.9999901,775.1663208007812,563.8049926757812,0.9999857,809.1331176757812,647.09814453125,0.99995494,756.9647827148438,629.7173461914062,0.99985456,836.379638671875,698.0330810546875,0.9999349,771.7606811523438,691.2035522460938,0.99977833,845.7379760742188,714.8983764648438,0.99984396,771.6104125976562,709.7196044921875,0.9996049,847.4992065429688,714.6771240234375,0.99986124,781.7133178710938,708.1468505859375,0.99963164,843.5387573242188,708.6712036132812,0.99989605,783.997314453125,701.94873046875,0.99970406,795.3744506835938,694.0962524414062,0.9997565,787.375,694.5155029296875,0.9995523,786.2506103515625,791.5689697265625,0.99982053,811.378662109375,787.9219360351562,0.999554,782.6566162109375,882.8435668945312,0.999089,793.6007690429688,881.3186645507812,0.99883956,771.8182373046875,898.6710205078125,0.9978594,779.8395385742188,896.6445922851562,0.99808073,822.7027587890625,900.9283447265625,0.99792516,830.741455078125,905.2109375,0.9977569
162,833.9641723632812,543.455078125,0.9999895,836.004638671875,534.218505859375,0.9999821,836.3310546875,534.1436767578125,0.9999814,836.5572509765625,534.0205688476562,0.99998116,832.13525390625,532.8490600585938,0.99997854,829.9937133789062,531.5473022460938,0.9999753,827.3775024414062,529.8154296875,0.99997187,823.6420288085938,531.673583984375,0.9999852,814.7621459960938,526.6962890625,0.99997437,827.676025390625,550.5034790039062,0.9999825,823.4119873046875,548.6104125976562,0.99998105,804.1932373046875,577.4806518554688,0.9999914,777.7986450195312,564.0380859375,0.99998426,813.95703125,646.2230224609375,0.99996674,758.8902587890625,628.2471923828125,0.99987566,841.6929321289062,695.1839599609375,0.9999573,773.1898193359375,691.775634765625,0.9998029,853.0267944335938,711.01953125,0.99989104,774.0407104492188,711.1487426757812,0.9996458,854.8287353515625,710.5833129882812,0.99990535,784.44140625,709.3464965820312,0.9996724,849.8206176757812,705.0906372070312,0.99992967,786.7544555664062,703.066650390625,0.9997367,798.8504638671875,695.7538452148438,0.99982053,792.8063354492188,693.7772216796875,0.9996513,789.2850341796875,789.00927734375,0.99989283,822.6726684570312,786.465576171875,0.9997347,785.086181640625,882.1953735351562,0.9995827,805.712646484375,880.15283203125,0.99937856,775.4979248046875,898.4410400390625,0.9989183,794.6162109375,895.2606811523438,0.99890554,826.5042724609375,899.2281494140625,0.99877447,841.1143188476562,902.5410766601562,0.99854493
163,837.7434692382812,543.48779296875,0.9999951,840.1516723632812,534.8229370117188,0.9999902,840.6769409179688,534.8546752929688,0.9999895,841.1074829101562,534.8230590820312,0.9999889,835.52978515625,532.8173828125,0.9999895,833.2217407226562,531.1876220703125,0.99998784,830.4461059570312,529.2860717773438,0.9999862,828.7551879882812,532.0709838867188,0.99999046,817.78125,525.9149780273438,0.99998677,832.0836181640625,550.2369995117188,0.9999887,826.77294921875,547.8244018554688,0.9999889,810.68896484375,577.9305419921875,0.9999924,781.398193359375,564.3472900390625,0.9999893,821.0885620117188,645.8364868164062,0.99996924,762.263916015625,629.14453125,0.99989927,849.3260498046875,694.4835815429688,0.99995935,775.8174438476562,693.6271362304688,0.99982053,859.2247924804688,709.3259887695312,0.9998977,777.0171508789062,713.1522827148438,0.99965405,860.963623046875,708.5653686523438,0.99991035,786.8162841796875,711.6859130859375,0.99968255,857.7369384765625,703.9411010742188,0.9999349,788.7084350585938,705.4575805664062,0.9997546,806.3382568359375,694.4490356445312,0.99984026,795.9230346679688,693.496337890625,0.9997086,795.1111450195312,789.2576293945312,0.9999076,824.9839477539062,787.6558837890625,0.9997868,786.2459106445312,881.9420776367188,0.99957615,817.93212890625,881.3804931640625,0.9993333,772.148681640625,897.4194946289062,0.99886644,806.3951416015625,895.4967041015625,0.99879336,826.8598022460938,898.6548461914062,0.99860066,858.1061401367188,905.987548828125,0.99827254
164,839.7900390625,542.876708984375,0.9999933,842.1488647460938,534.2147216796875,0.9999865,842.9222412109375,534.2365112304688,0.99998486,843.6205444335938,534.1915893554688,0.99998355,837.8331298828125,532.337646484375,0.99998665,835.2402954101562,530.675537109375,0.99998546,832.24072265625,528.7960815429688,0.9999833,831.9539794921875,531.87060546875,0.9999851,819.6651611328125,525.793212890625,0.999985,834.9622802734375,549.68115234375,0.9999827,829.668212890625,547.25341796875,0.99998486,814.2910766601562,578.3153076171875,0.9999876,785.40869140625,565.0344848632812,0.9999889,824.580078125,646.1832885742188,0.99995935,767.1231689453125,629.8905639648438,0.99991107,854.0225830078125,692.7669677734375,0.99994075,780.1195068359375,696.0995483398438,0.99984765,864.3589477539062,708.194580078125,0.9998511,780.4677124023438,715.48095703125,0.99967754,866.2740478515625,707.489501953125,0.99987066,790.1027221679688,713.7290649414062,0.99969935,863.1083374023438,702.8231201171875,0.9999076,792.245361328125,707.4332275390625,0.9997749,808.6456909179688,695.3412475585938,0.9998029,799.2880249023438,694.6096801757812,0.9997198,794.2759399414062,790.05810546875,0.9998148,832.5289916992188,788.7107543945312,0.99973875,780.9266967773438,880.9636840820312,0.9992417,840.7356567382812,884.6155395507812,0.9987356,768.8561401367188,898.7467651367188,0.99806577,829.5713500976562,901.40673828125,0.9975656,821.53271484375,899.0023803710938,0.99784267,881.1890258789062,906.9642333984375,0.9965301
165,843.0661010742188,542.17041015625,0.99999475,845.0464477539062,534.4595336914062,0.99998856,845.9879760742188,534.5084838867188,0.9999865,846.853759765625,534.4447631835938,0.999985,840.5310668945312,532.436279296875,0.99998975,837.5411376953125,530.7133178710938,0.99998903,834.5340576171875,528.929443359375,0.9999877,835.7740478515625,532.2710571289062,0.999985,822.1585693359375,526.179443359375,0.9999883,838.9920043945312,549.865966796875,0.99997985,833.1138916015625,547.3421020507812,0.9999845,820.1931762695312,579.3596801757812,0.99997854,789.1446533203125,565.9644775390625,0.99998677,829.0808715820312,645.7060546875,0.9999461,771.2345581054688,632.025390625,0.99990463,858.2799072265625,692.2618408203125,0.99991775,784.1668701171875,697.9862060546875,0.9998287,868.4151000976562,707.5230102539062,0.9997868,784.0604248046875,716.900146484375,0.99962294,871.7655639648438,706.8928833007812,0.9998148,793.3844604492188,715.7758178710938,0.9996513,867.45556640625,702.1721801757812,0.99987066,795.532470703125,709.6461791992188,0.9997428,814.8433837890625,694.2874145507812,0.9997086,800.9989624023438,694.1126708984375,0.99967504,797.5576171875,789.1080322265625,0.9997284,833.7865600585938,788.1261596679688,0.9997131,782.07421875,881.845947265625,0.99897975,852.6568603515625,886.8654174804688,0.9984022,767.5162963867188,897.9307861328125,0.99758446,843.5628051757812,904.3655395507812,0.99679,819.003662109375,900.8228759765625,0.99712163,891.4719848632812,905.7213134765625,0.9946568
166,847.29931640625,542.9110107421875,0.9999949,848.8449096679688,534.84228515625,0.9999889,849.5032348632812,534.8126220703125,0.99998724,850.0711669921875,534.8771362304688,0.9999856,844.7744750976562,533.275146484375,0.99999034,841.8519287109375,531.6226196289062,0.9999895,838.8980712890625,529.79248046875,0.99998856,837.8181762695312,532.1484375,0.99998546,825.8743286132812,526.737548828125,0.99998844,842.391357421875,550.7305297851562,0.9999778,837.1873168945312,548.2423706054688,0.9999826,823.1487426757812,579.275634765625,0.99997413,792.3547973632812,567.0869140625,0.99998367,832.8389282226562,646.1284790039062,0.9999453,776.5427856445312,632.3829956054688,0.9999008,863.5859375,693.727294921875,0.9999125,786.9924926757812,697.9686889648438,0.99984276,873.23681640625,708.4304809570312,0.9997731,786.5035400390625,716.50830078125,0.9996526,876.7155151367188,707.94287109375,0.99980897,794.9421997070312,715.0375366210938,0.99968743,872.7510986328125,703.532958984375,0.9998666,797.7490234375,708.8544311523438,0.9997695,817.6712036132812,694.3352661132812,0.9997086,804.1428833007812,693.9700927734375,0.99970406,800.0333862304688,788.5511474609375,0.9997408,835.9926147460938,790.32080078125,0.9997367,783.0564575195312,882.4132690429688,0.99895155,862.1328125,886.6258544921875,0.99850464,769.011474609375,899.0811157226562,0.9976126,854.857666015625,903.6001586914062,0.99687636,816.6668090820312,896.0975952148438,0.99694854,896.2095947265625,906.3756103515625,0.99440175
167,850.065185546875,541.7535400390625,0.99999857,851.501220703125,534.0845336914062,0.9999964,852.4025268554688,534.1854248046875,0.9999956,853.3675537109375,534.3529663085938,0.999995,846.369384765625,532.1477661132812,0.999997,843.3793334960938,530.4773559570312,0.9999969,840.3734741210938,528.78662109375,0.9999964,843.5958251953125,533.049560546875,0.99999464,827.5560913085938,527.0015869140625,0.9999963,846.3103637695312,550.0657958984375,0.999992,840.1365966796875,547.195556640625,0.9999943,829.5919799804688,582.5130615234375,0.99998546,796.8201904296875,568.799560546875,0.9999918,837.0244140625,648.2188720703125,0.9999697,779.7727661132812,634.8572998046875,0.99994266,865.9923706054688,695.1829223632812,0.9999573,791.3002319335938,701.046875,0.99991584,875.8914184570312,709.9635009765625,0.99988043,791.4159545898438,718.4137573242188,0.99980444,879.5511474609375,709.7778930664062,0.99989927,800.929443359375,716.4000244140625,0.999826,875.2392578125,705.0426635742188,0.9999335,802.77783203125,710.2451171875,0.9998746,825.750732421875,695.2191772460938,0.9998634,808.4818115234375,694.7610473632812,0.9998785,804.9885864257812,790.4713134765625,0.9998697,838.8623657226562,790.4202270507812,0.9998795,783.2730102539062,881.6598510742188,0.9992848,867.4088745117188,884.70361328125,0.99907815,768.8120727539062,898.33642578125,0.998259,861.7988891601562,901.329345703125,0.99793327,818.4533081054688,899.5776977539062,0.9973061,896.6934204101562,905.837890625,0.9955835
168,853.3150634765625,541.7704467773438,0.9999989,854.57958984375,534.0877685546875,0.99999714,855.311279296875,534.3408203125,0.99999654,855.9148559570312,534.539306640625,0.99999595,849.1521606445312,532.1388549804688,0.99999774,846.3997802734375,530.885498046875,0.99999774,842.9315795898438,529.4810180664062,0.9999975,845.6527709960938,533.704345703125,0.9999957,830.53515625,528.3111572265625,0.9999974,849.4071044921875,549.843994140625,0.9999937,842.963134765625,547.7417602539062,0.99999547,833.9866943359375,583.6499633789062,0.99998665,801.3048095703125,568.9201049804688,0.9999943,842.275634765625,649.0852661132812,0.99996877,781.954833984375,635.4398803710938,0.9999567,869.1067504882812,697.589111328125,0.9999603,794.9259033203125,700.9705810546875,0.99993396,878.3031005859375,712.5829467773438,0.9998977,794.9522705078125,719.1114501953125,0.99984026,880.4676513671875,712.6114501953125,0.9999125,802.8746948242188,717.3587036132812,0.99986124,876.0880126953125,707.5182495117188,0.9999403,805.0291748046875,710.829345703125,0.99989927,829.1085815429688,696.079345703125,0.9998822,813.2774047851562,695.531982421875,0.99990904,810.2824096679688,790.8536376953125,0.999884,842.900146484375,792.6983642578125,0.99989927,783.2266235351562,882.7389526367188,0.9991672,871.01025390625,885.9397583007812,0.99899954,768.1856079101562,899.7496337890625,0.9979966,865.1620483398438,903.4765014648438,0.9977569,819.6005249023438,899.3467407226562,0.9970073,896.9810180664062,906.2835083007812,0.99544394
169,855.9464721679688,541.3192138671875,0.9999993,857.6925048828125,533.854248046875,0.99999785,858.689453125,534.171875,0.9999974,859.5188598632812,534.4390258789062,0.9999968,851.8497924804688,531.7719116210938,0.99999845,848.9371337890625,530.498779296875,0.99999845,845.3828125,529.1218872070312,0.9999982,850.7249755859375,534.0984497070312,0.9999964,833.290283203125,528.1777954101562,0.9999981,852.8306274414062,549.4259033203125,0.9999949,845.6868896484375,547.142333984375,0.99999666,838.18017578125,583.7928466796875,0.9999851,804.9228515625,570.55615234375,0.9999951,844.880859375,650.2181396484375,0.99996924,786.2577514648438,637.9760131835938,0.9999621,870.7855224609375,699.5465698242188,0.9999621,798.4723510742188,702.283203125,0.99994695,880.4658203125,715.41748046875,0.9998977,798.1283569335938,720.2623291015625,0.99986553,882.3534545898438,715.6848754882812,0.9999138,806.230224609375,719.0062255859375,0.9998832,877.8499755859375,709.7213134765625,0.9999422,808.7410278320312,712.6277465820312,0.99991775,833.3775634765625,696.4923095703125,0.99988043,817.44580078125,696.6301879882812,0.99991715,816.0453491210938,791.9331665039062,0.9998697,845.7567749023438,793.3372802734375,0.9998977,784.97509765625,878.3432006835938,0.999134,873.4713134765625,885.9141845703125,0.99903405,769.292724609375,896.2359008789062,0.99793327,866.952880859375,903.085205078125,0.9977743,817.7399291992188,900.8140258789062,0.9968273,897.89794921875,907.5411987304688,0.99522626
170,859.007080078125,539.939697265625,0.9999994,860.6222534179688,531.9015502929688,0.99999833,861.95849609375,532.2642211914062,0.99999785,863.0194091796875,532.6602172851562,0.9999974,854.2652587890625,530.0739135742188,0.9999987,850.7720947265625,528.9371337890625,0.9999987,847.2486572265625,527.646484375,0.99999845,855.2266845703125,533.40380859375,0.99999714,835.6157836914062,527.8555908203125,0.99999845,856.7826538085938,548.0789184570312,0.9999958,848.6747436523438,546.023681640625,0.99999726,843.8201293945312,585.807861328125,0.9999888,808.2135620117188,571.276611328125,0.9999962,851.2344360351562,653.0635375976562,0.99996924,790.2640991210938,639.0243530273438,0.99996233,875.0521850585938,703.8741455078125,0.9999633,802.7171020507812,704.4701538085938,0.9999379,881.6591796875,720.3466796875,0.9998977,802.811767578125,722.3261108398438,0.99984884,882.87548828125,720.6757202148438,0.9999151,811.58984375,720.1962280273438,0.99986863,879.8299560546875,714.376220703125,0.99994266,813.5558471679688,713.9993896484375,0.99990463,840.2586669921875,699.8055419921875,0.9998969,820.7060546875,699.7626953125,0.9999379,824.5101928710938,794.0684814453125,0.9998785,848.5280151367188,794.763916015625,0.9999151,787.254638671875,878.45947265625,0.99932814,872.0631103515625,887.7008056640625,0.9992679,771.607177734375,895.4159545898438,0.9984145,865.5916748046875,903.3562622070312,0.998259,821.4946899414062,902.6685791015625,0.9975751,902.3812866210938,910.45703125,0.99620515
171,859.8961181640625,540.0800170898438,0.99999905,861.5032958984375,531.433349609375,0.9999976,863.10107421875,531.719970703125,0.99999714,864.808349609375,532.0880126953125,0.9999964,855.2003173828125,529.6941528320312,0.9999982,851.9873657226562,528.9701538085938,0.9999982,848.6018676757812,528.1784057617188,0.999998,858.2794799804688,533.17431640625,0.99999607,837.3829345703125,528.20751953125,0.999998,858.397705078125,547.89404296875,0.9999937,850.2376098632812,546.253662109375,0.99999595,849.948974609375,585.3605346679688,0.99998,811.3403930664062,570.83740234375,0.99999475,858.127685546875,651.6563110351562,0.99994814,793.7520141601562,637.0038452148438,0.9999453,877.9069213867188,704.8331298828125,0.99991775,804.378173828125,702.1497192382812,0.99988127,883.795166015625,721.4119262695312,0.99979013,804.04248046875,721.0401611328125,0.9997305,884.5460815429688,722.1218872070312,0.99982053,812.744384765625,719.755615234375,0.99974483,880.2484741210938,715.8427734375,0.99987066,814.6264038085938,713.4790649414062,0.9998148,847.1762084960938,701.0664672851562,0.9998727,824.3231811523438,700.719970703125,0.9999329,832.296630859375,793.9669799804688,0.99984527,852.2297973632812,795.6207885742188,0.99989104,791.3053588867188,873.92578125,0.99930406,870.0646362304688,887.010498046875,0.99918324,775.5133666992188,889.4168090820312,0.9984452,864.1381225585938,902.5531005859375,0.9981614,819.9973754882812,902.9248657226562,0.99740905,897.24658203125,911.7946166992188,0.9960699
172,862.40771484375,540.4202880859375,0.99999905,864.304931640625,531.3076782226562,0.9999976,865.6917114257812,531.4940795898438,0.99999714,867.3228759765625,531.675048828125,0.99999654,857.4780883789062,529.70068359375,0.9999981,854.3272705078125,528.8943481445312,0.999998,850.64208984375,528.1370849609375,0.9999976,861.1051635742188,532.6221923828125,0.9999964,839.16162109375,528.2474365234375,0.9999976,860.4794921875,548.1798095703125,0.9999943,852.3955688476562,546.471435546875,0.9999958,854.8651733398438,585.6987915039062,0.9999857,812.316650390625,570.8871459960938,0.99999464,863.1024169921875,651.40283203125,0.99996173,797.9125366210938,636.460205078125,0.9999535,880.47021484375,705.2274169921875,0.9999478,807.1614379882812,700.8590698242188,0.99989104,884.9329223632812,722.3058471679688,0.99985576,806.646484375,719.7760009765625,0.99974483,885.828369140625,723.1095581054688,0.99988043,816.3045654296875,718.6666870117188,0.99976224,881.582763671875,717.0486450195312,0.99991655,818.2251586914062,712.4148559570312,0.9998273,851.3612670898438,700.3685302734375,0.999892,827.9000244140625,699.4635009765625,0.99994266,840.3023071289062,793.5492553710938,0.9998499,858.225830078125,795.447509765625,0.99989927,796.9782104492188,869.4605102539062,0.9994579,870.9381103515625,889.0036010742188,0.99933845,778.22509765625,881.8018188476562,0.99883956,863.5277099609375,904.911376953125,0.99850464,821.9820556640625,904.7938232421875,0.99808073,900.449951171875,911.775634765625,0.99686414
173,862.7354125976562,538.9562377929688,0.99999917,865.5029296875,530.038818359375,0.99999774,867.2499389648438,530.3111572265625,0.99999714,868.966552734375,530.5573120117188,0.99999654,857.8458862304688,528.292724609375,0.9999982,854.1688232421875,527.4329223632812,0.9999982,850.3739624023438,526.7518310546875,0.999998,864.004150390625,531.7438354492188,0.9999963,840.29248046875,527.1897583007812,0.9999981,862.0762329101562,546.9026489257812,0.99999475,852.7606811523438,544.8287963867188,0.99999666,857.8699951171875,585.047119140625,0.99998546,814.4503173828125,570.5809936523438,0.99999595,867.0044555664062,651.8751220703125,0.9999641,798.6363525390625,637.2553100585938,0.99996114,882.4942626953125,706.7041625976562,0.99995804,809.7374877929688,701.6432495117188,0.99991775,887.1561279296875,723.598388671875,0.99988043,809.4197998046875,720.3325805664062,0.9997981,887.5780639648438,724.8531494140625,0.99989927,818.9195556640625,718.8115234375,0.99981767,884.1527099609375,718.169677734375,0.9999318,820.7207641601562,713.2670288085938,0.9998697,853.552978515625,700.22509765625,0.99991584,829.870361328125,699.5704345703125,0.9999658,846.18359375,792.1307373046875,0.99986017,862.055419921875,794.8367309570312,0.9999318,801.654541015625,865.459228515625,0.9996673,872.094970703125,890.3829345703125,0.99956435,781.5858764648438,873.5218505859375,0.9992931,863.664306640625,906.7971801757812,0.999015,820.7066650390625,902.5061645507812,0.99879336,899.7703247070312,912.693359375,0.99773055
174,864.9515380859375,537.785888671875,0.99999833,867.8408813476562,528.7343139648438,0.99999547,869.846435546875,529.0324096679688,0.99999404,871.5173950195312,529.3196411132812,0.9999925,859.8556518554688,527.0369873046875,0.9999968,855.76220703125,526.3040771484375,0.99999666,852.0671997070312,525.6920166015625,0.9999964,867.0944213867188,530.998046875,0.99999094,842.3212280273438,526.5594482421875,0.99999654,864.9182739257812,546.2120971679688,0.99998903,855.1442260742188,544.111572265625,0.99999404,862.769775390625,584.919921875,0.99996626,816.2713012695312,570.7351684570312,0.99999285,869.1786499023438,652.1397094726562,0.99993026,798.8348388671875,637.7500610351562,0.9999502,887.125,709.0555419921875,0.9999151,812.1109008789062,702.19091796875,0.99989927,893.0945434570312,725.5863647460938,0.9997658,812.3619995117188,721.0874633789062,0.9997284,893.796142578125,727.129638671875,0.99979657,821.7505493164062,718.523681640625,0.9997584,888.5289306640625,720.912109375,0.9998579,823.353271484375,713.1287231445312,0.9998313,859.0098266601562,701.8311157226562,0.99988043,832.1568603515625,702.114990234375,0.9999398,859.5634155273438,793.5775146484375,0.9997527,862.5742797851562,797.0906982421875,0.99986553,810.462158203125,861.61083984375,0.9997584,873.299560546875,889.2742309570312,0.9995122,789.3013916015625,866.9742431640625,0.9994887,866.2074584960938,905.5172119140625,0.99903405,823.7302856445312,901.1271362304688,0.99890554,899.3956298828125,912.9010620117188,0.9977482
175,866.9874267578125,538.2326049804688,0.99999,869.223388671875,529.3404541015625,0.9999745,871.333984375,529.5480346679688,0.99996436,873.1773681640625,529.7499389648438,0.9999535,861.3302001953125,528.2990112304688,0.99998534,857.2396240234375,527.5635986328125,0.9999865,853.1785888671875,526.8663940429688,0.99998724,868.33740234375,530.844970703125,0.99993396,842.34423828125,527.0957641601562,0.99998856,866.4490966796875,546.7459106445312,0.9999318,856.3355102539062,545.1909790039062,0.9999747,867.3811645507812,579.584228515625,0.9997695,816.4505615234375,570.6754760742188,0.9999857,868.6654663085938,646.5744018554688,0.9997749,797.860595703125,636.4990844726562,0.9999324,882.0284423828125,704.9700317382812,0.9996513,813.1964721679688,700.985595703125,0.99985576,887.1974487304688,722.7640991210938,0.9992679,814.3117065429688,719.1571044921875,0.9995987,888.400146484375,724.45068359375,0.9992792,823.5221557617188,717.3953247070312,0.9996388,883.913818359375,717.5361328125,0.9994429,824.52099609375,711.3380737304688,0.99974686,868.5213623046875,702.0360107421875,0.9998148,838.9657592773438,702.3941650390625,0.99993396,884.8855590820312,789.5284423828125,0.99948466,863.2246704101562,797.76904296875,0.9997918,822.0517578125,854.7381591796875,0.9997749,869.9189453125,886.7972412109375,0.9992706,801.0292358398438,857.2830200195312,0.9995745,862.57666015625,906.1498413085938,0.9986853,823.852783203125,896.1376342773438,0.9989141,902.881591796875,911.4946899414062,0.99746895
176,867.1731567382812,538.4108276367188,0.99997675,869.5657958984375,528.9306640625,0.9999443,872.0829467773438,528.9593505859375,0.99992096,874.2359008789062,528.9437866210938,0.99989605,860.8966064453125,527.6572265625,0.9999707,857.046630859375,527.0050048828125,0.99997413,852.8547973632812,526.47314453125,0.99997604,869.8880615234375,529.994873046875,0.99984646,842.9784545898438,526.686279296875,0.99997926,867.5233154296875,546.4913940429688,0.9998535,856.9793701171875,544.8123779296875,0.9999505,869.7811279296875,578.1705322265625,0.9993905,816.8719482421875,570.7279663085938,0.99998105,871.81396484375,644.6053466796875,0.99940693,800.5850830078125,637.25390625,0.99992394,880.8196411132812,700.740966796875,0.9992505,813.7625732421875,701.7837524414062,0.99981767,882.5907592773438,715.9432373046875,0.998784,815.1607055664062,719.59326171875,0.9995272,884.5834350585938,717.3079833984375,0.99877447,824.1192016601562,717.3860473632812,0.9995627,882.64208984375,710.6339111328125,0.99894744,825.652587890625,711.4462280273438,0.9996898,873.2344970703125,700.825927734375,0.99968004,842.5226440429688,702.7711791992188,0.99992335,894.6510620117188,784.786865234375,0.99913067,864.37451171875,797.2728271484375,0.99969935,830.669921875,852.4078369140625,0.99973875,870.2328491210938,886.6061401367188,0.9991704,812.01123046875,854.2301025390625,0.99957615,861.8942260742188,904.884765625,0.9986646,830.0042724609375,893.2163696289062,0.9989434,901.1730346679688,913.5928955078125,0.9974788
177,867.3230590820312,537.5550537109375,0.99994695,870.2403564453125,528.2918701171875,0.99987173,872.8934326171875,528.4082641601562,0.99981767,875.396240234375,528.41064453125,0.9997508,861.0657958984375,526.8060913085938,0.9999385,857.4059448242188,525.9588012695312,0.9999485,853.1842651367188,525.4143676757812,0.9999546,872.3653564453125,529.8856811523438,0.99963164,843.6998901367188,526.1903686523438,0.9999635,868.51025390625,546.0945434570312,0.99964714,857.2723388671875,544.067626953125,0.9999031,874.4978637695312,575.76318359375,0.99837697,816.1148681640625,571.2369384765625,0.999966,879.4664306640625,641.5635986328125,0.99856746,803.6767578125,639.4644775390625,0.99983907,887.5191650390625,693.6693115234375,0.99783427,816.50048828125,703.1438598632812,0.99961996,892.5863647460938,708.7294311523438,0.9967524,816.8790283203125,721.1492919921875,0.99906737,893.1575317382812,709.0254516601562,0.9966756,825.7513427734375,719.1841430664062,0.99914074,888.927490234375,707.3202514648438,0.9970879,827.6004638671875,713.6528930664062,0.99938095,877.9230346679688,698.748291015625,0.9991704,843.877685546875,700.9721069335938,0.99983394,895.858642578125,783.7044067382812,0.99793327,863.166015625,793.1199951171875,0.9994746,839.4537963867188,853.5518798828125,0.9994093,870.8574829101562,885.0399780273438,0.9984269,823.0857543945312,854.266845703125,0.999134,862.6904907226562,901.9910888671875,0.997459,844.3749389648438,889.4281616210938,0.998103,899.820068359375,914.3145141601562,0.9952077
178,867.9208374023438,534.9067993164062,0.9999461,870.6013793945312,526.08544921875,0.99987173,873.1255493164062,526.2991333007812,0.9998191,875.6823120117188,526.287109375,0.99976224,861.4412841796875,524.5042724609375,0.9999329,857.8255615234375,523.6424560546875,0.999943,853.65185546875,523.1776123046875,0.999949,872.4202270507812,528.2325439453125,0.9996458,844.0006713867188,524.405517578125,0.99995863,869.3065185546875,543.5304565429688,0.99973255,857.8834228515625,541.6166381835938,0.99992156,878.3190307617188,576.484619140625,0.9986646,815.7724609375,571.4287719726562,0.99996054,887.8130493164062,639.7189331054688,0.9987257,805.7828979492188,640.4515380859375,0.9997818,897.3128051757812,697.7830810546875,0.9978002,817.0906372070312,702.7078857421875,0.99961406,897.9750366210938,712.5027465820312,0.99664956,816.4041748046875,720.4539794921875,0.9991374,898.3056030273438,712.5107421875,0.996557,826.2980346679688,718.4725952148438,0.99921143,897.2476196289062,706.131591796875,0.99701905,828.3473510742188,712.8248901367188,0.99942076,881.793701171875,699.1366577148438,0.99948066,844.8331298828125,702.2123413085938,0.99986863,901.7373657226562,785.9405517578125,0.998835,864.867431640625,794.9008178710938,0.9995453,849.0015258789062,854.9347534179688,0.9995876,871.34716796875,880.9471435546875,0.99879813,834.6583251953125,858.357421875,0.99939525,867.0535888671875,899.4085693359375,0.9982317,858.9165649414062,891.0450439453125,0.99839586,897.990966796875,913.949951171875,0.9959927
179,868.5089111328125,534.2548828125,0.9998785,871.3489990234375,525.2283325195312,0.9997131,873.8663330078125,525.3533935546875,0.999608,876.4181518554688,525.2430419921875,0.9994622,862.1506958007812,523.7445678710938,0.9998634,858.520751953125,522.822021484375,0.9998902,854.3302001953125,522.26611328125,0.99990237,873.6026611328125,526.91796875,0.99923277,844.5672607421875,523.3939208984375,0.99992573,869.9502563476562,542.6084594726562,0.99948263,858.5166625976562,540.9423217773438,0.99985576,881.7687377929688,574.451171875,0.9971771,817.0827026367188,571.612060546875,0.9999505,887.2472534179688,639.71484375,0.9972638,807.40869140625,641.3779296875,0.9997241,894.9448852539062,697.9291381835938,0.99415743,818.7537841796875,703.6646728515625,0.9993881,895.671630859375,713.00439453125,0.992062,818.0486450195312,721.964599609375,0.9986802,896.5446166992188,713.2813720703125,0.9917163,827.5945434570312,719.3823852539062,0.9987696,895.766357421875,710.3260498046875,0.9922444,829.6619873046875,713.6482543945312,0.9990564,883.949462890625,700.3284912109375,0.99910307,845.8905029296875,703.4161987304688,0.9997749,903.637451171875,786.462646484375,0.998259,863.1552124023438,796.0317993164062,0.99925333,859.8284301757812,857.7469482421875,0.999089,872.3195190429688,886.2998657226562,0.99824536,845.015625,863.5745849609375,0.9986541,869.1595458984375,902.1509399414062,0.99736834,870.80224609375,891.5513305664062,0.9973061,895.613525390625,915.1430053710938,0.99491996
180,868.0010986328125,533.9564208984375,0.9998104,871.0210571289062,524.5425415039062,0.99954,873.4594116210938,524.6004638671875,0.99938333,876.2503662109375,524.6149291992188,0.99918324,861.6492919921875,524.0985717773438,0.9997868,857.6390380859375,523.8757934570312,0.99983,854.2022094726562,523.5430908203125,0.9998591,874.7620849609375,526.1781005859375,0.99883956,844.8865966796875,524.6976318359375,0.9999008,870.3850708007812,542.238525390625,0.99943846,858.8025512695312,541.5469970703125,0.9998535,887.4916381835938,572.7716064453125,0.9969126,817.598876953125,572.7621459960938,0.9999521,898.579345703125,632.857666015625,0.9957848,807.3533325195312,642.0407104492188,0.99961996,901.9139404296875,691.7733154296875,0.9890976,819.2161865234375,705.0543823242188,0.9992792,902.6919555664062,712.1663208007812,0.9868281,819.6712646484375,723.4820556640625,0.99858415,902.4747314453125,712.0751953125,0.9863105,829.2755126953125,720.9375,0.9986904,901.5874633789062,705.9054565429688,0.98651993,831.611083984375,715.2896728515625,0.9989837,887.3908081054688,701.3070068359375,0.9983897,847.4044799804688,704.9498291015625,0.9996458,906.2527465820312,788.9235229492188,0.9977743,866.6773071289062,796.6129150390625,0.9991239,873.0760498046875,858.6387329101562,0.99880743,873.5821533203125,883.6238403320312,0.99783427,862.4500732421875,863.9007568359375,0.99836427,870.8753051757812,897.30224609375,0.99696034,883.4739990234375,895.0438232421875,0.9965166,895.0794677734375,915.5245361328125,0.99361163
181,869.3529052734375,532.9357299804688,0.9998233,872.0575561523438,523.1162109375,0.99957615,874.9058837890625,523.0767211914062,0.99946004,877.2809448242188,523.0516357421875,0.9993148,862.5119018554688,522.9234619140625,0.9997695,858.919677734375,522.751220703125,0.99980897,855.4286499023438,522.6321411132812,0.9998287,875.3967895507812,524.7234497070312,0.99918,844.7849731445312,524.6700439453125,0.9998727,871.6168212890625,541.4818725585938,0.9995859,860.3541870117188,540.869140625,0.9998568,889.2523193359375,572.2381591796875,0.9986436,818.4555053710938,574.4535522460938,0.99993396,899.1875,635.0596923828125,0.9974885,809.2025146484375,644.4824829101562,0.9993513,910.0466918945312,693.8583984375,0.9927672,821.0101928710938,705.5562744140625,0.99877447,910.6471557617188,713.6268310546875,0.9905509,820.7335205078125,723.4495239257812,0.9978002,910.0560302734375,713.4517822265625,0.99021614,830.5919799804688,720.7081909179688,0.9979412,905.8557739257812,707.9413452148438,0.9905143,833.0454711914062,715.0179443359375,0.9983897,890.78173828125,702.1410522460938,0.99804294,848.3790893554688,705.1363525390625,0.99910307,904.9085693359375,788.5167236328125,0.9984692,864.937255859375,796.002197265625,0.9987056,887.1091918945312,869.0621337890625,0.998319,875.6923217773438,883.2870483398438,0.9969246,877.1198120117188,879.697509765625,0.9971771,870.9860229492188,897.353515625,0.9956006,902.084228515625,904.163330078125,0.9942697,897.7926635742188,914.6674194335938,0.9921233
182,869.3424682617188,531.5067749023438,0.99995124,871.8800048828125,522.14697265625,0.9998727,875.1155395507812,521.986328125,0.99984527,877.71923828125,521.92333984375,0.9998148,862.2915649414062,521.9966430664062,0.99991107,859.1716918945312,521.6993408203125,0.9999151,855.2889404296875,521.6331176757812,0.99991846,875.74609375,523.8869018554688,0.99979657,844.7970581054688,523.8234252929688,0.99992514,872.1055297851562,540.4644165039062,0.99989104,860.9404907226562,539.6748657226562,0.9999453,891.0595092773438,574.8784790039062,0.9997305,818.54541015625,575.01171875,0.9999355,904.1404418945312,640.3697509765625,0.9995345,813.9347534179688,646.0806884765625,0.9995827,915.6581420898438,699.6463012695312,0.9990564,822.3094482421875,706.892822265625,0.9993687,920.2402954101562,716.2026977539062,0.9982248,822.213134765625,724.8770141601562,0.9988167,916.8722534179688,716.0318603515625,0.9982993,831.9722900390625,722.0330810546875,0.998884,914.7491455078125,709.9902954101562,0.9985952,834.0367431640625,716.0880126953125,0.99916387,892.1699829101562,700.9647827148438,0.99939287,848.671630859375,704.8572998046875,0.9995253,905.841552734375,787.849609375,0.99953806,864.3606567382812,795.096435546875,0.9993761,895.3138427734375,872.8853759765625,0.999134,876.0671997070312,884.216064453125,0.99827254,885.300537109375,884.6971435546875,0.9983386,872.9542846679688,898.802490234375,0.9971771,916.4925537109375,906.3663940429688,0.9960238,896.056640625,914.0123901367188,0.9941801
183,867.8389282226562,531.7483520507812,0.999979,870.7677001953125,522.41455078125,0.99994075,874.1826782226562,522.1239624023438,0.9999329,877.2890625,521.9494018554688,0.99992514,861.2518920898438,522.4378662109375,0.999949,858.1017456054688,522.315673828125,0.9999461,853.8076171875,522.306640625,0.999943,876.737548828125,523.6987915039062,0.99991846,844.8779296875,524.2903442382812,0.99994075,871.7621459960938,540.412353515625,0.9999567,860.1210327148438,539.9999389648438,0.9999707,894.0379638671875,573.6080932617188,0.99993443,820.4354248046875,574.7481079101562,0.9999417,909.6539306640625,637.4556274414062,0.9999031,816.3963623046875,644.1566772460938,0.9997086,923.2321166992188,695.309326171875,0.99983394,824.6487426757812,705.3568725585938,0.99964166,929.5909423828125,713.27685546875,0.9995678,823.0082397460938,723.8255615234375,0.9993068,925.63818359375,712.5851440429688,0.999608,833.1712036132812,721.0542602539062,0.9993487,921.70458984375,706.2709350585938,0.9997154,836.3217163085938,715.0291137695312,0.9995345,895.0797119140625,700.512939453125,0.9996898,850.124267578125,704.2990112304688,0.9996458,909.582763671875,789.7783203125,0.9997677,865.2843017578125,795.7985229492188,0.999608,902.0081787109375,876.3504028320312,0.99937123,874.7454833984375,886.8499755859375,0.99839586,891.6708984375,888.3768310546875,0.99869555,870.236328125,901.6058959960938,0.99722075,926.2537231445312,908.0609741210938,0.9962346,898.8154907226562,914.0187377929688,0.9939964
184,868.6803588867188,531.9879150390625,0.9999809,872.1627197265625,522.7347412109375,0.99994695,875.1633911132812,522.5791015625,0.99994075,878.6887817382812,522.3828125,0.9999379,862.8926391601562,522.5325317382812,0.9999509,858.9622802734375,522.4445190429688,0.9999461,854.8274536132812,522.45068359375,0.9999435,878.105224609375,524.3465576171875,0.99993646,845.7118530273438,524.8228759765625,0.99993944,873.0460815429688,540.44873046875,0.99996877,861.0269775390625,539.885009765625,0.9999764,897.66796875,573.7388916015625,0.99996173,820.5105590820312,576.0045166015625,0.99993896,914.4004516601562,635.96826171875,0.9999286,815.4468383789062,645.1151123046875,0.99968493,927.1531372070312,693.67529296875,0.99989104,824.9633178710938,706.4285888671875,0.999658,933.6647338867188,711.64404296875,0.99970406,824.4529418945312,724.5401000976562,0.99937373,929.147705078125,710.9231567382812,0.9997428,834.1865844726562,721.6699829101562,0.99942964,924.9203491210938,704.9324951171875,0.99982053,836.8502197265625,715.765380859375,0.9995908,897.81640625,700.0676879882812,0.9997527,851.9462890625,704.442138671875,0.9996724,910.0367431640625,791.7139282226562,0.9998623,865.4605102539062,797.1358642578125,0.99972194,908.4869995117188,879.1001586914062,0.9995523,875.4749755859375,888.52294921875,0.9990746,898.7236938476562,891.3138427734375,0.99903405,873.2410888671875,903.698974609375,0.9983059,928.6730346679688,909.51220703125,0.9969246,897.3186645507812,913.6265869140625,0.9957684
185,868.5501708984375,532.0367431640625,0.9999795,872.1162109375,522.5601196289062,0.99994266,875.2234497070312,522.5023193359375,0.99993694,878.7437744140625,522.2727661132812,0.99993134,862.7939453125,522.3292846679688,0.9999453,858.5360107421875,522.3032836914062,0.99994123,854.5684204101562,522.3021240234375,0.9999374,878.8245239257812,523.7042846679688,0.99993134,845.8817138671875,524.48828125,0.9999329,873.0685424804688,540.3855590820312,0.99996436,860.8851928710938,539.8861083984375,0.99997306,898.1190795898438,572.1836547851562,0.9999509,821.4501953125,575.348876953125,0.9999269,913.9510498046875,636.2676391601562,0.9999125,818.74462890625,645.2802734375,0.999617,928.2484741210938,694.7659912109375,0.99984646,827.4607543945312,707.2439575195312,0.99961996,935.7811889648438,712.543701171875,0.99959236,826.95263671875,725.65966796875,0.99929035,932.27001953125,712.2680053710938,0.99964297,835.8110961914062,723.1904907226562,0.99933845,927.7962036132812,706.2843627929688,0.9997428,838.2193603515625,717.0736694335938,0.9995308,897.855224609375,699.431396484375,0.99974877,852.7722778320312,703.5824584960938,0.9996125,910.39013671875,792.8565063476562,0.9998822,865.630126953125,796.7549438476562,0.9996971,915.9415283203125,883.6377563476562,0.99941623,877.2261352539062,887.18017578125,0.99895155,908.1900634765625,896.7763671875,0.9986436,876.5525512695312,901.9469604492188,0.99805814,933.6414184570312,915.0056762695312,0.9952077,888.7353515625,912.290771484375,0.99482024
186,870.3995971679688,533.1649780273438,0.9999784,874.1227416992188,523.3760375976562,0.9999385,877.1730346679688,523.2838134765625,0.9999329,880.8592529296875,523.0238647460938,0.9999274,864.3429565429688,522.6681518554688,0.9999385,859.9478759765625,522.5209350585938,0.9999329,855.9498291015625,522.517333984375,0.9999269,880.492431640625,524.1367797851562,0.999928,846.9752197265625,524.9429931640625,0.99991906,875.124755859375,541.4229125976562,0.9999635,862.5654296875,540.32275390625,0.9999697,899.940673828125,570.6825561523438,0.9999654,822.8933715820312,575.7913818359375,0.99992037,917.79541015625,635.0875854492188,0.9999435,821.7286987304688,645.0509033203125,0.99967504,932.2031860351562,692.900634765625,0.9999118,828.6258544921875,707.6481323242188,0.99967504,939.3590087890625,711.0997924804688,0.99973875,827.6719970703125,726.6982421875,0.9993513,933.9699096679688,710.8490600585938,0.9997731,836.7674560546875,724.39599609375,0.9994116,929.1861572265625,705.3290405273438,0.99984765,839.2958984375,717.9584350585938,0.9995908,903.521484375,699.0247192382812,0.99976224,855.2127685546875,703.3847045898438,0.99957615,910.0758056640625,792.4091796875,0.99989104,866.1224975585938,796.277587890625,0.9996259,918.5462036132812,887.9595947265625,0.99925333,875.2976684570312,886.6036376953125,0.9987453,912.9661865234375,901.7037963867188,0.9981828,873.7093505859375,901.924560546875,0.9976859,932.2250366210938,919.0606079101562,0.9941801,883.9710083007812,912.1435546875,0.99420255
187,870.7307739257812,531.87109375,0.9999763,874.6688232421875,522.5960083007812,0.99993396,877.7650146484375,522.5625,0.99993026,881.3786010742188,522.409912109375,0.9999263,864.9347534179688,521.8389282226562,0.99993026,860.5409545898438,521.8084106445312,0.99992514,856.6602783203125,521.84619140625,0.9999151,881.8419799804688,523.8616333007812,0.99993396,848.201904296875,524.6605224609375,0.9999083,875.7139892578125,539.9754028320312,0.99996734,863.27490234375,539.171630859375,0.99996877,903.3729248046875,569.5823974609375,0.9999714,824.7457275390625,576.3994140625,0.99990606,921.400390625,633.5491943359375,0.99994266,823.7860717773438,646.1963500976562,0.9996125,937.0445556640625,691.6050415039062,0.9999069,830.7142333984375,709.3836669921875,0.99953806,944.8883666992188,709.9547729492188,0.9997154,829.8186645507812,728.0758666992188,0.999089,939.3963012695312,709.9231567382812,0.9997546,837.5799560546875,726.4293212890625,0.9991441,934.1826782226562,704.6900634765625,0.99983525,840.2662353515625,719.8477172851562,0.99939764,905.298828125,697.6031494140625,0.9997154,857.986328125,702.4661254882812,0.99942076,911.9373779296875,793.393310546875,0.99983,866.5589599609375,796.7896118164062,0.9992986,925.4920654296875,892.786376953125,0.99856746,874.0127563476562,887.6016845703125,0.9975561,919.6237182617188,906.2293090820312,0.99664956,870.4150390625,902.6044311523438,0.9956176,933.52978515625,919.4853515625,0.99108386,889.3628540039062,913.5379028320312,0.99097973
188,871.3709716796875,531.5439453125,0.99997044,874.31103515625,522.4868774414062,0.99991965,878.1818237304688,522.1195068359375,0.99991655,881.2045288085938,521.7945556640625,0.9999132,864.656982421875,522.0858764648438,0.99991655,860.9483032226562,521.8926391601562,0.99991035,856.528076171875,521.8856201171875,0.99990237,883.1372680664062,522.8483276367188,0.99991584,849.0047607421875,524.4423828125,0.9998945,875.572021484375,539.6748046875,0.99995863,864.0723876953125,538.9608764648438,0.9999596,906.4429321289062,567.5359497070312,0.9999621,826.8847045898438,577.3268432617188,0.9999039,924.4966430664062,631.9122924804688,0.99992454,825.6717529296875,647.3123779296875,0.99962735,939.6524658203125,691.0479125976562,0.99988127,832.319091796875,710.0548706054688,0.9995627,948.0841064453125,709.5320434570312,0.99965405,832.0011596679688,728.86865234375,0.9991272,942.4058837890625,709.4719848632812,0.9997063,839.1815795898438,727.4246826171875,0.9991768,936.9312133789062,703.9967041015625,0.9998029,842.164306640625,720.3504638671875,0.999423,909.0538940429688,697.54345703125,0.9996947,859.4849853515625,703.183349609375,0.99949265,912.9013671875,793.8319091796875,0.9998074,867.2733154296875,797.89990234375,0.99933845,927.232177734375,893.884765625,0.998319,873.873046875,886.1211547851562,0.99758446,922.1558227539062,909.0474243164062,0.99605453,873.3057250976562,900.916748046875,0.99553156,935.73876953125,922.9478759765625,0.9881765,884.22021484375,913.1343994140625,0.98926485
189,872.8403930664062,531.2080688476562,0.999956,875.2781372070312,522.2911376953125,0.99988496,878.60205078125,522.022705078125,0.9998776,882.1018676757812,521.4307250976562,0.99987066,865.82177734375,522.5886840820312,0.99988043,861.9942626953125,522.5903930664062,0.99987173,857.6761474609375,522.6847534179688,0.9998623,884.3226928710938,522.7875366210938,0.9998776,850.5819702148438,525.0291137695312,0.9998535,877.2321166992188,539.0929565429688,0.9999379,865.6871948242188,539.00830078125,0.99993694,909.6144409179688,568.4127807617188,0.9999398,829.6846923828125,578.0880737304688,0.99986017,928.6383666992188,631.8304443359375,0.99989367,828.5269775390625,648.3560791015625,0.9995987,943.4539794921875,690.9122314453125,0.9997981,834.50341796875,710.1412963867188,0.9994363,950.6913452148438,709.6089477539062,0.99941623,834.2764892578125,729.284912109375,0.998835,946.6865844726562,709.50244140625,0.9994887,841.6671752929688,727.9569091796875,0.998884,940.8932495117188,704.0462036132812,0.99966204,844.0052490234375,720.556640625,0.9991928,911.5232543945312,698.3174438476562,0.99968493,861.8243408203125,704.5232543945312,0.9995141,914.2625732421875,794.8140869140625,0.9997241,868.084228515625,798.602294921875,0.9990601,927.5213623046875,890.2857666015625,0.99773055,874.197021484375,886.9246215820312,0.9969957,923.1235961914062,905.3528442382812,0.99486035,875.6529541015625,900.7625122070312,0.994615,931.7577514648438,921.404296875,0.98609793,882.6690673828125,912.84130859375,0.9882676
190,873.3731079101562,531.5025634765625,0.9999652,876.9049682617188,522.0333251953125,0.99991107,879.3994750976562,521.779052734375,0.99990904,883.0433349609375,521.3203125,0.99990463,866.986328125,522.5317993164062,0.99990606,862.730224609375,522.6329345703125,0.99990165,859.0131225585938,522.5827026367188,0.999892,885.6714477539062,522.7213134765625,0.9999076,852.1807250976562,525.0934448242188,0.9998822,878.9210815429688,539.4014282226562,0.99995124,866.816162109375,539.5690307617188,0.9999461,911.7294921875,568.1021118164062,0.9999521,831.669189453125,579.26416015625,0.9998785,930.4840698242188,632.1454467773438,0.99991775,829.7086181640625,649.6378173828125,0.9996288,947.0855712890625,690.5874633789062,0.9998535,835.696044921875,711.7489013671875,0.999566,954.1158447265625,709.2581787109375,0.99961555,835.7184448242188,730.6738891601562,0.9992084,949.5679931640625,709.40576171875,0.99965405,842.7097778320312,729.5133666992188,0.9992022,943.88623046875,704.0718994140625,0.9997603,845.4161376953125,721.804443359375,0.99941385,912.3250732421875,699.6289672851562,0.9997981,864.4013061523438,705.7042236328125,0.9996594,915.3336791992188,796.9645385742188,0.99989605,868.6719360351562,799.4533081054688,0.99957615,927.762939453125,896.4241943359375,0.99916065,874.6455688476562,886.2858276367188,0.99890554,923.4002685546875,910.2515869140625,0.9980276,876.3530883789062,901.1664428710938,0.99805814,930.2555541992188,926.9298706054688,0.9939964,886.0824584960938,913.400390625,0.9952448
191,875.66943359375,532.855712890625,0.9999778,879.421875,523.2981567382812,0.9999398,881.8739013671875,523.1492309570312,0.9999374,885.6276245117188,522.7901000976562,0.9999349,869.3478393554688,523.4435424804688,0.99993646,864.998779296875,523.3785400390625,0.99993074,861.3218383789062,523.4095458984375,0.99992335,888.10400390625,524.0144653320312,0.9999355,854.3053588867188,525.90478515625,0.9999125,881.122802734375,540.570068359375,0.99996436,868.7754516601562,540.3301391601562,0.9999621,911.7953491210938,568.5631103515625,0.99996054,833.1907348632812,579.7536010742188,0.9998945,929.057861328125,634.1090698242188,0.99993646,832.3262939453125,651.1986083984375,0.99968743,948.8706665039062,690.78369140625,0.9998952,836.528564453125,713.695068359375,0.9996499,956.8707885742188,709.6994018554688,0.9997063,837.3855590820312,732.6000366210938,0.99932814,953.520751953125,709.7590942382812,0.9997305,843.5482177734375,731.353271484375,0.99933076,947.6781005859375,704.3355712890625,0.99982053,845.813232421875,723.6475219726562,0.9995122,914.6643676757812,699.2435913085938,0.9998118,867.5084228515625,705.6715698242188,0.9997154,915.51708984375,795.535888671875,0.9998894,870.46875,798.0845336914062,0.99962735,924.3125610351562,896.5318603515625,0.99929035,874.3593139648438,884.7540893554688,0.999071,921.167724609375,910.6810302734375,0.99832565,874.37255859375,898.8622436523438,0.9983516,929.6276245117188,927.2861938476562,0.9947391,881.8734741210938,912.0480346679688,0.9957353
192,876.9387817382812,531.5811767578125,0.99998045,880.3458251953125,522.5283203125,0.9999473,883.0728149414062,522.38818359375,0.9999478,886.8289184570312,521.9013671875,0.99994695,870.642333984375,522.8076782226562,0.99993646,866.6229858398438,522.830810546875,0.99993134,862.8787231445312,522.8322143554688,0.99992037,889.8788452148438,523.739990234375,0.9999497,856.5208740234375,525.6744995117188,0.9999039,882.4771118164062,539.4459838867188,0.99997413,870.5029296875,539.4005126953125,0.9999678,914.9855346679688,569.7159423828125,0.9999757,835.73974609375,580.33349609375,0.99989104,932.7860107421875,634.7327270507812,0.9999553,833.5451049804688,651.2760009765625,0.99963164,952.2018432617188,692.4129028320312,0.9999286,838.3894653320312,714.1375732421875,0.9995728,959.5139770507812,711.6563720703125,0.9997851,838.87158203125,733.1636962890625,0.9992022,955.7977294921875,711.7423095703125,0.99980897,845.09814453125,731.4680786132812,0.9992022,950.258056640625,706.296875,0.9998727,847.5386962890625,723.7965698242188,0.99941623,917.084228515625,699.2938842773438,0.99984396,869.6597290039062,705.374755859375,0.9996923,917.6625366210938,799.3071899414062,0.9999008,871.1539916992188,799.9960327148438,0.9995778,924.4710693359375,896.4034423828125,0.99921453,872.0009765625,887.5501098632812,0.9984573,918.98046875,911.237548828125,0.99818975,871.1038208007812,900.9220581054688,0.9974291,930.7429809570312,927.836181640625,0.9947595,888.1141357421875,915.3098754882812,0.9941801
194,882.6953125,531.4947509765625,0.9999733,886.20849609375,522.7416381835938,0.9999318,890.0299072265625,522.3953247070312,0.99992967,893.5599365234375,522.0520629882812,0.99993074,876.580322265625,522.6124267578125,0.99991775,872.8529052734375,522.4813232421875,0.9999076,868.8634643554688,522.4807739257812,0.9998945,896.8739013671875,523.70947265625,0.99993074,862.7138061523438,525.5989379882812,0.99987066,887.656982421875,539.8052368164062,0.99996674,875.8323364257812,539.6005859375,0.99995863,922.0122680664062,570.6494750976562,0.99997294,841.6452026367188,580.9197998046875,0.99986863,939.9579467773438,635.6651000976562,0.9999517,839.7796020507812,652.2596435546875,0.99962294,959.0029907226562,693.89599609375,0.99993396,842.9711303710938,716.434326171875,0.99960643,966.7196044921875,713.7474365234375,0.99980897,842.141845703125,735.026611328125,0.9993094,960.885986328125,714.6724853515625,0.99983394,848.081298828125,733.6468505859375,0.99929583,954.8609619140625,708.44140625,0.9998876,850.793212890625,725.6365966796875,0.99948466,921.7117309570312,703.8414916992188,0.9998876,873.8240356445312,708.2740478515625,0.99977654,918.7394409179688,803.6279907226562,0.99993896,873.960205078125,800.98388671875,0.99972194,920.11767578125,900.7545166015625,0.99954873,872.9388427734375,886.119140625,0.99918324,912.694091796875,915.6660766601562,0.9989434,870.7420654296875,900.0914916992188,0.99864894,926.20654296875,935.2860107421875,0.99666256,891.4542236328125,920.6673583984375,0.99664956
195,886.0296630859375,533.0191040039062,0.99997747,889.1261596679688,523.3782348632812,0.99994123,892.7946166992188,523.2208862304688,0.99994123,896.6075439453125,523.0960693359375,0.99994075,879.6019897460938,523.4546508789062,0.99993134,875.98095703125,523.4031982421875,0.9999263,871.9805297851562,523.6185302734375,0.99991846,899.7627563476562,524.60595703125,0.99994564,865.90380859375,526.3032836914062,0.99990976,891.097412109375,541.1043701171875,0.99997556,879.4741821289062,540.98876953125,0.9999716,924.674560546875,570.6814575195312,0.99998105,842.5209350585938,579.0671997070312,0.9999286,943.047119140625,636.3972778320312,0.9999542,839.05322265625,649.0333251953125,0.9996673,959.8036499023438,696.6976318359375,0.99991584,844.6094970703125,714.498779296875,0.9996345,968.616455078125,716.6295776367188,0.9997584,842.804931640625,733.9776000976562,0.99933845,961.7937622070312,716.8712768554688,0.99978,849.458740234375,732.9505004882812,0.99933845,955.7489624023438,711.1032104492188,0.99984884,852.7694702148438,725.8164672851562,0.9995103,920.3160400390625,703.7123413085938,0.9999008,873.2852172851562,707.1107177734375,0.9997731,918.7315673828125,804.65087890625,0.999944,876.5654296875,800.1045532226562,0.9996898,922.7763061523438,905.1717529296875,0.9994536,872.6326293945312,885.1405639648438,0.9989267,915.9214477539062,919.4138793945312,0.99866986,870.2343139648438,898.40087890625,0.99828595,924.3917236328125,936.7913818359375,0.99583375,894.0323486328125,919.3746337890625,0.99611557
196,888.1303100585938,531.68994140625,0.9999778,891.9690551757812,522.0955200195312,0.9999398,895.3125,522.00244140625,0.9999385,899.4154052734375,521.8048095703125,0.9999349,882.1531982421875,522.1111450195312,0.99993396,878.2760620117188,522.016845703125,0.9999286,874.3317260742188,522.14306640625,0.99992156,903.0400390625,523.3142700195312,0.9999379,868.5344848632812,524.6658325195312,0.9999151,893.6323852539062,539.6838989257812,0.9999745,881.7279663085938,539.35400390625,0.9999727,928.8480224609375,570.6373291015625,0.99997413,845.534423828125,577.9845581054688,0.9999269,948.0780639648438,637.797607421875,0.99994075,840.7128295898438,649.344482421875,0.99967754,962.0526123046875,698.693115234375,0.9998859,845.4038696289062,714.8775024414062,0.9996125,969.495849609375,718.248291015625,0.99967754,844.2511596679688,733.6289672851562,0.99926203,963.19189453125,718.7992553710938,0.99971086,850.0831298828125,732.4697265625,0.9992706,957.7073364257812,712.3213500976562,0.9998029,853.081787109375,725.0172119140625,0.99947256,924.5865478515625,704.29833984375,0.99987566,875.6455078125,707.6785888671875,0.9997731,920.4528198242188,805.1405029296875,0.9999292,878.7193603515625,801.317626953125,0.9997131,921.9404296875,901.4298706054688,0.99937856,872.796875,885.6871337890625,0.99879336,913.9415893554688,916.7155151367188,0.99850464,870.981201171875,898.1237182617188,0.9979412,924.9061279296875,935.5667114257812,0.9948403,891.6807250976562,918.9725952148438,0.99490017
197,893.0675048828125,529.36083984375,0.9999652,896.0888671875,519.5414428710938,0.9999083,899.4901123046875,519.2882690429688,0.99990535,903.3968505859375,519.138916015625,0.9999039,886.5315551757812,519.8558959960938,0.9999039,882.883056640625,519.822265625,0.99990237,878.8001098632812,519.9797973632812,0.9998952,906.1646728515625,520.945556640625,0.99990535,872.5296630859375,522.603515625,0.99989283,897.9740600585938,537.4266357421875,0.9999646,886.422119140625,537.4967651367188,0.9999658,931.7454833984375,568.2183227539062,0.9999627,847.7562866210938,575.1842041015625,0.99993074,950.4390869140625,635.8635864257812,0.99992394,842.159912109375,645.1463012695312,0.99968743,963.4175415039062,697.199951171875,0.99983656,846.9612426757812,711.0548095703125,0.99963164,971.6261596679688,717.3883666992188,0.9995859,846.2322387695312,729.8441772460938,0.9993462,966.1625366210938,718.2567138671875,0.99960953,851.885009765625,728.243896484375,0.9993333,960.5648803710938,712.0203247070312,0.9997198,854.7305297851562,722.0343017578125,0.99950826,926.3465576171875,703.5524291992188,0.99986124,877.9737548828125,706.6837158203125,0.9997749,924.3013305664062,804.6446533203125,0.99992394,880.8321533203125,803.7599487304688,0.9996971,923.4420776367188,901.5009155273438,0.9993881,874.9328002929688,886.290771484375,0.9988121,917.2435302734375,914.0411376953125,0.99863297,872.9127807617188,898.8511352539062,0.9980882,923.785400390625,937.00341796875,0.9957353,895.142822265625,921.3255004882812,0.9953544
198,895.9931640625,527.0684204101562,0.9999757,899.357177734375,517.1947631835938,0.9999318,902.99072265625,516.9915771484375,0.99992967,906.8497924804688,516.90771484375,0.99992573,889.7041625976562,517.2711791992188,0.9999335,886.0848388671875,517.1541748046875,0.99993396,881.9983520507812,517.2236938476562,0.99993026,909.9904174804688,518.8570556640625,0.9999263,875.6092529296875,519.8125610351562,0.9999329,900.7997436523438,535.5081787109375,0.99997246,889.053955078125,535.2689208984375,0.9999764,935.37890625,566.876953125,0.99996173,850.4147338867188,572.0545654296875,0.99995637,952.3630981445312,636.8912353515625,0.99990606,843.3817138671875,640.8549194335938,0.9997695,964.8384399414062,700.0441284179688,0.9997918,847.5122680664062,705.8775634765625,0.9997508,972.735107421875,719.9627685546875,0.99950826,846.0211181640625,726.2151489257812,0.99954873,968.0596313476562,720.4732666015625,0.9995272,852.7846069335938,724.8633422851562,0.9995453,962.1817016601562,713.51611328125,0.9996567,856.04248046875,718.9155883789062,0.99966204,927.1826782226562,703.4815673828125,0.99990976,879.264404296875,705.6583862304688,0.9998623,924.3177490234375,806.4577026367188,0.9999485,881.9434814453125,804.5264892578125,0.99977654,923.7268676757812,902.6910400390625,0.99942964,877.3480224609375,884.3727416992188,0.99918956,918.2014770507812,914.6221923828125,0.9986904,875.11181640625,893.96484375,0.9987207,922.2785034179688,938.73779296875,0.99566853,897.4515380859375,924.48583984375,0.996597
199,897.5732421875,525.3804321289062,0.9999893,902.0657348632812,515.1685180664062,0.99996996,905.17724609375,515.0071411132812,0.99996805,909.3970947265625,514.9275512695312,0.99996626,891.763916015625,515.283447265625,0.99996924,887.6395263671875,515.1583251953125,0.99996734,883.9640502929688,515.1953125,0.9999652,913.072998046875,516.9469604492188,0.999966,878.0035400390625,517.8477783203125,0.99996436,903.15380859375,533.9323120117188,0.9999865,890.8549194335938,533.4971923828125,0.9999876,938.3460083007812,566.7310180664062,0.99997735,852.371826171875,570.1297607421875,0.9999646,955.3032836914062,637.3143310546875,0.99993694,844.3438110351562,640.4453125,0.99979657,967.3815307617188,701.9282836914062,0.9998697,847.3375854492188,706.7557373046875,0.99980134,973.112548828125,721.563232421875,0.99968255,846.8422241210938,725.5886840820312,0.9996486,969.2373046875,721.569580078125,0.9997017,853.6502075195312,724.0051879882812,0.99964714,963.8671875,714.5059204101562,0.99978346,856.6936645507812,718.3673706054688,0.99973875,927.6441650390625,703.2000732421875,0.99994564,880.6005249023438,705.4813232421875,0.99990237,924.5361938476562,806.511474609375,0.9999707,883.002197265625,804.8704833984375,0.99986756,921.3516235351562,901.1117553710938,0.9997131,878.3060302734375,879.8350830078125,0.99953806,911.9028930664062,914.1328125,0.99932814,875.6026611328125,890.6264038085938,0.9992792,923.1292724609375,938.7509155273438,0.99760324,898.611328125,921.4512329101562,0.9981104
200,901.073486328125,522.5399780273438,0.9999914,905.3224487304688,512.5103759765625,0.99997604,908.39794921875,512.2750854492188,0.99997556,912.5391235351562,512.1826782226562,0.99997497,894.8355712890625,512.6228637695312,0.9999739,890.5880737304688,512.5198974609375,0.99997294,886.8052978515625,512.519775390625,0.9999702,915.9397583007812,513.8831787109375,0.99997663,880.0540161132812,515.014404296875,0.9999702,906.5404052734375,531.1934814453125,0.99999094,893.8619995117188,531.070068359375,0.9999908,941.6099853515625,564.2236938476562,0.9999882,853.9676513671875,568.5257568359375,0.99997246,958.6078491210938,635.0134887695312,0.9999567,845.05029296875,639.32568359375,0.9997998,969.2223510742188,699.8937377929688,0.99990904,847.7909545898438,703.7322387695312,0.9997918,975.07275390625,719.3802490234375,0.99976224,847.022705078125,723.46484375,0.9996259,969.6140747070312,718.6533813476562,0.99978346,853.9574584960938,721.4284057617188,0.99963164,964.3351440429688,712.52978515625,0.99984527,857.2928466796875,715.4425659179688,0.9997305,929.161865234375,701.0841674804688,0.99993694,881.3558349609375,702.9136352539062,0.99987173,926.93701171875,808.479736328125,0.9999621,886.2529296875,801.7178344726562,0.9998148,921.9258422851562,901.441162109375,0.9995859,880.5721435546875,877.3582763671875,0.99924755,915.59619140625,913.4969482421875,0.9990527,876.7837524414062,887.84423828125,0.99886644,924.9519653320312,938.7296142578125,0.9966102,899.6105346679688,920.3930053710938,0.9971771
201,904.4708862304688,519.7182006835938,0.9999753,908.7158813476562,509.84832763671875,0.9999329,911.7267456054688,509.6941223144531,0.99993074,915.8333740234375,509.6231384277344,0.9999274,898.3964233398438,509.8766784667969,0.9999292,894.193359375,509.7359313964844,0.99992514,890.3453369140625,509.7669982910156,0.99991775,918.8970947265625,511.8639831542969,0.9999329,883.0453491210938,512.4425659179688,0.99992037,909.51904296875,528.367919921875,0.99997306,896.8724365234375,527.9506225585938,0.99997354,944.3921508789062,563.2164306640625,0.9999709,855.9542846679688,566.4669799804688,0.99992394,960.7880249023438,633.93896484375,0.99992394,845.2951049804688,636.626953125,0.9996898,970.958984375,698.508056640625,0.99983,847.6903076171875,701.38525390625,0.99967754,976.2998046875,717.6392211914062,0.9995141,846.2930297851562,721.4878540039062,0.99935883,970.2911987304688,716.5481567382812,0.9995876,853.9662475585938,719.6841430664062,0.9994185,965.119140625,710.934814453125,0.99971753,857.29296875,713.3298950195312,0.99958104,931.4694213867188,701.7102661132812,0.9999286,881.784912109375,703.356689453125,0.99984026,930.7354736328125,808.0021362304688,0.9999417,887.3179931640625,803.5941162109375,0.9996724,925.9808349609375,903.8713989257812,0.9989718,882.2904052734375,876.9227905273438,0.99871576,920.1497192382812,916.1947631835938,0.99732697,881.5211181640625,885.7247924804688,0.9978258,924.251220703125,938.2733764648438,0.98998636,896.9202880859375,918.725341796875,0.994089
202,904.68359375,515.0774536132812,0.99996233,909.8102416992188,506.6647644042969,0.99990237,912.5123901367188,506.5274353027344,0.9998977,916.1981811523438,506.3190612792969,0.99989605,898.6870727539062,506.5660400390625,0.99989605,894.3578491210938,506.49530029296875,0.99989104,891.0726318359375,506.4427185058594,0.9998832,920.0,509.1076965332031,0.99990237,884.3909912109375,509.71405029296875,0.9998859,910.7421875,524.69091796875,0.99995995,896.916748046875,524.6461791992188,0.9999584,946.6038818359375,560.6695556640625,0.999959,858.1913452148438,565.666259765625,0.99988127,962.1422119140625,632.4585571289062,0.99989843,847.1134643554688,638.3805541992188,0.9996125,969.9622802734375,696.922119140625,0.99979335,846.5535278320312,702.20166015625,0.99957114,976.0285034179688,716.4443359375,0.9994407,844.2224731445312,721.2786865234375,0.9991768,968.915771484375,715.2816162109375,0.999529,851.7169189453125,719.7802124023438,0.99923575,963.7232055664062,709.5416259765625,0.9996699,855.3359985351562,713.5228271484375,0.999445,933.2918701171875,703.2642211914062,0.99994075,881.7744750976562,704.0632934570312,0.9998727,932.371826171875,809.436767578125,0.9999473,888.3822631835938,805.007080078125,0.99972194,926.4485473632812,904.7782592773438,0.9990527,883.1898803710938,875.54638671875,0.99909604,923.304443359375,916.5919189453125,0.9975466,883.69140625,883.54833984375,0.99843305,923.8260498046875,938.5421752929688,0.98975134,890.016845703125,917.2017822265625,0.99518895
203,906.30810546875,514.3563842773438,0.99995863,911.1954345703125,505.5065002441406,0.9998945,914.1309204101562,505.1830749511719,0.9998945,917.376708984375,504.9038391113281,0.9998894,900.1520385742188,505.6217041015625,0.9998859,895.9871215820312,505.52117919921875,0.99988127,892.6626586914062,505.4715881347656,0.99986863,921.1895141601562,507.136962890625,0.9999001,885.6495361328125,508.32891845703125,0.99987066,912.2327270507812,523.934326171875,0.99995863,898.67626953125,523.9046630859375,0.9999553,947.4282836914062,559.40380859375,0.9999629,859.7462158203125,563.85009765625,0.9998876,963.2442626953125,630.7683715820312,0.99992514,848.6793823242188,635.3281860351562,0.99969935,971.4837036132812,695.2178955078125,0.99984765,846.523681640625,698.3348388671875,0.9996513,976.724365234375,714.5264892578125,0.9995728,843.152099609375,718.4412841796875,0.99933845,969.6491088867188,713.6495971679688,0.9996345,849.8603515625,717.2260131835938,0.99937373,964.7239990234375,707.6192016601562,0.99974686,853.5924682617188,710.2560424804688,0.9995453,933.5272827148438,701.3639526367188,0.99991715,882.4857177734375,701.5135498046875,0.99983263,930.0131225585938,808.8731079101562,0.9999379,890.1875610351562,803.7533569335938,0.99971753,925.1337890625,902.015625,0.9989267,884.6820068359375,877.8855590820312,0.99889696,920.811279296875,914.6660766601562,0.99729556,885.9315185546875,886.7244873046875,0.99808073,922.4790649414062,939.6050415039062,0.98998636,886.5874633789062,918.9652099609375,0.99486035
204,907.1845703125,511.68865966796875,0.99997044,912.4451293945312,503.1522521972656,0.99992275,915.3026733398438,502.9405517578125,0.99991965,918.5888671875,502.8021240234375,0.99991775,901.3018798828125,503.0401916503906,0.99991715,897.0847778320312,502.9212341308594,0.99991107,893.7509155273438,502.8398742675781,0.9999039,922.5860595703125,505.4535827636719,0.99991965,886.9721069335938,506.021728515625,0.9998977,913.1649780273438,521.4742431640625,0.99996734,899.4262084960938,521.512451171875,0.9999646,948.8035278320312,558.5126342773438,0.9999641,860.665771484375,563.1057739257812,0.9998969,965.379150390625,629.3768310546875,0.99992967,850.4312744140625,636.042724609375,0.9997305,972.771728515625,693.9117431640625,0.9998894,846.288330078125,699.608154296875,0.99969935,977.3065795898438,713.5255126953125,0.9997086,843.3274536132812,718.7948608398438,0.99945146,969.9069213867188,711.951904296875,0.9997508,847.3110961914062,718.0889892578125,0.99947256,965.1064453125,705.5603637695312,0.9998247,850.8563842773438,711.7852172851562,0.999608,934.9832153320312,700.2318725585938,0.9999324,883.5709228515625,699.759765625,0.9998766,929.4143676757812,805.2275390625,0.9999676,891.1322021484375,801.3726196289062,0.99986124,923.3562622070312,902.2340087890625,0.99960953,884.4300537109375,880.6266479492188,0.99954,918.5165405273438,913.1753540039062,0.9990226,884.1198120117188,887.864501953125,0.99918324,921.6005859375,940.4225463867188,0.99586606,883.558349609375,922.07177734375,0.9973786
205,908.0321655273438,511.811279296875,0.99994934,913.337646484375,502.74365234375,0.9998746,916.5415649414062,502.5746765136719,0.99987364,919.5457153320312,502.511474609375,0.9998697,902.2996826171875,502.72357177734375,0.9998623,898.3058471679688,502.5386047363281,0.9998523,894.782958984375,502.453369140625,0.99983907,923.6416625976562,505.11175537109375,0.9998727,887.9987182617188,505.12841796875,0.999826,913.42578125,521.6333618164062,0.99994814,900.1412353515625,521.3455200195312,0.9999398,949.5807495117188,559.1043701171875,0.9999461,860.816650390625,562.6463623046875,0.9998233,966.5613403320312,629.2242431640625,0.99988854,849.359130859375,635.8340454101562,0.9995505,973.9777221679688,689.907958984375,0.99984527,842.8783569335938,700.3253173828125,0.9993761,978.4774169921875,709.3661499023438,0.999617,839.5989379882812,720.0242919921875,0.99890554,970.1297607421875,707.4923706054688,0.99968493,845.072509765625,718.7185668945312,0.99895155,965.2820434570312,700.9818725585938,0.9997677,848.508056640625,712.9202880859375,0.9992022,935.1132202148438,700.3656616210938,0.9998568,882.9940185546875,699.6844482421875,0.99974686,932.0852661132812,806.282958984375,0.99993694,892.8662719726562,800.9973754882812,0.9997749,920.934326171875,902.3838500976562,0.99940693,887.517333984375,888.0861206054688,0.99918324,915.6245727539062,914.1656494140625,0.9986436,886.5306396484375,897.725830078125,0.9985619,923.0384521484375,938.1257934570312,0.99486035,887.4296264648438,926.62158203125,0.99580115
206,907.3841552734375,511.0904235839844,0.9999633,912.5001220703125,502.0773010253906,0.9999008,916.4583740234375,501.9438781738281,0.99989843,919.3587036132812,501.8631591796875,0.9998952,901.6251831054688,502.0096130371094,0.99989283,897.9950561523438,501.83056640625,0.99988496,894.1953735351562,501.7407531738281,0.9998746,923.9481811523438,504.6985168457031,0.9998945,888.2389526367188,504.0565185546875,0.9998634,912.9774780273438,521.111328125,0.99995935,899.9774780273438,520.5790405273438,0.99995315,949.4192504882812,558.3525390625,0.999956,861.2314453125,561.9586791992188,0.9998623,967.8056640625,627.2437744140625,0.99991655,850.8898315429688,635.389892578125,0.9996526,974.9756469726562,687.9010620117188,0.9998902,843.3194580078125,700.713134765625,0.99950826,978.5401000976562,707.4318237304688,0.9997086,838.955810546875,720.8516235351562,0.99910307,969.744384765625,704.7479858398438,0.9997658,843.663818359375,720.3241577148438,0.99911004,965.2042236328125,698.2593994140625,0.9998313,847.3338012695312,714.37939453125,0.9993436,936.0494995117188,697.2745361328125,0.99978,884.2562255859375,697.8009033203125,0.99971086,931.01171875,802.50244140625,0.9998859,894.4901123046875,799.48876953125,0.9997284,917.803466796875,898.5231323242188,0.99937373,890.0736694335938,894.1724243164062,0.99901116,909.7861938476562,911.0215454101562,0.9986541,888.6058349609375,906.2965087890625,0.99818975,926.7308349609375,934.4155883789062,0.9956346,893.71875,930.8709716796875,0.99528164
207,908.4336547851562,509.67431640625,0.9999609,913.8154296875,500.82757568359375,0.99989605,917.3368530273438,500.7134094238281,0.9998952,920.3264770507812,500.7046813964844,0.9998894,902.6774291992188,500.7560729980469,0.9998894,898.8471069335938,500.5976257324219,0.9998822,895.2598876953125,500.54559326171875,0.99987066,924.9059448242188,503.71002197265625,0.99989104,889.06201171875,503.07794189453125,0.99986446,914.1145629882812,519.7637939453125,0.99996114,900.7506103515625,519.26904296875,0.9999567,949.86474609375,558.0234375,0.9999603,862.6664428710938,561.5853271484375,0.9998727,968.82177734375,626.0441284179688,0.99989283,851.898681640625,637.1005859375,0.9995627,975.4564819335938,687.2584838867188,0.99983907,841.953369140625,704.1677856445312,0.99937856,979.2750244140625,706.8885498046875,0.9996018,836.9854736328125,724.0200805664062,0.998884,969.969970703125,704.2431030273438,0.99968004,841.7490844726562,724.2802124023438,0.9989225,965.555908203125,697.2860717773438,0.99976224,845.8019409179688,717.398193359375,0.9992022,936.7286376953125,698.7486572265625,0.9997749,884.1096801757812,698.22021484375,0.999608,931.56396484375,804.392333984375,0.99989605,895.2315673828125,798.640380859375,0.999658,920.37841796875,905.5339965820312,0.99922967,893.7921142578125,899.6029663085938,0.9987453,915.1632690429688,916.9155883789062,0.9982248,892.9439697265625,909.9508056640625,0.9976949,926.6585083007812,940.8486328125,0.99457306,897.1022338867188,938.6925659179688,0.99433607
208,909.7080688476562,509.09674072265625,0.99994266,914.5411376953125,499.6131286621094,0.9998535,918.1646728515625,499.4642639160156,0.9998535,921.0927734375,499.40570068359375,0.99984276,903.5397338867188,499.8938903808594,0.99984276,899.6593627929688,499.84283447265625,0.99983263,895.8885498046875,499.88616943359375,0.99981624,925.4820556640625,502.5516357421875,0.99984646,889.4887084960938,502.8154296875,0.9997998,915.6946411132812,518.8037109375,0.9999349,902.215087890625,518.5289916992188,0.99992394,951.0730590820312,555.901611328125,0.9999497,863.7830200195312,560.8753662109375,0.9998118,968.9517822265625,624.9918823242188,0.9999039,852.6530151367188,636.2994384765625,0.9995197,975.01513671875,685.9671630859375,0.9998287,842.6471557617188,704.8250122070312,0.9991991,978.2386474609375,705.998291015625,0.9995363,837.5147094726562,724.88720703125,0.9984988,970.365234375,703.3551025390625,0.9996215,842.1744384765625,725.1900024414062,0.9985221,966.3123168945312,696.69775390625,0.9997284,846.1226806640625,718.4893188476562,0.9989183,935.4522705078125,696.970947265625,0.9994867,884.1600952148438,696.22216796875,0.99910307,926.559326171875,805.3598022460938,0.99968255,893.699951171875,797.9135131835938,0.9991374,917.53466796875,908.49267578125,0.99805814,893.5800170898438,905.1292724609375,0.9969246,913.0105590820312,922.4747924804688,0.99589807,891.849609375,916.805908203125,0.99444515,928.69677734375,938.9608764648438,0.9905874,901.1499633789062,941.6157836914062,0.9898303
210,909.140625,507.572509765625,0.99994814,914.596923828125,497.57354736328125,0.9998623,918.9374389648438,497.8538818359375,0.9998511,921.9190063476562,498.28778076171875,0.9998313,903.2691650390625,497.5645751953125,0.99986446,899.2586669921875,497.44384765625,0.9998591,894.8062744140625,497.608642578125,0.99984765,926.5762329101562,502.4679260253906,0.99982053,888.8037719726562,501.0965576171875,0.99984396,915.3369750976562,517.4014892578125,0.99992216,901.2890625,516.8871459960938,0.99992156,952.7919311523438,556.5191650390625,0.9999125,862.7030029296875,562.226806640625,0.9997998,970.3796997070312,624.5139770507812,0.99986017,852.7572021484375,640.0223999023438,0.9996259,975.116943359375,685.6337280273438,0.99977654,844.5789184570312,708.4677124023438,0.9994253,977.244873046875,706.1305541992188,0.999445,838.5181884765625,728.7176513671875,0.9988708,969.0960083007812,702.982177734375,0.9995435,843.322509765625,729.8303833007812,0.9989309,965.2174682617188,696.2395629882812,0.99967754,847.1686401367188,722.4373168945312,0.99921143,938.8070678710938,699.3615112304688,0.9993462,885.4100952148438,699.808349609375,0.9991239,925.5597534179688,806.7109375,0.9995908,895.4344482421875,801.8441162109375,0.99908185,917.9940185546875,914.2630004882812,0.9980276,898.5640258789062,916.9714965820312,0.997981,916.915771484375,928.607177734375,0.99605453,897.4302368164062,931.8037109375,0.99611557,923.6874389648438,945.745361328125,0.99242276,902.1698608398438,950.636474609375,0.99298817
211,908.1470947265625,505.86572265625,0.99993074,913.5079956054688,496.0252990722656,0.9998273,917.9811401367188,496.17724609375,0.99981624,921.2893676757812,496.65521240234375,0.9997998,902.3583374023438,496.1269226074219,0.9998287,898.6156005859375,496.1366882324219,0.9998191,894.3480224609375,496.4385681152344,0.99980444,926.4660034179688,501.6090393066406,0.99979013,888.90576171875,500.66925048828125,0.99979013,914.7471923828125,515.93603515625,0.99990237,901.0253295898438,515.7003784179688,0.9998952,953.2060546875,557.350341796875,0.9998795,863.73388671875,563.6535034179688,0.9997527,971.18408203125,626.9159545898438,0.99979013,853.3486328125,640.7559204101562,0.99954,973.5192260742188,686.854248046875,0.99973875,845.5093383789062,709.49365234375,0.9992022,975.4249267578125,707.6923828125,0.9993761,839.953857421875,730.2391967773438,0.9984988,968.4254760742188,704.4998779296875,0.99949265,844.4849853515625,730.6926879882812,0.99854493,965.4518432617188,697.9224853515625,0.9996331,848.6151123046875,723.58349609375,0.9989183,937.7557983398438,700.6077270507812,0.99924755,886.3245239257812,701.5075073242188,0.99916387,928.3031005859375,806.877197265625,0.99950254,894.694580078125,803.261962890625,0.99903786,922.2156982421875,910.915771484375,0.99766773,903.0947875976562,916.3013916015625,0.9977569,920.2924194335938,926.3424072265625,0.9954791,905.0778198242188,931.7914428710938,0.9957684,921.6242065429688,945.668212890625,0.99108386,900.0079345703125,952.02294921875,0.9916842
212,908.8319702148438,505.8705749511719,0.99990535,914.1924438476562,496.4119567871094,0.9997695,918.4279174804688,496.49468994140625,0.9997508,921.6018676757812,496.7555236816406,0.9997305,902.9750366210938,496.6460266113281,0.9997731,899.0361938476562,496.6044616699219,0.9997603,894.76708984375,496.847900390625,0.9997367,926.3335571289062,501.1692199707031,0.9997063,888.8717651367188,500.67388916015625,0.99972194,915.3489379882812,516.05517578125,0.99984527,901.4158935546875,515.8576049804688,0.99983263,952.9698486328125,557.558349609375,0.9998191,863.9232177734375,563.48095703125,0.9995987,971.4627685546875,626.180419921875,0.9997428,853.7913818359375,641.7295532226562,0.9993857,973.3493041992188,686.2982177734375,0.9996125,845.2020874023438,711.05029296875,0.9988531,975.113037109375,707.8248901367188,0.999015,840.3748779296875,731.86669921875,0.9977393,967.8214721679688,704.5407104492188,0.9991991,845.2598876953125,732.290771484375,0.99780875,964.9207153320312,697.2784423828125,0.9994429,848.8968505859375,724.4826049804688,0.9983834,938.5142822265625,700.3134155273438,0.9987503,886.0936889648438,701.0319213867188,0.99869555,928.5806274414062,806.6068725585938,0.9982658,894.7018432617188,804.241455078125,0.9977482,919.5382690429688,909.30078125,0.9936365,904.6397094726562,919.6181640625,0.993807,917.939453125,923.6676635742188,0.9890976,907.2979125976562,935.1246337890625,0.9884919,921.646240234375,944.0255737304688,0.98215127,903.6310424804688,953.635009765625,0.9805807
213,908.1067504882812,505.561279296875,0.9998148,913.3736572265625,495.817138671875,0.9995505,917.8386840820312,495.9278259277344,0.9995159,921.1583251953125,496.369384765625,0.99945575,902.2791748046875,495.9899597167969,0.9995859,898.5647583007812,496.0376892089844,0.9995728,894.3162231445312,496.3931884765625,0.99955577,926.6185302734375,501.6669006347656,0.9993881,889.0155639648438,501.1468505859375,0.99955755,914.9928588867188,515.5592651367188,0.99963593,901.255615234375,515.4713134765625,0.9996259,953.2003784179688,557.8606567382812,0.9995363,864.1248168945312,564.9717407226562,0.99940467,971.982177734375,627.1032104492188,0.9995592,855.0743408203125,643.8239135742188,0.9993538,972.7267456054688,689.4987182617188,0.99937373,846.4136352539062,712.9376831054688,0.9986646,974.4807739257812,710.9019775390625,0.99843305,841.8046264648438,733.4451904296875,0.99729556,967.0960083007812,707.3140258789062,0.99869555,846.14453125,733.8322143554688,0.99740905,964.158203125,700.2495727539062,0.99910307,849.853759765625,726.9111938476562,0.9981178,938.5823974609375,701.776611328125,0.99758446,885.757568359375,702.9622192382812,0.9987551,929.7352294921875,809.2939453125,0.9926542,895.8778076171875,806.7542114257812,0.9965436,920.1801147460938,909.7377319335938,0.98662347,907.6286010742188,921.8780517578125,0.99101454,918.1043701171875,925.2693481445312,0.98024315,909.7431030273438,940.0966796875,0.9832145,928.5175170898438,944.5628051757812,0.9756698,908.310791015625,957.006103515625,0.97134733
214,907.6179809570312,504.3536071777344,0.99984646,913.0299072265625,494.94207763671875,0.9996388,917.373046875,495.01824951171875,0.99961853,920.957763671875,495.4590148925781,0.99958104,901.8981323242188,495.1212463378906,0.99966466,898.1010131835938,495.1687927246094,0.99965405,893.7841186523438,495.5550537109375,0.99964297,926.2266845703125,501.05682373046875,0.9995234,888.313720703125,500.59173583984375,0.99963164,914.712890625,515.03271484375,0.9997428,900.8212280273438,514.877685546875,0.9997428,952.8009033203125,557.8060302734375,0.9996567,863.2699584960938,565.233642578125,0.9995327,971.7820434570312,628.1256713867188,0.9995956,853.6460571289062,644.7328491210938,0.9993905,972.2614135742188,690.2333984375,0.9994887,847.1741943359375,714.8008422851562,0.9988927,974.2131958007812,712.1697387695312,0.9988305,843.7515869140625,735.5811157226562,0.99788433,966.8212280273438,708.7804565429688,0.99903786,847.2001953125,735.791015625,0.9979888,963.6171264648438,701.5660400390625,0.99931216,850.6919555664062,728.455078125,0.9984988,938.7584228515625,703.2984008789062,0.99837697,885.3560180664062,705.2720336914062,0.9989837,929.7052612304688,812.7174682617188,0.9975466,895.6541137695312,809.9464111328125,0.9982926,921.1007080078125,911.3287353515625,0.99482024,907.06103515625,926.1727905273438,0.9962346,918.137939453125,925.3317260742188,0.99187535,912.0575561523438,943.7645263671875,0.9928786,926.9739379882812,948.8856201171875,0.98672616,904.4501342773438,961.6094360351562,0.98582757
215,908.2861328125,503.9747009277344,0.9998697,913.6142578125,494.5555114746094,0.99967504,917.991455078125,494.5852355957031,0.99964714,921.272705078125,494.8016357421875,0.9996018,902.2794189453125,494.9206848144531,0.99972194,898.4755249023438,494.9501647949219,0.99972624,894.29443359375,495.2460021972656,0.99971753,926.6737670898438,500.17169189453125,0.9995234,888.5676879882812,499.7943420410156,0.99972624,915.314208984375,514.6481323242188,0.99973255,901.2413330078125,514.57470703125,0.9997658,953.2738647460938,558.5905151367188,0.9995253,863.2752075195312,564.9596557617188,0.9996699,972.0799560546875,629.5548095703125,0.99954695,853.319580078125,645.1580810546875,0.99957114,972.1642456054688,693.7318115234375,0.99942964,847.0809326171875,715.6549682617188,0.9992679,974.24951171875,715.5643920898438,0.99866986,843.6007080078125,736.4932250976562,0.9984988,967.0372924804688,712.572998046875,0.9988883,847.439697265625,736.6377563476562,0.9985896,963.921630859375,705.1699829101562,0.99921453,851.0087890625,729.1053466796875,0.9989556,938.1995849609375,703.2952880859375,0.998259,885.52783203125,705.1200561523438,0.99929583,926.447509765625,814.6260375976562,0.99687636,897.5339965820312,811.1159057617188,0.9986646,917.1329345703125,911.22021484375,0.99440175,907.9183349609375,928.7423095703125,0.9964619,914.7431030273438,924.626708984375,0.9916196,913.93310546875,947.675537109375,0.9929061,919.1782836914062,947.4664306640625,0.98771137,902.2322998046875,966.4315185546875,0.9859364
216,907.7644653320312,502.2916259765625,0.9998568,913.0376586914062,492.9263610839844,0.99964297,917.2756958007812,492.97576904296875,0.99961406,920.7749633789062,493.2476501464844,0.9995695,901.7579956054688,493.11956787109375,0.99968004,897.853759765625,493.1400146484375,0.9996699,893.37548828125,493.3894348144531,0.9996567,925.3446044921875,498.50189208984375,0.99949265,887.4537963867188,497.91754150390625,0.99966466,914.417236328125,513.1290283203125,0.99968493,900.4545288085938,512.9816284179688,0.9997063,952.71435546875,557.2833251953125,0.99950635,862.0906982421875,565.001708984375,0.9995363,971.9713134765625,628.4602661132812,0.9995678,852.2229614257812,645.7660522460938,0.99950445,972.471435546875,693.9341430664062,0.99937373,846.6595458984375,715.6026611328125,0.9991672,974.6808471679688,716.0526123046875,0.99843305,843.146728515625,737.1972045898438,0.9982658,967.0961303710938,713.148681640625,0.9986853,847.3867797851562,737.12939453125,0.9984084,964.18017578125,705.7738037109375,0.99910307,851.0783081054688,729.2951049804688,0.9988213,938.2694091796875,702.9949951171875,0.99701905,885.5459594726562,706.0563354492188,0.9986594,923.3521728515625,812.0472412109375,0.99444515,898.5079345703125,813.5269775390625,0.99776566,915.935546875,910.7991943359375,0.99293363,910.1429443359375,934.2002563476562,0.99490017,916.2919311523438,924.1959228515625,0.98998636,917.9741821289062,950.9911499023438,0.99021614,917.7656860351562,942.6129760742188,0.9869795,900.1329956054688,968.33984375,0.9828892
217,906.9583740234375,500.9936828613281,0.99989367,912.3192138671875,491.38092041015625,0.99971753,916.716796875,491.3891906738281,0.9996971,920.11865234375,491.55328369140625,0.9996699,900.8555908203125,491.77203369140625,0.9997428,896.9833374023438,491.8209228515625,0.9997428,892.6400146484375,492.1455383300781,0.9997305,925.3429565429688,496.6341857910156,0.9996288,887.09619140625,496.7550354003906,0.9997305,914.0458984375,511.64361572265625,0.9998118,899.9507446289062,511.6396484375,0.9998233,952.5892944335938,555.9810791015625,0.9996259,861.6395263671875,564.1893920898438,0.9996244,971.0258178710938,629.5797119140625,0.9996018,852.498779296875,646.0814819335938,0.99947053,973.1921997070312,697.327392578125,0.9995103,846.6991577148438,716.7259521484375,0.9991704,975.6199340820312,719.5358276367188,0.99877447,842.462646484375,737.0745849609375,0.9982658,967.5359497070312,716.7011108398438,0.9989718,846.2465209960938,737.5817260742188,0.99835795,964.1172485351562,709.04541015625,0.99929035,850.2881469726562,729.99169921875,0.9987696,940.187744140625,703.3110961914062,0.9981178,886.8638916015625,705.7549438476562,0.9989434,927.3698120117188,815.9051513671875,0.99637836,898.0943603515625,815.1083984375,0.9975656,917.6344604492188,911.7451782226562,0.99242276,907.705810546875,931.6424560546875,0.9928231,916.8528442382812,924.40234375,0.98840266,915.2257690429688,950.16650390625,0.98662347,915.5497436523438,951.0723266601562,0.98228765,902.3431396484375,970.0993041992188,0.97529614
218,906.6312255859375,497.9192810058594,0.99990606,912.045654296875,489.01812744140625,0.9997508,916.5001220703125,489.0288391113281,0.9997347,919.7396240234375,489.0599670410156,0.99970406,900.5599975585938,489.1168518066406,0.99978346,896.744873046875,489.16693115234375,0.99978,892.5004272460938,489.3155212402344,0.9997731,924.4282836914062,494.0685119628906,0.99967504,886.4102172851562,493.4141540527344,0.99977654,913.0896606445312,509.2593078613281,0.9998233,899.244873046875,508.9497985839844,0.99983907,952.359619140625,553.7415161132812,0.99965405,861.4862060546875,562.3250732421875,0.99972194,969.9639282226562,628.8508911132812,0.99963164,851.3465576171875,645.056396484375,0.9995827,975.3087768554688,696.6543579101562,0.99957615,844.6036987304688,716.2536010742188,0.99926203,978.6351318359375,718.3018188476562,0.99895966,840.697998046875,737.195556640625,0.99852777,970.7735595703125,716.794189453125,0.99911004,845.49560546875,737.4100952148438,0.99857306,967.3551025390625,709.79248046875,0.9993881,849.22216796875,729.8635864257812,0.99896777,940.0684814453125,703.3355102539062,0.9988752,887.4349365234375,705.7960205078125,0.9995728,930.4548950195312,818.1068115234375,0.99759394,897.5257568359375,815.56884765625,0.9988708,916.9281005859375,908.0465698242188,0.9953904,907.1985473632812,931.449462890625,0.9965166,913.460205078125,915.7200927734375,0.9932025,914.6478881835938,950.005126953125,0.99304235,917.7821044921875,944.6793212890625,0.9898303,904.8643798828125,971.7792358398438,0.98481095
219,906.874267578125,493.880126953125,0.99989843,912.2494506835938,485.52081298828125,0.99973875,916.5963134765625,485.4898376464844,0.99972624,919.6553344726562,485.5814514160156,0.99970406,900.5308227539062,485.5041198730469,0.9997584,896.80615234375,485.6427307128906,0.9997546,892.9857177734375,485.8807067871094,0.9997428,924.3412475585938,490.583740234375,0.99968004,886.1982421875,490.7477722167969,0.9997428,913.4046630859375,505.4798889160156,0.99983263,899.1942138671875,505.3211975097656,0.99983656,953.1575927734375,550.4390869140625,0.99973875,861.1055908203125,560.4995727539062,0.9996923,969.8668823242188,626.7252197265625,0.9997284,851.4029541015625,642.3468627929688,0.9995728,976.2908935546875,696.2726440429688,0.9996673,842.8953857421875,713.3150634765625,0.9992679,979.9558715820312,717.4716186523438,0.9991441,838.8397827148438,735.44482421875,0.99857855,973.1018676757812,716.5040893554688,0.9992679,843.2742309570312,735.50341796875,0.9986223,969.0244750976562,710.0091552734375,0.99949265,847.0371704101562,727.5634765625,0.99899954,940.4918823242188,702.7058715820312,0.99926203,887.2388916015625,705.3334350585938,0.9996345,934.294677734375,817.14697265625,0.99827933,897.3276977539062,813.134765625,0.9989718,918.0068969726562,909.7996215820312,0.996852,907.517822265625,930.0875244140625,0.99762183,915.4658203125,918.3008422851562,0.9952448,914.0518798828125,946.4673461914062,0.99549675,922.5393676757812,949.1365356445312,0.99304235,907.7075805664062,969.3355102539062,0.99021614
220,907.6093139648438,491.48968505859375,0.99992514,913.050537109375,482.6498718261719,0.99979335,916.9970703125,482.9027099609375,0.99978346,919.9617919921875,483.11712646484375,0.9997677,901.2260131835938,482.36639404296875,0.9998247,897.1688842773438,482.61175537109375,0.999826,893.2025146484375,482.84814453125,0.9998191,924.099853515625,488.0093078613281,0.9997347,885.9590454101562,488.29730224609375,0.99983,913.8208618164062,502.8917541503906,0.9998666,899.3302001953125,503.03448486328125,0.9998876,952.7786254882812,548.9033203125,0.9997508,860.6566162109375,557.8150024414062,0.99983,970.6232299804688,625.8521118164062,0.9997305,848.8359985351562,641.310791015625,0.9996971,976.8271484375,697.1975708007812,0.99966466,841.1357421875,715.1329956054688,0.99950826,980.8899536132812,718.7515258789062,0.99915075,837.9013061523438,737.3186645507812,0.9990073,972.697021484375,717.8029174804688,0.99927634,843.8658447265625,736.9591064453125,0.9990564,969.18994140625,711.4746704101562,0.9995005,847.6156005859375,729.2633056640625,0.99933845,938.6954956054688,703.294677734375,0.99945146,885.536865234375,704.9592895507812,0.99979335,931.0733032226562,820.8224487304688,0.9985896,897.34228515625,813.5670166015625,0.9993228,915.4288940429688,905.97802734375,0.9970879,908.1957397460938,931.333251953125,0.99779165,913.6853637695312,914.9771118164062,0.9955662,915.672607421875,949.9076538085938,0.99544394,917.0078125,946.8671875,0.992961,906.9720458984375,972.802001953125,0.98892784
221,908.1321411132812,488.4839172363281,0.9998247,913.6520385742188,479.35284423828125,0.9995678,917.5835571289062,479.6104431152344,0.999554,920.6094360351562,479.8695373535156,0.99954176,901.5789184570312,479.41064453125,0.99962735,897.3663330078125,479.79010009765625,0.9996302,893.210693359375,480.1618957519531,0.99962294,925.1248779296875,485.173583984375,0.9995159,885.3313598632812,485.9246520996094,0.9996673,914.6295776367188,500.0399475097656,0.9997565,899.6541748046875,500.45367431640625,0.99978,954.1319580078125,547.5428466796875,0.9996923,858.8304443359375,556.2488403320312,0.9998273,971.41162109375,625.5159301757812,0.99968004,848.8573608398438,639.1373901367188,0.99977654,977.2049560546875,698.0603637695312,0.9996724,840.09912109375,711.40087890625,0.99942744,981.4434814453125,720.9923095703125,0.99916065,836.348388671875,733.6170654296875,0.9988167,972.8302001953125,719.6548461914062,0.9992735,840.8004150390625,733.4229125976562,0.9988927,968.6004638671875,712.7714233398438,0.9995159,844.89501953125,725.7295532226562,0.99925333,942.4884033203125,704.952392578125,0.9995956,886.4219970703125,707.1724243164062,0.99993694,936.245361328125,817.6744384765625,0.99719906,895.8888549804688,814.7621459960938,0.99949074,925.5614624023438,886.5809936523438,0.9951514,909.8311767578125,931.87548828125,0.9978002,918.7848510742188,887.1781005859375,0.994089,916.630615234375,946.76611328125,0.9954615,925.762939453125,922.1412353515625,0.99256825,906.3587646484375,971.9274291992188,0.987375
223,911.4892578125,482.91864013671875,0.9997981,916.2337646484375,474.0732727050781,0.9994947,919.141845703125,474.3022766113281,0.99948263,922.8505249023438,474.66448974609375,0.9994684,904.3728637695312,473.8830261230469,0.9995345,899.4619750976562,474.1190185546875,0.9995178,895.46435546875,474.4757080078125,0.99950254,924.9880981445312,480.8265075683594,0.9994622,886.7569580078125,481.72393798828125,0.9995159,917.4563598632812,494.37506103515625,0.99973875,901.9722290039062,495.4567565917969,0.99974686,955.6568603515625,546.2783203125,0.9996288,857.812744140625,552.5860595703125,0.9996302,973.422119140625,624.5610961914062,0.99954,846.0123291015625,634.4224853515625,0.9994766,981.7218017578125,698.0458984375,0.99955577,837.42236328125,707.4671630859375,0.99884856,986.0985107421875,720.4808959960938,0.998884,833.869873046875,729.6539916992188,0.997783,977.11279296875,719.1807861328125,0.99903405,839.5728149414062,729.2988891601562,0.997851,972.9284057617188,712.7379150390625,0.9993333,843.6546020507812,722.51611328125,0.9984692,943.9300537109375,705.0245361328125,0.9992387,885.70361328125,706.3634643554688,0.99979657,939.529296875,819.9636840820312,0.99694854,893.6967163085938,819.1095581054688,0.9987453,924.0813598632812,890.1459350585938,0.9953181,906.7047119140625,929.4176025390625,0.9959299,916.9802856445312,897.3114624023438,0.9938788,914.7077026367188,945.054931640625,0.99242276,926.1334838867188,935.7221069335938,0.9890976,905.5997924804688,974.94189453125,0.9778412
224,912.4110717773438,480.64154052734375,0.99978846,917.0588989257812,471.48101806640625,0.99948263,919.9791259765625,471.7258605957031,0.99946636,923.9232788085938,472.01568603515625,0.9994622,905.2086181640625,471.2852783203125,0.99950635,900.3414916992188,471.5235595703125,0.99949265,896.2132568359375,471.857421875,0.9994684,925.8485107421875,477.78338623046875,0.9994622,887.5665283203125,479.0747985839844,0.9994642,918.16748046875,491.65423583984375,0.9997508,902.861083984375,492.8132629394531,0.99974483,956.7830810546875,544.131103515625,0.99966335,858.4359130859375,549.1287231445312,0.9995987,972.89794921875,623.732666015625,0.9995609,846.34716796875,630.1228637695312,0.99933076,983.6583862304688,697.3919677734375,0.9995363,836.7843017578125,702.6441040039062,0.99863833,988.8257446289062,719.9937133789062,0.9988213,832.7247314453125,726.119140625,0.99743915,979.97314453125,718.7349243164062,0.9989718,838.8016967773438,725.3380737304688,0.99750805,975.1948852539062,712.0668334960938,0.9992848,842.8975830078125,717.65966796875,0.99816847,943.3259887695312,701.6707763671875,0.9992446,883.8619384765625,703.7718505859375,0.9996699,944.9807739257812,815.1088256835938,0.9981828,894.013427734375,819.597900390625,0.9987257,928.0250854492188,896.6392211914062,0.9960238,906.5337524414062,927.7022705078125,0.9960238,920.6776733398438,904.6859130859375,0.9942697,912.2984008789062,940.7842407226562,0.992597,931.3458251953125,943.1414794921875,0.9872773,908.22509765625,972.9248657226562,0.9769787
226,913.2449951171875,478.6170654296875,0.999892,918.4580688476562,469.3210144042969,0.9997131,921.5263671875,469.5590515136719,0.9997017,925.4924926757812,469.9076843261719,0.9996898,906.4005126953125,469.03082275390625,0.99971753,901.4713745117188,469.18865966796875,0.9997086,897.42138671875,469.4643859863281,0.9996898,927.9461059570312,476.1232604980469,0.99967754,888.7957763671875,476.22003173828125,0.99967504,919.4389038085938,489.9756774902344,0.9998568,903.6890869140625,490.577392578125,0.9998511,957.5791015625,543.0510864257812,0.9997998,858.9679565429688,544.6241455078125,0.99971086,973.6091918945312,625.13037109375,0.99974483,842.992431640625,626.3274536132812,0.99956435,985.0220336914062,699.5465087890625,0.9997428,835.0233764648438,698.7579956054688,0.9993228,990.3618774414062,722.4805908203125,0.9993068,830.0361328125,722.1112670898438,0.99862766,985.0133666992188,720.6431884765625,0.9994093,835.7973022460938,721.5631713867188,0.9987257,979.95068359375,713.167724609375,0.9995956,840.3436889648438,714.1050415039062,0.99907815,943.4288940429688,698.6357421875,0.99941385,883.6702270507812,700.7303466796875,0.9996049,943.3775024414062,815.6383056640625,0.9993148,893.3108520507812,817.9979858398438,0.9993175,937.971435546875,915.6962280273438,0.9976859,908.8375244140625,933.2435913085938,0.9981104,932.35986328125,927.7953491210938,0.99586606,914.1038818359375,949.688232421875,0.9961903,946.6676635742188,959.3587646484375,0.9888849,909.957275390625,974.2060546875,0.9868787
228,914.6242065429688,477.4991149902344,0.9999546,920.1558837890625,468.16253662109375,0.9998822,923.3671264648438,468.4743347167969,0.99988127,927.8726196289062,468.8076171875,0.9998822,908.396728515625,467.709716796875,0.99987173,903.7133178710938,467.67120361328125,0.9998623,899.5503540039062,467.9742431640625,0.9998511,931.2271118164062,475.36138916015625,0.9998832,891.041748046875,474.4946594238281,0.99983656,920.9842529296875,489.4919738769531,0.9999435,905.4880981445312,489.2161560058594,0.9999349,958.6502075195312,541.8410034179688,0.99992037,859.2249145507812,543.41943359375,0.99982053,974.672119140625,624.2825927734375,0.9998634,842.50830078125,623.6232299804688,0.9996288,986.067138671875,697.7611694335938,0.99985456,835.0675659179688,694.7417602539062,0.99948466,992.1204833984375,721.7723388671875,0.99962735,829.760498046875,717.8060913085938,0.9990527,987.169677734375,720.220947265625,0.9996673,835.6205444335938,717.024169921875,0.99907815,981.3836059570312,711.8853149414062,0.9997695,840.1298217773438,709.2024536132812,0.9993228,942.8824462890625,697.721435546875,0.9997508,883.8458251953125,700.2723999023438,0.9997086,944.6074829101562,819.8524780273438,0.9998795,896.1826171875,822.2252197265625,0.9997086,946.6021118164062,926.2471313476562,0.9992387,908.4708862304688,934.4556274414062,0.99918324,941.0526123046875,938.803955078125,0.9983516,914.0712280273438,949.185302734375,0.9983516,951.0413208007812,970.3693237304688,0.9941801,911.4337158203125,974.6727294921875,0.994292
229,914.963623046875,477.4524230957031,0.99996674,921.1710815429688,468.2327880859375,0.99991584,924.1725463867188,468.4983215332031,0.9999138,928.567626953125,468.6494140625,0.9999125,908.7267456054688,467.7413330078125,0.99990976,903.8037109375,467.8093566894531,0.9999031,899.83642578125,468.17657470703125,0.99989367,932.3260498046875,474.49285888671875,0.9999118,892.0189208984375,474.238037109375,0.9998822,921.8424072265625,489.8882751464844,0.9999502,905.8307495117188,489.2804260253906,0.9999417,959.1151123046875,542.1777954101562,0.99991846,860.2525024414062,541.87255859375,0.9998118,975.3570556640625,624.1913452148438,0.99986756,841.8297119140625,623.2666625976562,0.999617,987.8587036132812,699.5394287109375,0.99984884,834.1517944335938,695.1220703125,0.9994766,993.0277709960938,723.1597900390625,0.99961996,828.9627075195312,718.4116821289062,0.9990264,988.7041015625,721.973876953125,0.99966466,835.1304931640625,717.59130859375,0.9990746,982.9546508789062,713.7366333007812,0.9997658,839.845947265625,710.3218383789062,0.9993148,942.445556640625,698.2540893554688,0.99978346,884.1358642578125,700.3038940429688,0.9997241,944.6853637695312,821.8164672851562,0.99991775,895.3054809570312,823.6592407226562,0.99980587,946.79833984375,934.1883544921875,0.99948466,908.9415283203125,936.21142578125,0.9995178,941.1410522460938,948.322998046875,0.9988213,915.5413818359375,951.305908203125,0.99900347,953.6248779296875,979.94775390625,0.99518895,907.2909545898438,977.8980712890625,0.9962782
231,919.361083984375,476.2780456542969,0.99995387,924.4542236328125,467.8133850097656,0.99988675,928.2825927734375,468.2290344238281,0.99989104,933.0701904296875,468.4982604980469,0.99988675,912.76123046875,467.0384216308594,0.99987566,908.1653442382812,466.9815979003906,0.9998666,903.3494262695312,467.25128173828125,0.9998499,936.4760131835938,475.0528259277344,0.99988675,895.9986572265625,473.3592834472656,0.99983907,924.992919921875,489.3987731933594,0.9999274,909.9055786132812,488.3011169433594,0.99991906,960.3508911132812,543.16455078125,0.9999145,861.7201538085938,540.8502197265625,0.9997603,975.4888916015625,625.7271728515625,0.9998623,842.6005859375,622.30908203125,0.999529,987.5236206054688,703.0787353515625,0.9998287,834.8018798828125,693.9663696289062,0.99949265,993.1848754882812,726.8738403320312,0.99957937,829.4966430664062,717.7671508789062,0.99910307,987.0818481445312,726.0574340820312,0.99961853,836.2534790039062,717.0004272460938,0.9991374,981.28955078125,717.5709228515625,0.9997305,840.3687133789062,709.299560546875,0.9993563,942.4277954101562,699.8984375,0.99986017,883.8554077148438,701.5371704101562,0.99973875,943.9336547851562,823.2672119140625,0.99994934,896.0353393554688,824.3222045898438,0.99980897,951.5762329101562,947.2528686523438,0.9994887,907.5895385742188,934.4683227539062,0.99961996,946.4573364257812,962.5036010742188,0.9987356,914.8890991210938,948.259765625,0.9992679,951.5900268554688,987.2263793945312,0.9951514,904.2074584960938,975.7520141601562,0.9976586
232,919.2868041992188,475.5804138183594,0.9999635,925.6536865234375,466.899169921875,0.9999083,928.9907836914062,467.3389892578125,0.9999083,933.96240234375,467.694091796875,0.99990535,913.6934814453125,466.1933898925781,0.9998977,908.809814453125,466.14312744140625,0.9998902,904.399169921875,466.3738708496094,0.99987364,937.8049926757812,474.5929260253906,0.9999069,896.929931640625,472.5521545410156,0.99986863,925.7893676757812,488.87249755859375,0.9999448,910.1160278320312,487.7576904296875,0.99993443,961.7147827148438,544.3787841796875,0.9999286,862.7235717773438,541.4034423828125,0.9997981,977.4474487304688,628.5274047851562,0.9998535,843.3722534179688,623.9194946289062,0.9995956,989.7066650390625,705.6324462890625,0.9998148,835.7991943359375,695.6829223632812,0.999529,994.7230834960938,729.5940551757812,0.9995327,831.3785400390625,719.1641845703125,0.99911004,987.1807250976562,728.638916015625,0.9995859,837.9403686523438,717.88134765625,0.99916387,982.0193481445312,720.334716796875,0.9997131,841.8802490234375,710.6790771484375,0.9993905,944.1611328125,701.4271240234375,0.99979335,884.7959594726562,703.1287841796875,0.9996049,947.2059326171875,827.5444946289062,0.99992454,896.8197631835938,825.5105590820312,0.9997527,953.3240966796875,952.6163330078125,0.99910307,908.5745239257812,939.0247192382812,0.99938095,949.464599609375,970.9991455078125,0.997783,916.3235473632812,953.876708984375,0.99876,954.71533203125,991.8355712890625,0.9923638,902.4201049804688,976.7733764648438,0.99637836
234,924.858154296875,476.7438659667969,0.99996734,929.980224609375,467.68157958984375,0.99991906,934.9762573242188,467.891845703125,0.9999151,939.4320068359375,468.12255859375,0.99991107,917.8221435546875,467.0984191894531,0.9999118,913.5059204101562,467.0466613769531,0.99990237,908.1480712890625,467.1087951660156,0.99989104,942.8634033203125,474.8848876953125,0.9999076,900.918212890625,472.78082275390625,0.99988043,930.09228515625,490.08331298828125,0.99993396,914.8641967773438,488.8116149902344,0.99992394,966.559326171875,545.6533813476562,0.99990904,866.2653198242188,542.0289306640625,0.9997367,980.6585083007812,629.5272827148438,0.99984026,844.9700927734375,624.5213012695312,0.99959236,990.342041015625,705.5927124023438,0.99980444,837.384033203125,696.6567993164062,0.99954176,994.9370727539062,730.1995849609375,0.9995435,832.2816772460938,720.8104248046875,0.9991704,987.6243286132812,728.875,0.9995987,838.5692138671875,719.7674560546875,0.99921453,982.6203002929688,720.2098388671875,0.99971753,842.7904052734375,712.0858764648438,0.99941623,945.5858764648438,703.5908203125,0.999826,886.0313110351562,704.4817504882812,0.99969935,947.34130859375,827.6441040039062,0.99994695,898.496337890625,827.1907958984375,0.99980444,952.4265747070312,960.2139892578125,0.9995435,909.6998291015625,936.3037109375,0.99969935,948.8502197265625,979.0341796875,0.9988752,918.2113037109375,951.7092895507812,0.999423,953.0537719726562,995.659912109375,0.9957353,898.243896484375,976.5472412109375,0.9984145
235,925.8211669921875,475.9690246582031,0.99996734,932.1498413085938,467.5352478027344,0.99992037,935.5045166015625,468.0663757324219,0.99991775,940.5122680664062,468.4668273925781,0.99991655,920.1398315429688,466.6882019042969,0.99990976,915.2275390625,466.61236572265625,0.99990237,910.6635131835938,466.680908203125,0.9998894,943.7470703125,475.057373046875,0.9999145,903.0777587890625,472.44482421875,0.9998795,931.9973754882812,489.2320861816406,0.999943,916.3248901367188,487.9645080566406,0.99993134,967.7542724609375,546.57177734375,0.9999335,866.8685913085938,541.8803100585938,0.99976224,982.8150634765625,631.0580444335938,0.9998894,846.5795288085938,625.9150390625,0.99965537,991.6912231445312,707.6221313476562,0.9998535,838.4570922851562,698.0449829101562,0.999608,996.2294921875,732.7462158203125,0.99963164,832.92529296875,722.0473022460938,0.9992848,988.1715698242188,730.8937377929688,0.99967504,839.1426391601562,721.0718383789062,0.99931216,983.0531005859375,722.266357421875,0.9997731,843.4030151367188,713.7637329101562,0.9994967,946.703857421875,705.2282104492188,0.99983394,886.3274536132812,705.191650390625,0.9996898,947.78662109375,830.9154663085938,0.9999461,898.6832885742188,828.9896240234375,0.9998118,952.78076171875,961.7078247070312,0.99943846,908.837158203125,941.0582885742188,0.99961406,948.6253662109375,981.43505859375,0.99862766,916.468994140625,956.9868774414062,0.9992446,958.4824829101562,999.2448120117188,0.99490017,900.4170532226562,979.480224609375,0.99783427
237,931.8298950195312,474.996337890625,0.99995565,936.5982666015625,465.9223937988281,0.9998977,941.4760131835938,466.3773193359375,0.99989283,945.7850341796875,466.8659362792969,0.99989283,924.732177734375,464.6332702636719,0.999884,920.5572509765625,464.4392395019531,0.99987066,915.1905517578125,464.3744812011719,0.9998579,949.1210327148438,473.9258728027344,0.99989605,906.9917602539062,470.8497619628906,0.99983776,936.945068359375,488.50518798828125,0.99992454,921.4682006835938,486.8330078125,0.99990463,973.816650390625,544.7758178710938,0.99992514,871.1948852539062,542.619384765625,0.99968255,986.832275390625,629.613525390625,0.99986124,852.7542724609375,627.9771728515625,0.99948066,995.0950317382812,706.2769775390625,0.99979657,841.5843505859375,701.7456665039062,0.99941385,1000.1746826171875,731.15576171875,0.99950445,835.203857421875,726.2975463867188,0.99899167,993.7305297851562,730.3524780273438,0.999554,840.5050659179688,725.5193481445312,0.99901116,987.6378173828125,721.7506103515625,0.9996898,845.14892578125,718.2916259765625,0.99926203,951.4905395507812,704.541748046875,0.99985576,889.850830078125,704.8350219726562,0.99968004,950.050537109375,828.7184448242188,0.9999652,899.035888671875,826.4194946289062,0.99979013,952.3339233398438,964.037841796875,0.99953806,907.1895141601562,934.5243530273438,0.99968004,948.1779174804688,984.9332275390625,0.99877924,914.1498413085938,949.0667724609375,0.99939764,952.5853881835938,1002.095458984375,0.9948803,894.7469482421875,976.464599609375,0.9982248
239,935.1751708984375,470.9986877441406,0.99996054,940.99853515625,461.1761474609375,0.9999008,945.6253051757812,461.453125,0.99989605,950.7266845703125,462.0547790527344,0.9998969,928.7980346679688,460.3799743652344,0.9998902,924.1024780273438,460.1112365722656,0.9998822,919.1546020507812,460.2735900878906,0.9998727,955.0629272460938,469.5857849121094,0.99989605,911.5479736328125,466.8158264160156,0.9998591,941.0096435546875,484.8424072265625,0.99994266,924.922607421875,483.2611083984375,0.9999329,979.9329833984375,541.9232177734375,0.9999329,875.1909790039062,540.04296875,0.9997695,993.5341796875,626.9649658203125,0.99987066,857.3450317382812,627.3952026367188,0.99949265,1001.1665649414062,704.8442993164062,0.99979335,843.4290771484375,703.2418212890625,0.9995122,1006.6571044921875,729.7224731445312,0.99950445,837.0892333984375,728.8331909179688,0.99918324,999.924072265625,728.8673095703125,0.9995505,842.4501342773438,728.120361328125,0.9991768,993.5765380859375,720.2806396484375,0.99968004,846.704833984375,720.139892578125,0.9993857,956.9490966796875,705.4072875976562,0.9999379,894.4075927734375,704.6583862304688,0.9998511,952.9462890625,833.6721801757812,0.9999815,899.0101318359375,829.0009155273438,0.99987066,953.6294555664062,961.7611694335938,0.99972624,906.0950927734375,928.270751953125,0.9998029,947.4484252929688,978.7326049804688,0.99924755,912.6181640625,939.7854614257812,0.9996388,955.3714599609375,1003.4227905273438,0.9964619,903.4431762695312,975.6304931640625,0.9987888
240,935.94775390625,468.3438720703125,0.999959,942.9786376953125,458.8600769042969,0.99989605,946.39404296875,459.551025390625,0.99989605,951.2132568359375,460.2475280761719,0.99989927,930.49951171875,457.8434143066406,0.9998832,925.501220703125,457.73175048828125,0.99987566,921.3795166015625,457.96875,0.99986446,955.466796875,468.32489013671875,0.99990237,913.2976684570312,464.7245178222656,0.99984884,942.8057250976562,482.19659423828125,0.99994564,925.6091918945312,480.6842041015625,0.9999318,982.1082763671875,540.2052001953125,0.9999422,877.4778442382812,537.6873779296875,0.9997677,995.5330810546875,625.7008056640625,0.9998785,860.12548828125,625.1207885742188,0.9994967,1001.8862915039062,703.7864379882812,0.9998233,847.6674194335938,704.1538696289062,0.99954695,1007.5025634765625,728.9594116210938,0.9995939,840.3628540039062,728.9701538085938,0.99928194,1000.4300537109375,727.78125,0.999617,845.5160522460938,729.3001098632812,0.99925333,993.6762084960938,719.4815673828125,0.9997305,850.4837036132812,721.3552856445312,0.9994429,958.4044799804688,704.7791137695312,0.9999652,896.7854614257812,704.13134765625,0.9999069,955.669189453125,835.565185546875,0.9999831,899.6257934570312,828.8182983398438,0.99984884,953.9217529296875,964.3126831054688,0.9997086,903.8827514648438,924.2090454101562,0.9997527,947.4632568359375,981.7461547851562,0.99922967,909.3021850585938,931.9530639648438,0.9995987,953.7903442382812,1007.8624877929688,0.9964064,902.790771484375,971.2799072265625,0.9988213
241,938.071044921875,466.5650634765625,0.9999678,945.4981079101562,457.37542724609375,0.9999151,948.8031005859375,458.0038757324219,0.99991584,953.522705078125,458.6795959472656,0.99991655,932.6195068359375,455.8782958984375,0.9999039,927.277587890625,455.64910888671875,0.99989927,923.1578369140625,455.749755859375,0.9998902,957.8204345703125,465.9955749511719,0.99991965,914.6460571289062,462.04852294921875,0.9998776,944.9349975585938,480.94439697265625,0.99996054,927.464599609375,478.8416442871094,0.9999542,983.8829956054688,537.0986938476562,0.9999502,878.6229248046875,536.4757080078125,0.99983,999.09130859375,623.10009765625,0.99989104,861.60693359375,625.18359375,0.99950445,1006.3236083984375,704.955322265625,0.99982053,848.9072875976562,703.4155883789062,0.9995592,1011.809326171875,729.9325561523438,0.99957615,842.100341796875,729.3438720703125,0.99929035,1004.0612182617188,729.3267822265625,0.9996111,847.7947387695312,728.9735717773438,0.9992706,997.2924194335938,720.7786865234375,0.99971753,852.5298461914062,721.0527954101562,0.99944717,960.18994140625,703.6784057617188,0.9999671,899.0789184570312,703.1898193359375,0.99991035,956.159912109375,835.5799560546875,0.99998415,899.4775390625,829.7859497070312,0.9998623,952.98046875,960.745361328125,0.9997017,902.435302734375,921.9127197265625,0.9997017,947.548095703125,975.802734375,0.99922967,906.7543334960938,928.9700927734375,0.9995272,949.9291381835938,1006.8802490234375,0.996597,904.349609375,973.6082153320312,0.99858415
243,940.3807373046875,463.0041198730469,0.99997604,947.40771484375,453.45819091796875,0.9999417,950.7054443359375,454.0017395019531,0.9999398,955.630859375,454.47589111328125,0.99994266,934.8839111328125,452.3614196777344,0.99993074,929.6903686523438,452.0864562988281,0.99992394,925.4955444335938,452.2464904785156,0.99991584,960.03515625,461.8250732421875,0.9999417,917.5189208984375,458.6874084472656,0.99990463,947.4320678710938,476.55810546875,0.9999654,930.30908203125,475.0437927246094,0.9999542,988.4642333984375,534.8741455078125,0.99996114,881.5680541992188,533.1136474609375,0.9998148,1002.9781494140625,623.0279541015625,0.9998977,864.93408203125,621.036376953125,0.99955577,1011.9020385742188,705.5675659179688,0.99986017,852.820556640625,702.734375,0.99963164,1015.960205078125,731.2037353515625,0.9996594,845.4526977539062,728.3070068359375,0.99939764,1008.0017700195312,729.1864624023438,0.99969935,850.857666015625,727.9845581054688,0.99938333,1002.350341796875,720.841796875,0.9997918,855.8079833984375,720.5198974609375,0.99954176,959.3716430664062,704.371337890625,0.9999738,898.1185302734375,702.843994140625,0.9999274,957.1624755859375,833.8959350585938,0.9999882,898.3933715820312,830.3565673828125,0.99989927,954.1992797851562,962.9573974609375,0.9997981,903.8609619140625,922.0902709960938,0.99984765,949.533447265625,979.4540405273438,0.9994407,910.3362426757812,930.9144287109375,0.9997305,950.455322265625,1006.5868530273438,0.9971551,898.0289306640625,973.4905395507812,0.99909604
244,940.924560546875,460.20355224609375,0.99996877,948.0565185546875,450.4232177734375,0.99992454,952.8673706054688,450.8993225097656,0.99992514,956.5144653320312,451.5352478027344,0.9999274,934.2078857421875,449.33489990234375,0.99990606,929.8356323242188,449.2384338378906,0.9998969,924.9329833984375,449.3724365234375,0.999884,961.1497802734375,458.68597412109375,0.99992967,917.6435546875,455.8169250488281,0.99986017,948.09375,473.9568176269531,0.99995995,930.5426025390625,473.21160888671875,0.9999398,990.1195068359375,531.7994995117188,0.99996674,882.0406494140625,531.1986083984375,0.99977654,1005.7975463867188,621.1909790039062,0.9999379,866.7255859375,619.3890991210938,0.9996259,1016.202392578125,704.95361328125,0.9999031,855.0122680664062,700.448486328125,0.99965405,1020.3435668945312,730.2622680664062,0.9997408,847.7081298828125,725.8053588867188,0.99942076,1012.7275390625,728.8284301757812,0.99976224,852.7517700195312,725.4819946289062,0.9994023,1006.6190185546875,720.9364013671875,0.99984276,858.3179931640625,718.0687866210938,0.99955577,963.6719360351562,705.4769287109375,0.99997246,899.8667602539062,703.0994873046875,0.99991906,957.9705810546875,837.3804321289062,0.9999894,901.5380859375,829.254150390625,0.99991655,952.0392456054688,960.2223510742188,0.99984276,903.2238159179688,926.5139770507812,0.9998623,945.5586547851562,975.0082397460938,0.99957615,909.197998046875,938.5535888671875,0.9997603,952.4810180664062,1006.8456420898438,0.99773055,894.7620239257812,977.8934936523438,0.9991204
245,941.1578369140625,459.0069580078125,0.9999465,948.4144897460938,449.32916259765625,0.99987364,953.4716796875,450.1365966796875,0.99987066,957.1820678710938,451.0076599121094,0.9998727,935.0881958007812,448.3283996582031,0.9998511,930.8740844726562,448.33892822265625,0.99984026,926.2086181640625,448.3665466308594,0.9998273,962.6445922851562,458.3644104003906,0.99987066,919.2268676757812,454.6083679199219,0.9998029,948.3934326171875,472.98553466796875,0.9999286,931.3762817382812,471.6817626953125,0.9999039,991.8475341796875,530.0989379882812,0.99993646,882.76806640625,530.0990600585938,0.9997428,1007.4005126953125,618.7461547851562,0.99989283,868.8007202148438,619.0098266601562,0.9995827,1019.0321655273438,701.8510131835938,0.99983776,856.8433837890625,700.0620727539062,0.99948466,1023.9268188476562,727.4221801757812,0.9995728,850.5361938476562,725.5394897460938,0.99908185,1015.577880859375,725.8594970703125,0.9996259,855.06103515625,725.2457275390625,0.999071,1009.4666137695312,718.0728149414062,0.9997428,860.3523559570312,717.9149780273438,0.9993228,962.8572387695312,704.7518310546875,0.9999274,899.5896606445312,702.9492797851562,0.9998579,959.880126953125,835.1884765625,0.99997723,900.70263671875,827.8614501953125,0.99989605,952.3551635742188,959.5068359375,0.9997086,906.1298828125,933.2064208984375,0.9997546,944.97119140625,972.4546508789062,0.9992206,912.9239501953125,946.7071533203125,0.9995216,953.0836181640625,1006.0208740234375,0.9956346,896.1178588867188,983.595458984375,0.99793327
247,944.5296020507812,456.1662902832031,0.99993694,951.1957397460938,446.1504211425781,0.9998511,956.0693969726562,446.7640686035156,0.99984765,959.7723999023438,447.34014892578125,0.99984646,937.2203369140625,445.3083801269531,0.99983263,932.7392578125,445.3369140625,0.9998148,927.8033447265625,445.3896179199219,0.99979657,964.4188232421875,454.4381408691406,0.99984884,919.7586669921875,451.9269104003906,0.99977654,952.0846557617188,470.0994567871094,0.99991655,934.0040893554688,469.4482116699219,0.9998894,993.5527954101562,527.7445068359375,0.9999118,883.6028442382812,528.4225463867188,0.99968004,1010.12158203125,615.4182739257812,0.9998623,868.7896118164062,618.658203125,0.9994429,1022.9961547851562,696.3850708007812,0.9997546,856.9327392578125,702.487060546875,0.9992387,1027.99169921875,721.680419921875,0.99932814,851.092041015625,727.7377319335938,0.9985952,1019.0778198242188,719.9786987304688,0.9994363,857.1324462890625,727.501953125,0.9986541,1012.59375,711.8638305664062,0.99961406,861.7053833007812,719.7046508789062,0.99899954,965.2416381835938,704.2565307617188,0.99983907,900.9133911132812,703.1771240234375,0.9996898,960.4412841796875,836.3838500976562,0.99994266,904.7827758789062,833.4027099609375,0.99980897,949.9844360351562,962.6134033203125,0.99939287,906.623046875,950.6710205078125,0.99950445,943.3260498046875,976.3839721679688,0.998487,913.78955078125,965.6221923828125,0.99895966,951.1677856445312,1006.5294189453125,0.9933589,896.011474609375,997.49853515625,0.9960083
249,946.948974609375,452.90924072265625,0.99992275,953.2481689453125,443.39892578125,0.9998148,957.9951171875,443.9111328125,0.9998148,961.5735473632812,444.54962158203125,0.99980897,939.3755493164062,442.4947204589844,0.9997998,934.846435546875,442.50823974609375,0.99978346,930.1035766601562,442.71331787109375,0.99976224,964.9649047851562,452.318359375,0.99981624,921.6569213867188,449.9539489746094,0.9997508,953.9730834960938,467.26483154296875,0.99991715,936.2095947265625,466.48602294921875,0.9998952,994.3462524414062,525.09765625,0.99992967,884.0390014648438,527.0045166015625,0.99978,1011.941650390625,611.7335205078125,0.99989104,869.17431640625,618.030029296875,0.99959713,1026.24853515625,692.4137573242188,0.9998104,857.2069091796875,700.0050048828125,0.9994684,1030.1705322265625,716.4578247070312,0.99950254,851.6727294921875,725.8439331054688,0.9990073,1022.0321044921875,713.9398193359375,0.9995728,856.87060546875,725.39892578125,0.9990415,1016.2789306640625,706.1259155273438,0.99971086,862.1019287109375,717.8013305664062,0.99931216,966.7420654296875,701.6146850585938,0.9997658,902.36181640625,701.1945190429688,0.9995827,959.3280639648438,838.6390380859375,0.9999263,905.897216796875,835.023681640625,0.9997695,951.2288208007812,968.9535522460938,0.9991768,907.491455078125,960.93310546875,0.9993094,946.8502807617188,984.313720703125,0.9979966,915.306396484375,975.9857177734375,0.9985562,949.0667724609375,1007.5699462890625,0.99271095,894.8057250976562,1002.9132080078125,0.9953181
250,946.3478393554688,452.5317077636719,0.99992037,952.5177001953125,442.5808410644531,0.99982184,957.6394653320312,443.1593933105469,0.99982053,961.2938842773438,443.7921142578125,0.99982053,938.7232666015625,442.1766662597656,0.9997998,934.503173828125,442.42535400390625,0.99978,929.5750732421875,442.7588195800781,0.9997584,965.7411499023438,451.47625732421875,0.9998273,921.5198364257812,449.9847717285156,0.9997367,954.2872314453125,466.70037841796875,0.99990606,936.3538208007812,466.2588195800781,0.9998746,995.095458984375,525.2867431640625,0.99992514,884.4656372070312,525.4135131835938,0.9997284,1012.810791015625,612.51904296875,0.99986863,867.7261352539062,615.3447875976562,0.9994967,1025.627685546875,691.9827270507812,0.99979657,858.5801391601562,696.8383178710938,0.99929035,1029.6861572265625,716.958740234375,0.99947864,853.1243286132812,723.3826904296875,0.9987306,1021.3367919921875,714.27880859375,0.9995627,858.0750732421875,722.8502807617188,0.99877924,1015.2764282226562,706.031005859375,0.99969935,863.277587890625,715.2910766601562,0.99911004,964.44775390625,700.2652587890625,0.9997131,900.6276245117188,699.6124877929688,0.9995234,959.8959350585938,838.564453125,0.9999069,906.6748046875,833.8565673828125,0.99974686,952.1213989257812,966.3307495117188,0.9991928,910.6402587890625,961.973876953125,0.9993255,946.3179321289062,981.3380737304688,0.99812514,918.078369140625,978.125,0.99858415,952.9449462890625,1005.9819946289062,0.9930962,896.0077514648438,1004.6519775390625,0.99540824
252,947.0033569335938,451.2366943359375,0.99993074,952.9453125,440.83258056640625,0.99983656,957.9865112304688,441.34454345703125,0.99983263,961.7678833007812,442.02899169921875,0.9998273,939.297119140625,440.33868408203125,0.999826,934.9130859375,440.4443359375,0.9998134,929.65625,440.706298828125,0.9997998,965.3368530273438,449.5013732910156,0.9998313,921.7634887695312,447.65234375,0.99978846,954.26611328125,465.55145263671875,0.99991775,936.7246704101562,464.9046325683594,0.9999008,994.4833374023438,524.446044921875,0.99992037,883.5657348632812,524.8726196289062,0.9997731,1011.773193359375,610.3085327148438,0.99988127,866.1152954101562,617.4497680664062,0.99961406,1025.6417236328125,688.917724609375,0.9998118,856.9898681640625,700.3580932617188,0.9994887,1029.261474609375,713.005126953125,0.9995197,851.5621948242188,726.1517333984375,0.9990527,1021.3359985351562,710.24609375,0.99959236,859.46728515625,726.061767578125,0.99909604,1015.8211669921875,702.3158569335938,0.99972194,864.10498046875,717.3115844726562,0.9993436,967.9934692382812,700.140380859375,0.9997131,903.5745849609375,700.5167236328125,0.99957114,960.1038208007812,836.6705322265625,0.9999151,906.6932983398438,834.5239868164062,0.99977833,950.8124389648438,964.7612915039062,0.9993094,911.7591552734375,962.6229858398438,0.99945146,945.5043334960938,980.539306640625,0.9984084,918.85791015625,980.2882690429688,0.9988531,953.666259765625,1006.1334228515625,0.9943141,895.8761596679688,1006.2921142578125,0.9961306
253,947.3035278320312,451.8660888671875,0.99990463,953.1771850585938,441.9635925292969,0.99978,958.0814208984375,442.6155700683594,0.9997731,961.3753662109375,443.164306640625,0.9997731,939.7595825195312,440.9454650878906,0.9997695,935.3767700195312,440.991455078125,0.9997565,930.6304931640625,441.0596923828125,0.9997508,965.0589599609375,450.0826110839844,0.9997749,921.5155639648438,447.6960754394531,0.9997305,954.3046875,465.79779052734375,0.99988854,936.8544921875,464.7108154296875,0.99987173,994.0271606445312,524.0022583007812,0.9998945,882.2689819335938,525.1533203125,0.99976224,1011.3585815429688,610.579345703125,0.99984884,866.5534057617188,618.0838623046875,0.99955577,1025.234619140625,690.38330078125,0.9997731,856.5770263671875,700.1178588867188,0.99945575,1028.3521728515625,716.0532836914062,0.99946004,851.42431640625,725.2159423828125,0.999049,1021.4132080078125,713.4380493164062,0.999529,857.2627563476562,724.1551513671875,0.999071,1016.0999755859375,704.8681640625,0.99967504,862.0338745117188,716.300048828125,0.9993228,966.3883056640625,701.450927734375,0.9996699,902.8609619140625,701.3565673828125,0.9995827,961.3974609375,838.9681396484375,0.99990535,906.9044189453125,836.2879638671875,0.99978346,951.4293212890625,963.1282348632812,0.99938095,911.8037109375,963.7728881835938,0.99946636,946.8562622070312,977.9848022460938,0.99861145,920.0322875976562,980.4398193359375,0.99890554,952.594482421875,1005.0738525390625,0.99477994,898.4313354492188,1007.5400390625,0.99611557
254,947.2633666992188,451.7344970703125,0.9998945,953.4960327148438,441.95281982421875,0.99976224,958.140625,442.72796630859375,0.9997584,961.4520263671875,443.3591613769531,0.9997565,939.9742431640625,440.7550354003906,0.99974877,935.3380126953125,440.7841491699219,0.99973255,930.8993530273438,440.79681396484375,0.99972194,964.8350219726562,450.69732666015625,0.9997731,921.366455078125,447.6485900878906,0.9997154,954.26025390625,465.9178466796875,0.999892,936.625732421875,464.6900939941406,0.9998785,992.9093017578125,524.7350463867188,0.99990606,881.0264892578125,526.058837890625,0.99978346,1009.593994140625,611.75927734375,0.9998579,865.4656372070312,619.32470703125,0.9995728,1023.2357177734375,691.8905639648438,0.99978,856.0098266601562,700.1832885742188,0.99946004,1026.8621826171875,717.362060546875,0.99946636,851.49951171875,725.4229736328125,0.99903405,1019.560302734375,714.620361328125,0.99954176,857.3873291015625,724.7794189453125,0.999071,1014.045166015625,705.9730224609375,0.99968004,862.1830444335938,716.8785400390625,0.9993255,966.8419799804688,702.1573486328125,0.9997086,903.3787841796875,702.4771728515625,0.99958104,960.82080078125,840.0676879882812,0.99990463,906.994384765625,837.9324951171875,0.99976224,952.8618774414062,967.6466064453125,0.99913067,911.8886108398438,966.5091552734375,0.9993462,949.0357055664062,982.8680419921875,0.9980122,920.1095581054688,983.0942993164062,0.9986223,951.2352294921875,1006.09521484375,0.9932025,897.9269409179688,1008.8924560546875,0.99553156
255,945.9718017578125,449.8482971191406,0.9999335,952.320068359375,439.9094543457031,0.99984527,956.8121337890625,440.6584777832031,0.99983525,960.30029296875,441.3955993652344,0.99983394,938.5909423828125,438.9550476074219,0.99983656,933.8536376953125,439.00201416015625,0.99982184,929.322265625,439.1028137207031,0.9998148,963.7359008789062,449.46295166015625,0.99983394,919.5303344726562,446.62261962890625,0.9998104,953.0903930664062,464.3964538574219,0.99991715,935.08203125,463.4512023925781,0.9999083,991.9295654296875,525.0075073242188,0.9998969,879.604248046875,524.8818969726562,0.9997868,1008.2512817382812,613.3345947265625,0.9998273,863.8871459960938,618.215087890625,0.9995435,1021.5367431640625,694.1087646484375,0.9997428,854.7240600585938,699.9584350585938,0.99942964,1024.930419921875,719.8869018554688,0.99937373,850.436767578125,725.0938720703125,0.99895966,1017.3118896484375,716.8764038085938,0.99947256,856.6470947265625,724.25927734375,0.99903023,1011.9072875976562,708.1038818359375,0.99963593,861.3380737304688,716.4763793945312,0.99928755,964.8656005859375,701.2132568359375,0.9996947,901.315185546875,701.7030639648438,0.9995859,960.5944213867188,838.142822265625,0.9999069,907.1716918945312,835.7664794921875,0.99980134,952.6646728515625,964.8518676757812,0.99935883,911.47314453125,963.813232421875,0.99950826,949.0559692382812,980.1688842773438,0.9985221,920.6141357421875,980.5542602539062,0.99895155,951.6372680664062,1005.7026977539062,0.99440175,896.9932861328125,1008.8092041015625,0.9961306
256,946.7520141601562,448.3302917480469,0.99992275,953.0923461914062,438.7152099609375,0.99981767,956.8882446289062,439.30780029296875,0.9998104,960.6066284179688,439.9975891113281,0.9998074,939.519287109375,437.666259765625,0.9998074,934.3737182617188,437.56768798828125,0.9997981,930.0636596679688,437.6317443847656,0.99978846,962.7361450195312,448.3468017578125,0.9998134,919.5311279296875,445.24749755859375,0.99979013,953.5751342773438,462.88079833984375,0.9999145,935.53662109375,461.91534423828125,0.99990535,991.3650512695312,525.0670166015625,0.99990606,878.6959838867188,524.5758666992188,0.99982053,1006.111328125,614.1937866210938,0.99983776,863.1048583984375,618.205322265625,0.99957937,1019.1719970703125,696.186767578125,0.9997546,855.478515625,699.492431640625,0.99949265,1023.0228271484375,722.0476684570312,0.99942964,851.6194458007812,725.14208984375,0.99911696,1015.5986938476562,719.3856811523438,0.9994986,858.6759643554688,724.2073974609375,0.9991474,1010.2579956054688,710.94580078125,0.9996499,863.0208740234375,715.8356323242188,0.99937373,964.1763916015625,701.3096923828125,0.9997367,900.3633422851562,701.6119995117188,0.9996302,959.4058837890625,839.6858520507812,0.99992573,906.2606811523438,838.0132446289062,0.9998148,952.2723388671875,967.1915893554688,0.9993761,911.3319091796875,965.6498413085938,0.9995345,949.149169921875,981.661376953125,0.9985104,920.8098754882812,981.2987670898438,0.9990226,949.7698974609375,1006.9559326171875,0.99455196,897.6552734375,1010.4658203125,0.99657035
257,946.5405883789062,447.6220703125,0.99991107,952.8533935546875,438.19390869140625,0.99979335,956.47705078125,438.8302001953125,0.99978346,960.4826049804688,439.5406799316406,0.99978346,939.3825073242188,436.9847106933594,0.99978346,934.096435546875,436.8478088378906,0.9997695,929.7622680664062,436.8953857421875,0.9997584,962.3834838867188,447.9473571777344,0.9997868,919.1126708984375,444.61871337890625,0.9997546,953.1173095703125,462.2030334472656,0.99989605,935.1224365234375,461.0589294433594,0.9998894,991.4292602539062,525.0562744140625,0.99987364,878.6027221679688,523.3833618164062,0.9997695,1004.2868041992188,615.564697265625,0.999795,862.0552978515625,616.4452514648438,0.99947053,1015.3722534179688,699.0550537109375,0.9996923,855.905029296875,698.85009765625,0.99933845,1019.3643798828125,725.24560546875,0.99927634,851.6795043945312,725.193115234375,0.99884856,1011.814697265625,722.9918823242188,0.99936134,858.8658447265625,724.3187255859375,0.9988796,1006.3521118164062,715.1016235351562,0.9995523,863.3612670898438,715.9881591796875,0.9991704,962.6378784179688,700.3314208984375,0.99972194,898.5256958007812,700.8505859375,0.9995956,958.6573486328125,840.62060546875,0.99990237,905.7921752929688,837.6801147460938,0.9997584,951.9478149414062,967.5390625,0.99910307,910.9203491210938,964.5165405273438,0.99936134,948.481201171875,982.5413818359375,0.9978677,919.3043212890625,979.537841796875,0.99864894,949.9921875,1007.1838989257812,0.9921233,898.0213623046875,1008.568359375,0.99529994
258,943.91357421875,447.33319091796875,0.9999505,950.6829833984375,437.7412414550781,0.9998766,954.8253784179688,438.5177917480469,0.99987066,958.772705078125,439.2880859375,0.99986756,936.7574462890625,436.4688720703125,0.99987173,931.7899169921875,436.4071960449219,0.99986553,927.384521484375,436.5001220703125,0.99985456,962.08544921875,447.7313537597656,0.99987066,917.6298828125,444.1999816894531,0.9998579,951.1654052734375,462.1615295410156,0.99993944,932.70263671875,460.97637939453125,0.999936,990.3018798828125,524.5247802734375,0.9999151,877.3527221679688,522.4037475585938,0.99984646,1002.1498413085938,615.9210815429688,0.99983263,859.0789794921875,615.7308959960938,0.9995987,1012.8655395507812,701.7916870117188,0.9997546,854.4279174804688,699.5260620117188,0.9995345,1016.5363159179688,728.2965698242188,0.9994023,850.947265625,726.7196044921875,0.9991474,1008.087158203125,725.585205078125,0.99948466,858.7664794921875,725.6275024414062,0.9992022,1002.9135131835938,717.8493041992188,0.9996402,862.9556274414062,716.701171875,0.9994116,960.8434448242188,700.051513671875,0.99977654,896.7669067382812,700.5086059570312,0.99966466,955.72314453125,840.9368896484375,0.99991906,904.6524047851562,839.0362548828125,0.9997713,950.8363037109375,968.8713989257812,0.99909604,910.5984497070312,964.9241943359375,0.9993687,948.1090087890625,983.3096923828125,0.99780875,919.2589111328125,979.1383056640625,0.99866986,949.149658203125,1008.8333740234375,0.9922144,896.9470825195312,1010.5805053710938,0.99540824
259,942.343505859375,446.48681640625,0.9999603,949.3534545898438,436.8080749511719,0.9999008,953.6524047851562,437.7084045410156,0.999892,957.4574584960938,438.4721984863281,0.9998894,935.369140625,435.39154052734375,0.99989605,930.40869140625,435.34210205078125,0.9998876,925.9464111328125,435.3197326660156,0.9998785,960.9328002929688,446.9444274902344,0.99988854,916.3011474609375,442.7509460449219,0.9998766,949.5862426757812,461.45843505859375,0.999944,931.133056640625,460.033447265625,0.9999403,987.9133911132812,523.8015747070312,0.9999031,876.3299560546875,522.692138671875,0.99983394,999.35693359375,616.1818237304688,0.99983263,857.5350952148438,617.8588256835938,0.99961555,1010.5912475585938,703.2295532226562,0.99978346,853.6424560546875,703.0198364257812,0.9995627,1014.8150024414062,730.8067626953125,0.99944717,850.867431640625,730.014404296875,0.9991541,1005.2623291015625,728.2946166992188,0.999529,859.35107421875,728.9974365234375,0.9992206,999.973876953125,719.9195556640625,0.99968493,863.7427368164062,719.302001953125,0.99943846,960.1717529296875,698.9091796875,0.9997428,897.31787109375,700.0361938476562,0.9996699,955.9877319335938,838.52490234375,0.9998876,903.328125,837.3008422851562,0.9997749,949.4920654296875,965.7142333984375,0.99903023,909.8867797851562,962.5006103515625,0.9993068,944.8656005859375,980.3941040039062,0.9976586,918.6510620117188,979.0170288085938,0.9984988,952.6717529296875,1008.996826171875,0.99135584,893.052978515625,1009.4327392578125,0.99453074
261,940.130615234375,446.6504211425781,0.99995804,947.474365234375,436.740966796875,0.999892,951.8380737304688,437.60784912109375,0.9998822,955.6790771484375,438.2962951660156,0.9998746,933.1502685546875,435.46783447265625,0.9998945,928.2752685546875,435.49835205078125,0.9998894,923.8655395507812,435.5663146972656,0.9998822,960.0121459960938,446.77911376953125,0.99986553,914.786376953125,443.001708984375,0.9998876,947.5868530273438,461.3456115722656,0.9999385,929.0536499023438,460.1002502441406,0.99994075,987.0873413085938,524.7478637695312,0.9998634,875.7630004882812,522.2906494140625,0.9998634,996.3323364257812,618.7401123046875,0.99973255,857.6395263671875,616.6251220703125,0.999608,1006.3565673828125,709.9737548828125,0.99960333,852.8814697265625,701.7802124023438,0.9995159,1010.9615478515625,736.9385986328125,0.99907815,849.0980224609375,728.9804077148438,0.999049,1001.3054809570312,734.0783081054688,0.9991768,856.8230590820312,728.2264404296875,0.99911004,996.2085571289062,724.851318359375,0.99942076,861.18310546875,718.3609619140625,0.9993538,958.5068359375,698.913818359375,0.9997131,895.34228515625,699.5836791992188,0.99966466,954.7470092773438,839.0670776367188,0.9998591,904.30322265625,838.1905517578125,0.9997408,950.0945434570312,967.2289428710938,0.99871576,910.386962890625,964.1842651367188,0.99913067,947.0469970703125,982.0494995117188,0.99694854,918.5482788085938,980.4120483398438,0.9981614,950.5379028320312,1008.8274536132812,0.98951083,895.3814086914062,1010.6149291992188,0.99366105
263,939.3572387695312,445.2144775390625,0.99994075,946.5884399414062,435.5504455566406,0.99984884,950.9105224609375,436.3249816894531,0.9998313,954.8026733398438,437.0047302246094,0.99982184,932.5162963867188,434.3659973144531,0.99985456,927.64208984375,434.3668518066406,0.99984765,923.324462890625,434.4377746582031,0.99984026,958.9234008789062,445.7039489746094,0.99980897,914.2203369140625,441.98114013671875,0.99984646,946.7576904296875,460.0026550292969,0.99990976,928.2685546875,458.6928405761719,0.99991655,986.9800415039062,524.0175170898438,0.99979335,874.8121337890625,522.876708984375,0.99981767,994.5402221679688,619.6944580078125,0.9996345,857.1941528320312,617.87158203125,0.99954695,1004.0345458984375,711.6453247070312,0.9995122,851.8958129882812,702.2988891601562,0.99945575,1008.3162841796875,738.3114624023438,0.9988927,847.7646484375,729.2500610351562,0.9989309,998.68115234375,735.9802856445312,0.9990264,855.8377685546875,728.3240966796875,0.999015,993.456787109375,726.3305053710938,0.99931216,860.3720092773438,718.4317626953125,0.9992848,957.6685791015625,699.6043701171875,0.9996699,894.51318359375,700.4501953125,0.9996526,954.4699096679688,839.824951171875,0.99983776,902.75537109375,840.0517578125,0.9997428,949.1300048828125,965.2916870117188,0.9986436,910.360595703125,964.3632202148438,0.99918956,946.1483764648438,979.990234375,0.99679,918.7471313476562,980.732666015625,0.99823856,950.9456176757812,1008.2105102539062,0.98840266,892.8092651367188,1009.488037109375,0.9933072
264,937.7078857421875,445.79962158203125,0.9999461,945.099365234375,436.0910949707031,0.99986124,949.7040405273438,436.8037414550781,0.99984884,953.6824951171875,437.5093688964844,0.99983907,930.8333740234375,435.0201416015625,0.9998634,926.1213989257812,434.9945983886719,0.9998511,921.71826171875,435.0859375,0.9998416,958.4400024414062,446.02716064453125,0.9998247,913.5182495117188,442.6016845703125,0.99984026,945.3101806640625,460.44842529296875,0.99991584,926.9047241210938,459.5420837402344,0.9999151,986.6795043945312,524.980224609375,0.9998148,875.2745971679688,522.6889038085938,0.99979013,993.9340209960938,620.673095703125,0.99971753,857.3513793945312,618.8417358398438,0.9995695,1002.9961547851562,712.9005126953125,0.9995876,851.2699584960938,703.4646606445312,0.99942964,1007.5864868164062,739.2667846679688,0.9989837,847.1061401367188,730.2978515625,0.9988575,998.228759765625,737.0064697265625,0.99910307,855.3777465820312,729.0869140625,0.9989392,992.81591796875,727.49609375,0.99937856,859.8703002929688,719.2300415039062,0.99923277,956.8844604492188,700.2730712890625,0.9996947,894.1187744140625,701.74755859375,0.99962294,954.2944946289062,839.532470703125,0.9998535,902.6525268554688,839.3347778320312,0.99976224,949.519775390625,965.1677856445312,0.9988028,910.6124267578125,964.334228515625,0.9992022,945.6539916992188,978.734130859375,0.9970765,917.9961547851562,980.7846069335938,0.9982248,952.8758544921875,1008.882080078125,0.98947024,893.2682495117188,1010.1910400390625,0.9933589
265,936.6603393554688,445.6892395019531,0.9999398,943.8570556640625,436.1850280761719,0.99984527,948.8211059570312,436.82708740234375,0.99983,952.6341552734375,437.5509948730469,0.9998191,929.7965087890625,435.127685546875,0.9998499,925.3466186523438,435.1081237792969,0.99984026,920.78125,435.2497863769531,0.9998287,957.2557373046875,446.0640563964844,0.99980134,912.9146728515625,442.850830078125,0.9998313,944.0236206054688,460.3289794921875,0.99991035,925.9028930664062,459.3349609375,0.99990904,986.7854614257812,524.7139282226562,0.9998233,874.5865478515625,522.470703125,0.9998134,993.7088012695312,620.1456298828125,0.99972624,856.9761352539062,617.96533203125,0.9996302,1003.3427734375,711.66259765625,0.99963164,851.0966186523438,702.2811279296875,0.9995345,1007.8644409179688,738.4098510742188,0.99913067,846.5138549804688,729.0050048828125,0.9990746,998.7598876953125,736.1627197265625,0.9992387,854.6331787109375,727.9010620117188,0.99911696,993.2685546875,726.9645385742188,0.99947256,859.244140625,718.6080932617188,0.99937373,956.8058471679688,699.3633422851562,0.9997305,893.6920166015625,700.8783569335938,0.9996898,953.1474609375,837.8755493164062,0.99987364,903.0787353515625,838.842041015625,0.99980444,948.5443725585938,966.031005859375,0.9989718,908.7048950195312,963.5130615234375,0.99936134,943.8596801757812,979.6064453125,0.99750805,916.8765869140625,979.060302734375,0.9985952,950.3563232421875,1007.5083618164062,0.9907678,893.2532958984375,1009.3147583007812,0.9948001
266,937.727294921875,445.9901123046875,0.9999577,944.895263671875,436.34454345703125,0.99989283,949.27685546875,436.8732604980469,0.99988043,953.162353515625,437.519775390625,0.9998766,930.8673095703125,435.291015625,0.99989283,926.0841064453125,435.1851806640625,0.9998832,921.7841186523438,435.3006286621094,0.9998766,956.9595947265625,445.7755432128906,0.9998666,913.010986328125,442.87335205078125,0.9998785,944.962890625,460.5604248046875,0.9999374,926.6563110351562,459.58856201171875,0.99993694,986.2914428710938,524.3499755859375,0.9998859,874.3212280273438,522.2413940429688,0.9998579,994.0394287109375,619.124267578125,0.9997851,857.091552734375,617.5828857421875,0.99964297,1004.5989990234375,710.9605102539062,0.99967504,850.9931030273438,703.2073364257812,0.99954176,1009.2169189453125,737.8690795898438,0.9992084,846.897216796875,730.145263671875,0.99910307,999.841552734375,735.9841918945312,0.9993013,854.7730102539062,729.1214599609375,0.9991573,994.4180908203125,726.4089965820312,0.9995216,859.2456665039062,719.35693359375,0.99939287,955.9383544921875,698.7698974609375,0.99973255,893.486572265625,699.8963623046875,0.9996567,952.3489379882812,839.1211547851562,0.99988675,902.1309814453125,839.2470703125,0.99978346,948.4349365234375,965.8958129882812,0.99899167,909.5421142578125,963.6546020507812,0.99937123,945.503173828125,980.4031982421875,0.9975561,917.8959350585938,979.8403930664062,0.9986223,947.4204711914062,1007.8895874023438,0.9914225,892.5330810546875,1008.7431640625,0.9951703
267,936.212890625,446.4659729003906,0.9999546,942.9354858398438,436.5262451171875,0.99988496,947.787841796875,437.11053466796875,0.9998727,951.531982421875,437.7320861816406,0.99986446,929.001708984375,435.663818359375,0.99988675,924.4871826171875,435.7399597167969,0.9998766,919.82861328125,435.8921813964844,0.9998697,955.9869995117188,445.8578186035156,0.9998579,911.69140625,443.39227294921875,0.9998727,943.444091796875,460.9169921875,0.9999329,925.5732421875,460.27825927734375,0.99993074,984.899169921875,523.4756469726562,0.9998727,874.2494506835938,521.8887329101562,0.99983907,993.7171630859375,617.859375,0.99974686,856.3369750976562,617.9951782226562,0.9996125,1003.5453491210938,708.49169921875,0.99962294,850.1612548828125,704.4277954101562,0.9994536,1008.6115112304688,735.7944946289062,0.99907815,846.8228759765625,731.33203125,0.9989141,998.4434814453125,733.6183471679688,0.9992022,855.323974609375,730.198974609375,0.99898773,992.7933959960938,724.2405395507812,0.99946004,859.2584228515625,720.3428955078125,0.9992735,955.7115478515625,698.3665161132812,0.99963737,893.19287109375,699.638427734375,0.99956435,951.1029052734375,837.4285888671875,0.99983394,902.6807861328125,838.2568359375,0.99972624,950.0169067382812,964.9032592773438,0.99866986,909.9791870117188,965.3168334960938,0.99923277,947.3333129882812,980.4281005859375,0.9969246,918.8890991210938,982.8436279296875,0.99827933,947.704833984375,1007.39306640625,0.990329,891.8243408203125,1009.5028076171875,0.994292
269,936.2662963867188,446.7079772949219,0.999956,943.1430053710938,436.7706298828125,0.9998894,947.625,437.4716796875,0.9998785,951.3157958984375,438.05291748046875,0.99987566,929.262451171875,435.87567138671875,0.9998859,924.5206909179688,436.0404052734375,0.9998766,920.2467651367188,436.2355041503906,0.9998666,955.816162109375,446.09405517578125,0.9998697,911.846435546875,443.67474365234375,0.99986446,943.876708984375,460.994140625,0.99993396,925.8069458007812,460.21759033203125,0.99993074,984.2838134765625,523.5675659179688,0.9998832,873.8759765625,522.6727905273438,0.99982184,993.3920288085938,616.88427734375,0.9997851,856.4185791015625,617.7101440429688,0.9995908,1004.7168579101562,705.98095703125,0.9997198,849.8276977539062,703.843017578125,0.99948466,1010.0223388671875,733.8221435546875,0.9992986,846.0562744140625,730.6056518554688,0.999015,999.5537719726562,731.5907592773438,0.99939287,854.580322265625,729.5429077148438,0.9990746,993.872802734375,722.1417236328125,0.9995908,859.4594116210938,719.7699584960938,0.99933076,955.997314453125,699.5816650390625,0.99971753,893.1835327148438,700.5414428710938,0.99965537,951.789794921875,838.0941772460938,0.9998746,901.9600219726562,838.916015625,0.9997603,949.1884765625,963.9834594726562,0.9988883,909.7056884765625,962.4061889648438,0.9993333,945.531494140625,978.7005615234375,0.9973374,918.6632690429688,979.2418823242188,0.9985221,949.1887817382812,1007.6962280273438,0.9906961,891.5008544921875,1008.5614013671875,0.99453074
270,936.5389404296875,447.1303405761719,0.9999509,943.42724609375,437.0284118652344,0.9998785,947.771240234375,437.669189453125,0.99986863,951.7125244140625,438.2139892578125,0.9998634,929.4285278320312,436.2812194824219,0.99987566,924.5867919921875,436.4799499511719,0.99986446,920.2971801757812,436.7092590332031,0.9998535,956.2849731445312,446.3197021484375,0.9998591,911.67724609375,444.22235107421875,0.99985456,944.3970947265625,461.4800720214844,0.9999286,926.1213989257812,460.8979187011719,0.99992335,985.1726684570312,524.0149536132812,0.99987566,874.0767211914062,522.0521850585938,0.9998118,994.1943969726562,616.5711669921875,0.99977833,856.6173706054688,617.0631713867188,0.99958426,1006.3599853515625,705.1698608398438,0.9996971,850.2920532226562,703.0703735351562,0.9994536,1011.27294921875,732.89794921875,0.99925333,846.0054931640625,730.0752563476562,0.9989637,1001.4502563476562,730.8583374023438,0.9993538,854.307373046875,728.9832763671875,0.9990226,995.8201293945312,721.5672607421875,0.999554,858.6912841796875,719.2726440429688,0.9992931,955.7684936523438,700.0840454101562,0.9997347,892.789794921875,700.8616943359375,0.99967754,952.8259887695312,839.7049560546875,0.9998634,901.7382202148438,839.5999145507812,0.9997367,949.3497314453125,964.709716796875,0.9987356,909.818603515625,963.256591796875,0.99921143,945.2967529296875,977.95751953125,0.99701905,917.6349487304688,979.5787963867188,0.9982993,950.5155029296875,1008.0592651367188,0.9898303,893.6119384765625,1008.1320190429688,0.9939731
272,934.8821411132812,446.7169189453125,0.999966,941.7237548828125,436.56182861328125,0.99991107,946.7904663085938,437.1114807128906,0.99990165,950.5762329101562,437.77484130859375,0.99989605,927.8743286132812,435.8935852050781,0.9999132,923.5291748046875,436.00787353515625,0.99990535,918.8184814453125,436.2127990722656,0.9999001,955.3779296875,445.9098815917969,0.9998894,910.9622192382812,443.6236267089844,0.9999031,942.40625,461.1927490234375,0.9999502,924.6950073242188,460.6180419921875,0.999949,984.7705078125,524.2670288085938,0.9998876,873.2003784179688,521.9210815429688,0.99986553,994.8875732421875,616.89453125,0.9997998,854.7879028320312,616.0908813476562,0.99968004,1006.0405883789062,704.8658447265625,0.99968493,849.7357177734375,702.2493286132812,0.99958426,1010.4900512695312,731.8563842773438,0.9991959,846.073974609375,729.0802612304688,0.99916387,1002.6537475585938,729.9345703125,0.9993094,854.7362060546875,727.9412841796875,0.9992206,997.0223388671875,721.2799682617188,0.9995345,858.8671875,718.545654296875,0.999445,955.8239135742188,698.0087280273438,0.9996699,892.666015625,699.3755493164062,0.99962294,952.6845092773438,835.9185791015625,0.9998313,902.10302734375,836.5535278320312,0.99973875,950.3635864257812,964.1812744140625,0.99879336,910.042724609375,966.1089477539062,0.9992206,946.80029296875,979.4064331054688,0.9971771,918.4179077148438,983.2163696289062,0.99827254,952.7064208984375,1005.3956298828125,0.9908744,895.1392822265625,1009.9326171875,0.9942251
273,935.6954956054688,448.3603210449219,0.99996626,942.5257568359375,438.16204833984375,0.9999151,947.2205200195312,438.8863525390625,0.9999069,950.7884521484375,439.4300842285156,0.9999031,928.6651000976562,437.2001037597656,0.9999138,924.0310668945312,437.2974548339844,0.9999069,919.54638671875,437.33843994140625,0.99989927,955.3157348632812,447.0350646972656,0.99989927,910.873291015625,444.2613220214844,0.99989927,943.1023559570312,462.67449951171875,0.9999517,925.2239379882812,461.6055603027344,0.999949,983.6978759765625,523.7889404296875,0.99991715,872.4806518554688,522.3421630859375,0.99986756,995.2506713867188,615.6582641601562,0.99984765,853.9900512695312,617.0693969726562,0.99968004,1005.8030395507812,703.0159301757812,0.99977654,849.0603637695312,703.183349609375,0.99958915,1010.9124755859375,730.0875854492188,0.99942076,846.4861450195312,729.8908081054688,0.99918956,1002.4132080078125,727.9454345703125,0.99950445,854.8494873046875,728.551025390625,0.99925333,996.179443359375,719.2698364257812,0.9996673,858.678955078125,718.6707153320312,0.99946636,956.5574951171875,698.2079467773438,0.9997408,893.33642578125,700.3859252929688,0.9996699,953.73486328125,836.6734619140625,0.9998795,902.8671875,837.5848388671875,0.99978846,949.7481079101562,964.3170776367188,0.9989759,909.9013061523438,964.8812255859375,0.9993333,945.552001953125,980.353515625,0.99760324,917.8138427734375,981.8394165039062,0.9985221,951.4503173828125,1006.0094604492188,0.99174845,892.7399291992188,1008.439208984375,0.9950563
275,936.541259765625,449.2044677734375,0.9999714,943.56005859375,439.09710693359375,0.999928,947.4017333984375,439.7213134765625,0.99992335,951.289306640625,440.0721435546875,0.99992037,929.6614379882812,437.84625244140625,0.99992573,924.4682006835938,437.8160400390625,0.99991906,920.4042358398438,437.87396240234375,0.99991107,955.3506469726562,447.0604248046875,0.99991775,911.171142578125,444.53240966796875,0.99990976,944.12451171875,463.4339599609375,0.9999567,925.8698120117188,462.11663818359375,0.9999528,984.2779541015625,523.7849731445312,0.99992216,872.5838012695312,522.8922119140625,0.9998568,995.7733154296875,615.5966796875,0.99984527,854.9208374023438,616.675048828125,0.9996486,1007.11474609375,702.1954345703125,0.9998118,849.7515869140625,702.2298583984375,0.99959236,1012.2149047851562,729.52392578125,0.9995234,846.4918823242188,729.464111328125,0.9992267,1002.2144165039062,726.9961547851562,0.99959236,854.75146484375,727.9620971679688,0.9992848,996.353759765625,718.4239501953125,0.99972194,859.4126586914062,718.35693359375,0.99947053,956.275146484375,699.9065551757812,0.999826,892.3720092773438,701.2434692382812,0.9997658,954.3054809570312,839.1069946289062,0.99993694,901.8317260742188,840.197021484375,0.99984884,951.2024536132812,964.3864135742188,0.99942076,910.2304077148438,962.6234130859375,0.99958426,946.7352294921875,978.092041015625,0.99860066,918.632080078125,976.89453125,0.99911004,952.9365844726562,1009.53662109375,0.99437994,893.77294921875,1009.4370727539062,0.9964342
276,936.2572631835938,448.32861328125,0.99995995,942.9320068359375,438.2773742675781,0.9999039,947.3735961914062,438.96441650390625,0.9998977,950.8706665039062,439.4317626953125,0.99989367,929.0840454101562,437.3092956542969,0.9998977,924.258056640625,437.44561767578125,0.99988675,920.0133056640625,437.5332946777344,0.9998785,954.9163208007812,446.91387939453125,0.99989367,910.9089965820312,444.4888916015625,0.99987566,943.7990112304688,462.771484375,0.9999478,925.7821044921875,461.6846008300781,0.9999398,984.1640625,524.0744018554688,0.99991846,872.2587280273438,523.3426513671875,0.99983907,995.599853515625,615.4619140625,0.99984527,854.5935668945312,617.6688232421875,0.99961996,1006.407958984375,701.6480712890625,0.99979657,850.2781982421875,702.649658203125,0.99950826,1010.8323974609375,728.271240234375,0.99947864,846.816650390625,729.5173950195312,0.9990746,1001.1464233398438,726.1204833984375,0.99955577,855.2263793945312,728.43408203125,0.9991272,995.80029296875,718.3521118164062,0.99969935,859.8540649414062,718.8751220703125,0.99936384,956.4920043945312,698.8414916992188,0.9997508,892.6602172851562,699.8910522460938,0.99967504,954.3297729492188,838.289794921875,0.99988043,902.687255859375,838.5999145507812,0.999764,949.6141967773438,966.48486328125,0.99895155,909.6441650390625,964.4263916015625,0.9992505,944.6258544921875,981.0108032226562,0.9975466,917.754150390625,979.5955200195312,0.9983897,954.517333984375,1007.9259033203125,0.9912209,895.600341796875,1008.4359741210938,0.9944666
278,935.8497314453125,449.01336669921875,0.99995863,942.2547607421875,438.89166259765625,0.99990535,946.8790283203125,439.53411865234375,0.99989927,950.3328247070312,439.9859924316406,0.99989843,928.4325561523438,438.1489562988281,0.99989605,923.7825927734375,438.3775329589844,0.999884,919.4196166992188,438.55828857421875,0.9998746,954.68798828125,447.35015869140625,0.99989927,910.6541137695312,445.4999694824219,0.9998727,943.4472045898438,463.1917419433594,0.9999473,925.510986328125,462.3131408691406,0.9999379,983.3925170898438,523.8849487304688,0.99992514,872.9459838867188,522.7867431640625,0.99983,994.6329345703125,615.0933837890625,0.99984396,855.8619384765625,616.6043701171875,0.99959236,1005.7410278320312,701.6571655273438,0.9997868,850.1286010742188,701.5447998046875,0.99945146,1010.2701416015625,728.1644897460938,0.9994684,846.771240234375,728.61279296875,0.9989837,1000.2406005859375,725.7310180664062,0.99953806,854.9573364257812,727.1470336914062,0.9990452,994.9501342773438,717.8859252929688,0.99968743,859.6053466796875,717.6757202148438,0.9993013,955.931640625,698.8881225585938,0.9997749,892.7640380859375,700.1870727539062,0.9996567,953.2803955078125,838.9876098632812,0.9999001,902.3342895507812,839.050537109375,0.99976224,950.040283203125,964.133056640625,0.99896777,910.600341796875,964.8628540039062,0.99926203,946.37646484375,977.94140625,0.9975656,918.8604736328125,981.4346313476562,0.9984207,949.229248046875,1008.1821899414062,0.99155444,893.118896484375,1009.7929077148438,0.9946359
279,935.9003295898438,449.30657958984375,0.99996924,942.6498413085938,439.4405822753906,0.99992573,947.0667724609375,440.08197021484375,0.99992037,950.487548828125,440.54986572265625,0.99991775,928.916748046875,438.2706298828125,0.99992275,924.0892333984375,438.2711486816406,0.9999138,919.9658203125,438.300537109375,0.9999083,954.67578125,447.7347412109375,0.99991775,910.8451538085938,444.7541198730469,0.99990606,943.2842407226562,463.75860595703125,0.9999573,925.4288940429688,462.3551025390625,0.99995244,982.8756103515625,523.4413452148438,0.99993074,872.371826171875,523.0955810546875,0.9998727,994.4889526367188,615.383056640625,0.99984884,855.7161254882812,617.3391723632812,0.99965405,1004.8807373046875,701.8418579101562,0.9997998,850.4845581054688,702.7081909179688,0.999566,1009.5460205078125,728.2807006835938,0.9994947,847.3238525390625,729.4146118164062,0.99918646,999.4108276367188,725.9608764648438,0.9995695,855.90869140625,728.0170288085938,0.9992417,994.1546630859375,718.12255859375,0.9997086,860.385498046875,718.2630615234375,0.99945146,955.5223999023438,698.4388427734375,0.99971086,892.8306884765625,699.3668823242188,0.99963737,952.7427978515625,837.7694091796875,0.9998795,902.2968139648438,838.1781005859375,0.9997677,949.54736328125,964.893310546875,0.9990264,910.1199951171875,965.6660766601562,0.9993563,945.6351318359375,979.489501953125,0.997783,918.5116577148438,982.9129638671875,0.99861693,949.1875,1008.8070678710938,0.9926542,891.8744506835938,1009.9508056640625,0.9954615
281,935.0995483398438,448.976806640625,0.9999535,941.70263671875,439.2750549316406,0.9998894,946.4518432617188,439.8604431152344,0.9998832,949.86376953125,440.2967224121094,0.99988043,927.9821166992188,438.3716125488281,0.9998859,923.429443359375,438.4696044921875,0.99987566,919.323974609375,438.57525634765625,0.99986756,954.2776489257812,447.616943359375,0.9998795,910.6199951171875,445.1153869628906,0.99986756,942.5381469726562,463.223876953125,0.9999379,924.8792114257812,461.9790344238281,0.9999318,982.38330078125,523.8598022460938,0.99990535,872.9442138671875,524.4170532226562,0.9998313,993.2481689453125,615.601318359375,0.99979657,855.7635498046875,618.818115234375,0.999566,1004.419921875,702.419921875,0.99970406,850.4383544921875,703.9403686523438,0.99943405,1009.3789672851562,729.2315063476562,0.9992792,847.8070068359375,730.923583984375,0.99893504,999.0855712890625,726.799072265625,0.99937856,856.3939208984375,729.4801025390625,0.999015,993.54541015625,718.459228515625,0.9995728,860.75439453125,719.1739501953125,0.9992735,955.3032836914062,698.30322265625,0.9996594,893.0111694335938,699.7461547851562,0.9995345,952.8323974609375,836.832275390625,0.9998416,902.538330078125,838.1008911132812,0.99969935,949.4091796875,964.5853881835938,0.9986853,909.6165771484375,965.7819213867188,0.9991204,945.5112915039062,979.1136474609375,0.997065,917.3495483398438,982.9794921875,0.9981324,948.6014404296875,1007.7611083984375,0.99083894,891.2425537109375,1009.3171997070312,0.994292
282,935.0361938476562,449.1349182128906,0.99996114,941.5464477539062,439.33123779296875,0.9999076,946.344970703125,439.95184326171875,0.9998977,949.7352294921875,440.423583984375,0.9998969,927.8942260742188,438.4910888671875,0.9999031,923.3700561523438,438.6407775878906,0.99989283,919.1356811523438,438.77691650390625,0.9998859,954.3736572265625,447.7838134765625,0.99989605,910.6900024414062,445.3760070800781,0.9998859,942.5518188476562,463.3942565917969,0.9999473,924.791259765625,462.2523193359375,0.99994123,982.8623046875,523.9254760742188,0.99991775,873.3571166992188,523.3280639648438,0.9998523,993.279541015625,616.1827392578125,0.99981767,856.1693115234375,618.1084594726562,0.99962294,1004.1550903320312,703.2206420898438,0.9997508,850.9953002929688,703.52783203125,0.99950445,1008.9932861328125,729.990234375,0.99937373,847.86083984375,730.2029418945312,0.9990601,998.181640625,727.4400024414062,0.99947256,856.5033569335938,728.971435546875,0.9991272,992.8028564453125,718.966796875,0.9996458,861.0101928710938,718.8983764648438,0.9993687,955.3709716796875,698.2651977539062,0.9996947,893.4241333007812,699.3203735351562,0.9995987,952.5431518554688,837.32763671875,0.99987066,902.9534912109375,838.1664428710938,0.9997565,949.7582397460938,964.6934814453125,0.9988927,909.5738525390625,965.577880859375,0.99928194,945.7671508789062,979.884521484375,0.9974885,917.9449462890625,982.8286743164062,0.99845123,948.4071044921875,1008.0687255859375,0.9918121,890.318359375,1009.4324951171875,0.9950177
283,934.82666015625,449.24383544921875,0.99995315,941.3750610351562,439.5400695800781,0.9998894,946.364013671875,440.1209411621094,0.9998795,949.835205078125,440.5741271972656,0.9998746,927.6193237304688,438.7104797363281,0.9998902,923.2428588867188,438.83038330078125,0.9998795,918.968994140625,438.96783447265625,0.99987066,954.6190185546875,447.9564514160156,0.99987066,910.7781372070312,445.5611267089844,0.9998746,942.4425659179688,463.62115478515625,0.9999318,924.7549438476562,462.4647521972656,0.999928,983.2855224609375,524.1715698242188,0.99989104,873.9810180664062,524.1729736328125,0.99983907,992.9418334960938,616.724853515625,0.9997658,856.3536376953125,618.44873046875,0.99959236,1003.65771484375,704.8450317382812,0.99966466,851.201904296875,703.458984375,0.9994622,1008.4705200195312,731.4348754882812,0.9992084,847.768310546875,729.8367919921875,0.99898773,998.0418701171875,728.8750610351562,0.9993333,856.3235473632812,728.7156982421875,0.9990601,992.4691772460938,720.1524658203125,0.9995345,860.9715576171875,718.955810546875,0.9993175,955.423583984375,698.546630859375,0.99966204,893.4724731445312,699.7869262695312,0.9995859,952.607666015625,837.5924072265625,0.99986017,903.00341796875,838.8870239257812,0.99976224,948.8818359375,965.4113159179688,0.99890125,909.5347290039062,966.2894287109375,0.99931216,944.8737182617188,981.0440063476562,0.99746895,917.4396362304688,983.8406982421875,0.9984988,948.1177368164062,1007.929931640625,0.99187535,889.5972900390625,1009.7708129882812,0.9951514
285,935.1664428710938,449.1908874511719,0.9999633,941.6357421875,439.3805236816406,0.9999125,946.6173095703125,439.9814453125,0.9999039,950.1013793945312,440.4786682128906,0.9999001,927.9428100585938,438.6662292480469,0.99990904,923.5477905273438,438.8603210449219,0.99989927,919.11376953125,439.04937744140625,0.99989367,954.9482421875,448.04339599609375,0.9998969,910.993896484375,445.884033203125,0.9998952,942.8416137695312,463.5525817871094,0.9999473,925.1067504882812,462.5544128417969,0.9999422,983.6304321289062,524.5293579101562,0.9999138,874.353515625,523.8392333984375,0.9998579,993.2205810546875,617.5023803710938,0.99980134,856.9967041015625,617.7813720703125,0.99963593,1004.8767700195312,706.1284790039062,0.9997131,851.9805297851562,703.60986328125,0.9995005,1009.702392578125,733.1608276367188,0.99930406,847.956787109375,730.1070556640625,0.99903786,999.001708984375,730.7360229492188,0.99940693,856.4021606445312,728.9750366210938,0.9991066,993.533447265625,721.624267578125,0.9995956,861.2169189453125,719.0180053710938,0.99935883,955.3019409179688,697.7735595703125,0.9996947,893.8991088867188,699.044921875,0.9996049,952.0233764648438,837.6032104492188,0.99987066,902.9801635742188,837.88525390625,0.99977654,949.3834228515625,965.0242309570312,0.99890125,909.400146484375,965.2940673828125,0.9993013,945.624267578125,980.2417602539062,0.997459,917.8826293945312,982.721923828125,0.9984692,948.0844116210938,1007.5202026367188,0.99155444,890.0252075195312,1009.4326782226562,0.99497885
286,935.2056274414062,449.219970703125,0.99996114,941.7933349609375,439.51568603515625,0.9999069,946.7630615234375,440.10894775390625,0.9999001,950.2728271484375,440.6153564453125,0.99989605,928.2349853515625,438.6484069824219,0.99990237,923.8565063476562,438.767333984375,0.99989283,919.474609375,438.8726806640625,0.9998832,955.1544799804688,448.0585632324219,0.999892,911.4479370117188,445.5400695800781,0.9998822,942.647705078125,463.52935791015625,0.9999461,925.1871948242188,462.5094299316406,0.9999398,983.6336669921875,524.2682495117188,0.99991584,874.336181640625,524.0245971679688,0.99984276,993.488037109375,616.5466918945312,0.9998287,856.7257690429688,618.3311767578125,0.99963737,1004.8133544921875,704.6297607421875,0.9997584,851.225830078125,703.3508911132812,0.9995363,1010.31591796875,732.0475463867188,0.99937856,847.5936279296875,729.7417602539062,0.99909246,999.4495849609375,730.1788940429688,0.99947256,856.1249389648438,728.7783203125,0.99916387,993.7109985351562,720.9259643554688,0.9996458,860.8611450195312,718.8213500976562,0.9994023,955.521728515625,698.9755859375,0.9997367,893.96484375,700.1502075195312,0.99963164,952.1972045898438,838.7860107421875,0.9998832,903.5450439453125,839.69091796875,0.9997818,948.9876708984375,964.9970703125,0.998862,910.3062133789062,965.1885986328125,0.9992792,945.2622680664062,980.2171630859375,0.99732697,918.3767700195312,981.739990234375,0.9984269,948.0136108398438,1007.1986083984375,0.99094474,890.707275390625,1009.5067138671875,0.994615
287,935.0044555664062,449.2034912109375,0.9999621,941.9397583007812,439.4496154785156,0.99990976,946.9713134765625,440.0963439941406,0.99990165,950.6007080078125,440.66302490234375,0.9998977,928.2288818359375,438.51507568359375,0.99990463,923.9067993164062,438.6028747558594,0.9998945,919.6412353515625,438.68475341796875,0.9998876,955.8868408203125,448.374755859375,0.99989605,911.6967163085938,445.47418212890625,0.99988496,942.6084594726562,463.5858459472656,0.99994695,925.1146240234375,462.4205017089844,0.99994075,984.4968872070312,524.3280639648438,0.9999138,874.82080078125,524.4263916015625,0.9998511,994.8233642578125,617.2800903320312,0.9998247,857.4614868164062,617.8596801757812,0.9996458,1006.0808715820312,706.3172607421875,0.9997584,851.9117431640625,703.0894165039062,0.9995627,1011.0730590820312,733.3494873046875,0.99939764,847.82470703125,729.6050415039062,0.99916065,1000.4616088867188,731.060302734375,0.99948263,856.0716552734375,728.445556640625,0.9992175,994.84716796875,721.8322143554688,0.9996513,860.8726806640625,718.6962890625,0.9994363,956.663330078125,698.8076171875,0.9997428,894.5159912109375,699.8748168945312,0.99966466,952.728515625,838.8709716796875,0.99989104,903.9547119140625,838.7081298828125,0.99979335,949.3651123046875,964.625732421875,0.99903023,910.399658203125,964.0048217773438,0.9993687,945.5249633789062,978.7442626953125,0.99770385,918.8544311523438,980.0514526367188,0.99861693,949.4156494140625,1008.6497192382812,0.9921841,892.1361083984375,1009.6251831054688,0.99528164
288,935.5571899414062,449.212158203125,0.9999707,942.470703125,439.5496826171875,0.99992967,947.4631958007812,440.2128601074219,0.99992275,951.0480346679688,440.76800537109375,0.99992037,928.7877807617188,438.6330871582031,0.9999274,924.4681396484375,438.7785949707031,0.99992037,920.099609375,438.90960693359375,0.9999151,956.4135131835938,448.4548034667969,0.99991846,912.3143310546875,445.69927978515625,0.99991715,943.1312255859375,463.6216735839844,0.999956,925.61328125,462.4118957519531,0.99995387,984.9120483398438,524.1569213867188,0.9999151,875.21240234375,523.4901733398438,0.9998776,994.86279296875,617.3350219726562,0.99980587,858.1305541992188,618.4403076171875,0.99964166,1006.2108154296875,705.8486328125,0.9997154,851.8721923828125,703.676513671875,0.99954873,1011.2698974609375,733.4432983398438,0.9993228,848.505126953125,730.343017578125,0.9991441,1001.2085571289062,731.304443359375,0.99940467,857.0396118164062,728.9766845703125,0.99918956,995.6932983398438,722.1123046875,0.9995876,861.641357421875,719.0866088867188,0.99940467,956.3382568359375,698.4761352539062,0.99978,894.5152587890625,699.7089233398438,0.9997305,952.966064453125,838.9513549804688,0.9999076,903.2950439453125,840.1339721679688,0.9998247,950.5811767578125,964.6098022460938,0.99921453,909.924072265625,963.2335205078125,0.9994867,946.6326293945312,978.957275390625,0.9981324,918.7238159179688,979.3409423828125,0.99889696,950.3363037109375,1009.7017211914062,0.9931496,892.060546875,1009.9122924804688,0.9959771
290,934.9385375976562,448.7716064453125,0.9999678,941.967041015625,439.2409973144531,0.99992335,947.4130249023438,439.8469543457031,0.9999151,951.0618286132812,440.4132995605469,0.9999138,928.1751708984375,438.4626770019531,0.99992156,924.1661987304688,438.64447021484375,0.9999151,919.5822143554688,438.8376770019531,0.99990904,956.97900390625,448.29998779296875,0.9999076,912.3060302734375,445.6745300292969,0.99990976,942.631103515625,463.2989196777344,0.99995315,925.2651977539062,462.12548828125,0.9999502,984.9878540039062,524.6204223632812,0.99990535,875.4175415039062,525.1531982421875,0.99987364,994.70263671875,617.3275146484375,0.99980134,856.968505859375,618.0807495117188,0.9996673,1006.447021484375,706.4779052734375,0.9997154,851.759521484375,703.589599609375,0.9995745,1011.791748046875,733.4498291015625,0.99931216,848.3681640625,730.2793579101562,0.99918,1002.307861328125,731.527587890625,0.9994,856.4898681640625,728.8917236328125,0.99923575,996.3495483398438,722.405517578125,0.99959236,861.1805419921875,718.9356689453125,0.999445,957.4470825195312,698.4769287109375,0.9997305,895.3330688476562,699.8389282226562,0.99967754,952.9417114257812,838.2739868164062,0.99989605,903.92041015625,838.5929565429688,0.9998287,949.720458984375,963.978515625,0.9992053,910.5196533203125,963.3583374023438,0.9994887,946.1236572265625,978.0073852539062,0.9981756,919.2094116210938,980.0374755859375,0.9988927,949.1630859375,1009.2633056640625,0.99356186,891.267333984375,1009.4421997070312,0.99605453
291,936.7620849609375,448.8514099121094,0.999972,943.7112426757812,439.2428283691406,0.99992967,948.5256958007812,439.89190673828125,0.99992275,952.1458740234375,440.4379577636719,0.99991965,929.9702758789062,438.4425964355469,0.9999286,925.492431640625,438.63232421875,0.99992216,921.1856689453125,438.8794250488281,0.99991715,957.1141967773438,448.2658386230469,0.9999132,912.8870849609375,445.8276062011719,0.99991584,944.4777221679688,463.18768310546875,0.9999567,926.6460571289062,462.1451721191406,0.9999546,985.7672729492188,524.4425659179688,0.99991107,874.8829345703125,524.0828857421875,0.9998795,995.3563232421875,617.1459350585938,0.9998273,857.2745971679688,618.4760131835938,0.9996898,1006.8594360351562,705.8009643554688,0.9997584,852.0424194335938,703.77197265625,0.99963164,1012.1396484375,733.2300415039062,0.9994093,848.3623046875,730.55517578125,0.99929583,1002.4613647460938,731.1788330078125,0.9994766,856.939208984375,729.6227416992188,0.9993333,996.756591796875,721.8535766601562,0.99964166,861.126220703125,719.820068359375,0.9995178,957.0274047851562,699.3592529296875,0.99980897,894.1148071289062,699.9664306640625,0.99977654,954.1024169921875,838.6761474609375,0.99992275,903.6563110351562,839.9104614257812,0.9998523,950.7162475585938,963.12158203125,0.99937123,911.0827026367188,961.4931640625,0.9995695,946.5870361328125,977.1519165039062,0.99850464,919.7093505859375,976.9231567382812,0.9990746,952.2290649414062,1009.6027221679688,0.99415743,893.4407348632812,1009.274169921875,0.99635005
293,936.3198852539062,448.4642639160156,0.99996805,943.2846069335938,438.8890380859375,0.99992156,948.30908203125,439.6649169921875,0.9999138,952.026123046875,440.35992431640625,0.99990976,929.6831665039062,437.9949035644531,0.99992156,925.3429565429688,438.1512145996094,0.9999151,920.9204711914062,438.3136901855469,0.99991035,957.4808959960938,448.61322021484375,0.9999039,913.0084838867188,445.6119079589844,0.9999125,943.8328247070312,462.8934020996094,0.99995315,926.284912109375,461.8824462890625,0.99995244,986.1027221679688,525.0715942382812,0.99990463,875.2738037109375,523.5629272460938,0.99988496,996.2735595703125,617.9324340820312,0.99981767,857.4229736328125,618.0164184570312,0.99969935,1009.0992431640625,706.4228515625,0.99970406,851.5599365234375,703.4052124023438,0.9996111,1013.1897583007812,733.5092163085938,0.99927634,848.35791015625,730.0951538085938,0.9992387,1005.4534301757812,731.9087524414062,0.9993563,856.5496215820312,728.5692749023438,0.9992848,999.7291870117188,722.8831176757812,0.99955755,861.1015625,718.7439575195312,0.9994766,958.1434936523438,699.200439453125,0.99978346,895.4650268554688,700.86376953125,0.99973875,954.3599243164062,839.1403198242188,0.9999069,903.8926391601562,839.0341796875,0.99983394,949.5313720703125,964.5728149414062,0.9992267,909.97314453125,962.6744995117188,0.9994746,944.894287109375,978.6817016601562,0.9981541,918.1177978515625,978.3497924804688,0.9988575,950.09716796875,1008.8865356445312,0.9931229,893.3687744140625,1008.7216186523438,0.99584997
294,936.8209838867188,448.45263671875,0.9999678,943.8265991210938,438.7667236328125,0.99991846,948.638427734375,439.52435302734375,0.9999083,952.3062744140625,440.1463317871094,0.99990535,930.0721435546875,437.7974853515625,0.99991775,925.5704956054688,437.96807861328125,0.99991107,921.2985229492188,438.1329650878906,0.9999069,957.4629516601562,448.2100524902344,0.9998977,912.959716796875,445.4057922363281,0.99990535,944.4173583984375,462.8204345703125,0.99994695,926.7691040039062,461.7662658691406,0.99994564,986.2606201171875,524.5088500976562,0.9998859,875.4169921875,523.8839111328125,0.99986124,996.0820922851562,617.184814453125,0.9997868,857.140380859375,618.1627807617188,0.99966073,1008.313720703125,704.9168090820312,0.9996971,851.9786987304688,702.9249877929688,0.9995627,1013.3021240234375,732.6080932617188,0.99926203,847.9134521484375,729.9876098632812,0.9991441,1004.664794921875,730.8516845703125,0.9993538,856.4221801757812,728.7577514648438,0.9992022,998.9457397460938,721.6492309570312,0.9995523,860.7919311523438,718.984619140625,0.9994253,956.9212036132812,698.8984985351562,0.9997428,894.3829956054688,699.6593017578125,0.9997305,954.7753295898438,839.2384643554688,0.9998859,902.9706420898438,839.6578369140625,0.9998233,950.7588500976562,964.2643432617188,0.99916065,910.8165283203125,964.3876342773438,0.9994253,946.6314697265625,978.6950073242188,0.9979888,919.54296875,980.5780029296875,0.9987356,954.84375,1009.4259033203125,0.9923044,893.3456420898438,1011.3159790039062,0.9950177
296,937.8966674804688,448.7511291503906,0.9999727,945.0202026367188,439.2528076171875,0.9999318,949.5878295898438,439.9687194824219,0.99992394,953.1995849609375,440.5311584472656,0.99992156,931.33642578125,438.1645202636719,0.9999318,926.6981201171875,438.272216796875,0.99992514,922.5769653320312,438.4070739746094,0.99992037,958.189697265625,448.56817626953125,0.99991584,913.9917602539062,445.3166198730469,0.99992037,945.3228759765625,463.1775817871094,0.9999573,927.666015625,461.97576904296875,0.99995637,986.2720947265625,524.9449462890625,0.9999076,876.1856079101562,523.9198608398438,0.9998832,996.5814819335938,617.4931640625,0.9998148,857.7789916992188,618.0794067382812,0.9996898,1008.5568237304688,705.2679443359375,0.9997086,851.36376953125,703.53271484375,0.9996049,1013.0554809570312,732.5150756835938,0.99929035,848.3135986328125,730.41552734375,0.9992267,1005.3016357421875,730.8269653320312,0.9993761,856.6722412109375,729.1005249023438,0.9992792,999.389404296875,721.8388671875,0.99957114,861.2003784179688,719.064208984375,0.9994766,957.8587036132812,698.6284790039062,0.9997428,895.3512573242188,700.2032470703125,0.9996923,953.3922119140625,839.2025146484375,0.9998894,904.2098388671875,838.71533203125,0.9998104,949.520751953125,964.9296264648438,0.99913067,910.5264282226562,965.1298828125,0.99940693,946.054931640625,979.32958984375,0.997917,918.93212890625,982.0220947265625,0.9986853,949.02685546875,1008.336669921875,0.9928786,891.1017456054688,1010.0508422851562,0.99549675
297,937.886962890625,447.7596435546875,0.99996734,944.8892822265625,437.889892578125,0.99991584,949.7305908203125,438.5611267089844,0.9999069,953.4147338867188,439.0802001953125,0.9999008,931.091552734375,437.09326171875,0.99991846,926.6397094726562,437.28466796875,0.9999138,922.3499145507812,437.4643859863281,0.99990976,958.7437133789062,446.7582702636719,0.9998945,914.53955078125,444.7250061035156,0.9999125,945.5858154296875,461.9327087402344,0.9999521,927.7897338867188,461.1160583496094,0.9999528,988.4771118164062,522.6257934570312,0.9998876,876.6593017578125,521.9090576171875,0.9998902,997.5116577148438,616.0890502929688,0.99978,859.1272583007812,615.6033325195312,0.99971086,1009.5736083984375,705.7071533203125,0.99967504,853.1978759765625,701.8903198242188,0.99963593,1013.5048828125,731.978271484375,0.9992206,849.2015991210938,728.3046264648438,0.9992679,1006.0407104492188,730.50439453125,0.9993148,857.841796875,727.2119140625,0.9993148,1000.2362670898438,721.7684326171875,0.9995272,861.9349365234375,717.7388916015625,0.9995103,959.4234008789062,696.8784790039062,0.9997086,896.3248901367188,697.705078125,0.99971086,956.3318481445312,837.9627685546875,0.99986017,905.1070556640625,837.1309204101562,0.9997981,950.4445190429688,963.6743774414062,0.99906737,911.0886840820312,963.0037841796875,0.9993513,945.57177734375,978.0690307617188,0.9978677,919.1917724609375,979.2976684570312,0.9986223,953.2100219726562,1006.4693603515625,0.9924521,895.9730834960938,1008.67822265625,0.9951514
299,936.0949096679688,449.1967468261719,0.9999683,943.1587524414062,439.83233642578125,0.99992037,948.7252197265625,440.35211181640625,0.9999145,952.479736328125,440.849853515625,0.99990976,929.6223754882812,438.9156188964844,0.99992037,925.642822265625,438.9495849609375,0.9999138,920.552001953125,439.07342529296875,0.99990904,957.3311767578125,448.30999755859375,0.99990463,913.1106567382812,445.2869873046875,0.9999069,943.3614501953125,463.922607421875,0.9999517,926.4720458984375,462.4729919433594,0.9999509,986.2626953125,523.9661254882812,0.9999069,873.952880859375,524.75,0.99987066,996.0015258789062,615.07080078125,0.99982053,856.7216796875,618.376953125,0.9996699,1008.4345703125,703.9962768554688,0.9997508,851.1688842773438,702.0955810546875,0.9996111,1013.7970581054688,731.4259643554688,0.9994,848.2175903320312,728.8114013671875,0.99925333,1003.7195434570312,729.35400390625,0.99947256,856.0927124023438,727.5543212890625,0.9993094,998.1692504882812,720.313720703125,0.9996402,860.1908569335938,717.689453125,0.99950445,957.6084594726562,699.2418212890625,0.9997658,895.340576171875,700.6400756835938,0.9997347,954.4534912109375,839.5550537109375,0.99990904,903.7960815429688,840.43896484375,0.99984527,950.2686157226562,962.7896728515625,0.9992505,911.3070068359375,962.5709228515625,0.99950635,945.7310791015625,977.1958618164062,0.998259,919.2384033203125,978.718505859375,0.9989434,954.09130859375,1008.274658203125,0.993255,892.0804443359375,1009.3743896484375,0.9957684
302,936.8389282226562,448.250732421875,0.9999646,943.8433837890625,438.5830078125,0.9999083,948.6320190429688,439.28411865234375,0.9998977,952.2601928710938,439.86480712890625,0.99989283,930.0619506835938,437.83160400390625,0.9999118,925.5271606445312,438.0272216796875,0.9999069,921.2711791992188,438.2289733886719,0.99990237,957.23876953125,447.83477783203125,0.9998822,912.9515380859375,445.31201171875,0.9999069,944.705810546875,462.7797546386719,0.9999453,926.782958984375,461.727783203125,0.9999473,986.1868286132812,524.3984375,0.9998822,874.6932373046875,523.142578125,0.9998876,994.6006469726562,616.4298095703125,0.9997677,856.0032958984375,616.8697509765625,0.9996923,1006.8753662109375,704.2210083007812,0.9996699,850.8781127929688,701.1221313476562,0.9996259,1011.520751953125,731.333740234375,0.9992267,847.090087890625,728.2123413085938,0.99926203,1002.3916625976562,728.9364624023438,0.99932814,855.3052368164062,727.02685546875,0.9993094,997.0609130859375,720.1284790039062,0.99953806,859.7662963867188,717.5562744140625,0.9995103,956.4669189453125,697.470947265625,0.99966466,893.588134765625,698.309326171875,0.99967504,953.4159545898438,839.0071411132812,0.9998535,903.1094360351562,838.9927368164062,0.9997868,950.101318359375,965.0390625,0.99903405,911.042724609375,966.0808715820312,0.99936384,946.56396484375,979.9054565429688,0.9978173,919.07080078125,982.8756103515625,0.9986223,952.9396362304688,1008.4899291992188,0.99253935,893.4330444335938,1011.5296020507812,0.9952448
303,937.3076171875,449.7880859375,0.99997044,944.2323608398438,440.31280517578125,0.99992573,949.0829467773438,440.829345703125,0.99992037,952.5562133789062,441.3056945800781,0.9999151,930.445556640625,439.4377746582031,0.99992573,925.9723510742188,439.51141357421875,0.99991965,921.66552734375,439.6559143066406,0.9999138,957.4083862304688,448.6095886230469,0.9999138,913.10498046875,445.98394775390625,0.99991584,944.7816772460938,464.1849060058594,0.99995995,927.243896484375,462.8910827636719,0.9999577,984.96044921875,523.7813110351562,0.9999274,874.6635131835938,523.7464599609375,0.9998945,994.68212890625,615.5948486328125,0.9998499,855.1487426757812,617.765625,0.99972194,1005.6091918945312,703.9421997070312,0.99978846,849.5867919921875,703.0469970703125,0.99963737,1010.5438842773438,731.3203735351562,0.9994766,847.3406372070312,729.6880493164062,0.99928194,1000.6732177734375,729.0731811523438,0.99954873,855.8442993164062,728.243408203125,0.99933845,995.0352783203125,720.0494995117188,0.9996923,859.5103759765625,718.4193115234375,0.9995272,956.8350830078125,697.8283081054688,0.9997584,894.58251953125,699.0478515625,0.9996947,953.0589599609375,838.00927734375,0.9998945,904.0946044921875,838.060546875,0.9998074,949.2269287109375,964.7621459960938,0.9990746,910.18310546875,963.9554443359375,0.99936384,944.7063598632812,980.4953002929688,0.9978258,917.6388549804688,981.0194702148438,0.9986223,951.3660888671875,1007.4146118164062,0.99262565,893.2014770507812,1009.0775146484375,0.99549675
305,936.031494140625,449.6138916015625,0.9999641,942.8535766601562,439.9855041503906,0.9999145,947.771484375,440.5607604980469,0.9999083,951.3046875,441.0633544921875,0.99990535,929.1939697265625,439.28466796875,0.9999118,924.812744140625,439.4842529296875,0.9999039,920.4691162109375,439.7129821777344,0.9998969,956.52197265625,448.697265625,0.99990237,912.3253173828125,446.28375244140625,0.99989843,943.6123657226562,463.93402099609375,0.9999517,926.0037841796875,462.7096252441406,0.99994814,984.8356323242188,524.5266723632812,0.9999263,873.9521484375,523.667236328125,0.9998795,993.9047241210938,616.2030029296875,0.99983656,855.24755859375,617.1815795898438,0.9996898,1005.5742797851562,704.8148193359375,0.9997603,850.0050048828125,701.8372802734375,0.99960643,1010.91796875,732.1990356445312,0.99940693,846.7796020507812,728.5300903320312,0.99923575,1000.2208251953125,729.7300415039062,0.9994887,855.1085205078125,727.3580932617188,0.99928755,994.7687377929688,720.5119018554688,0.99965405,859.25048828125,717.7210083007812,0.99949074,955.5425415039062,698.7376098632812,0.9997731,892.81103515625,699.013671875,0.9997086,952.6399536132812,839.2031860351562,0.99991846,902.8594360351562,840.5149536132812,0.99983525,949.8706665039062,964.1248168945312,0.9991704,909.647705078125,964.1016845703125,0.99948066,946.384033203125,978.5008544921875,0.9980276,918.4976806640625,980.2064819335938,0.99884856,950.0926513671875,1009.7568359375,0.9928231,890.424072265625,1009.7749633789062,0.99580115
307,935.899658203125,449.41363525390625,0.99996233,942.6852416992188,440.1544494628906,0.99990463,947.8016967773438,440.7440490722656,0.9998969,951.2661743164062,441.3035583496094,0.999892,929.22705078125,439.28216552734375,0.9999039,925.0044555664062,439.3664245605469,0.99989605,920.7308349609375,439.50286865234375,0.9998876,956.0985107421875,448.7975158691406,0.9998876,912.6297607421875,445.8740234375,0.99988675,943.189208984375,463.707763671875,0.99994934,926.0123901367188,462.33074951171875,0.99994695,984.0485229492188,524.7572631835938,0.9999083,873.7901611328125,523.904541015625,0.9998623,992.9181518554688,616.5850830078125,0.99983776,854.7721557617188,617.4910278320312,0.99968743,1003.9237060546875,705.2261962890625,0.9997546,849.0206909179688,703.0139770507812,0.9995908,1008.314208984375,732.1902465820312,0.99937856,846.2852783203125,729.7102661132812,0.9991928,998.6896362304688,729.9589233398438,0.9994622,854.8878173828125,728.5524291992188,0.99924755,993.3971557617188,721.092041015625,0.99963164,858.6439208984375,718.5628051757812,0.99945575,955.1731567382812,697.8213500976562,0.99977654,893.588134765625,699.3264770507812,0.99969935,952.494873046875,836.222412109375,0.99990165,902.8356323242188,837.171875,0.9998134,951.0848999023438,965.0904541015625,0.9990226,910.6165161132812,963.92041015625,0.9993411,947.8005981445312,979.8984985351562,0.99766773,918.2696533203125,980.4295654296875,0.99856746,951.4691772460938,1007.1560668945312,0.9921233,895.3184204101562,1008.0221557617188,0.9951325
308,935.8759155273438,448.8016357421875,0.99995804,942.7200317382812,439.3002624511719,0.99989605,947.4925537109375,440.1053161621094,0.9998876,950.9991455078125,440.7322998046875,0.99988043,929.279541015625,438.1520690917969,0.9998945,924.7763061523438,438.2498779296875,0.9998859,920.6309814453125,438.3195495605469,0.9998785,955.8345336914062,448.5198974609375,0.9998766,912.1683349609375,445.16302490234375,0.9998785,943.2178955078125,463.2522888183594,0.99994266,925.7266845703125,461.8435974121094,0.9999398,983.73583984375,524.9368286132812,0.9999031,873.0277099609375,523.4585571289062,0.99986446,993.0092163085938,617.6618041992188,0.9998104,854.7313842773438,616.8578491210938,0.9996699,1003.86279296875,705.6871948242188,0.9997584,849.160400390625,702.3001098632812,0.9996259,1009.0293579101562,732.6048583984375,0.9994093,845.7119750976562,728.956787109375,0.9992679,998.5765380859375,730.1641845703125,0.9994887,854.1165771484375,728.0215454101562,0.99932015,992.8571166992188,721.066162109375,0.99965405,858.3128662109375,718.2305297851562,0.9995159,954.72412109375,697.2073364257812,0.9997131,892.4557495117188,698.1180419921875,0.99966466,951.8451538085938,837.015869140625,0.9998666,902.9692993164062,838.2611083984375,0.9997868,949.0889892578125,964.2696533203125,0.9989309,909.6070556640625,964.3727416992188,0.9993148,944.8093872070312,979.5304565429688,0.9975656,917.8770751953125,981.09619140625,0.9985221,949.575439453125,1006.9896850585938,0.9916196,890.4441528320312,1009.68017578125,0.9950563
309,936.1913452148438,449.3264465332031,0.9999652,942.7171630859375,440.1820068359375,0.99991107,947.232666015625,440.7441101074219,0.9999031,950.6098022460938,441.1969909667969,0.9998977,929.347412109375,439.0137023925781,0.99990976,924.6071166992188,439.0323486328125,0.99990237,920.6458129882812,439.1256103515625,0.9998945,954.5000610351562,448.31085205078125,0.9998952,911.6806030273438,445.5387878417969,0.9998945,943.3222045898438,463.6626281738281,0.9999517,925.8983764648438,461.9822998046875,0.99994814,982.5528564453125,524.1534423828125,0.9999138,872.86767578125,525.2361450195312,0.9998697,992.130859375,616.1766967773438,0.99984527,854.1142578125,618.5626831054688,0.9997017,1003.333984375,704.5860595703125,0.9998074,848.2337646484375,704.256103515625,0.9996402,1008.9469604492188,731.7575073242188,0.9995197,846.0490112304688,730.6629028320312,0.99930406,998.369873046875,729.5421142578125,0.9995876,854.7046508789062,729.6157836914062,0.99935883,992.342041015625,720.3851318359375,0.9997154,858.2831420898438,719.8334350585938,0.99954,955.5604248046875,697.8056640625,0.9997508,893.3844604492188,699.2041015625,0.99969935,953.2088012695312,837.7804565429688,0.99989367,903.670654296875,837.585205078125,0.99981624,949.4268798828125,963.856689453125,0.9991441,910.1466064453125,963.5557250976562,0.9993905,944.6066284179688,978.8577270507812,0.997981,917.9451293945312,979.5645141601562,0.99866986,951.9677124023438,1007.1923828125,0.99304235,894.9609375,1008.1965942382812,0.99554896
311,934.3642578125,449.6368408203125,0.9999635,941.210205078125,439.8646545410156,0.9999118,945.9757080078125,440.4493103027344,0.9999039,949.4539184570312,440.8975830078125,0.9999001,927.678466796875,438.874267578125,0.99990976,923.1968994140625,438.95538330078125,0.9999008,919.2483520507812,438.9962158203125,0.9998969,954.4093017578125,448.11102294921875,0.99989605,910.7718505859375,445.3590393066406,0.9998969,941.671875,463.81829833984375,0.9999461,924.25,462.33404541015625,0.9999435,982.8095703125,524.168701171875,0.9999069,872.43115234375,523.5953369140625,0.99986863,991.8931884765625,616.9239501953125,0.999795,854.4224853515625,617.0838012695312,0.99966073,1002.2718505859375,706.5669555664062,0.9997063,848.7427978515625,701.8533325195312,0.9995627,1008.3901977539062,733.34521484375,0.99929583,845.4127807617188,728.5325927734375,0.99915075,997.9691162109375,731.4672241210938,0.9993857,853.568603515625,727.7846069335938,0.9992084,992.146484375,722.3346557617188,0.9995778,857.7704467773438,718.0888061523438,0.9994253,953.8306884765625,698.0563354492188,0.99972624,891.7355346679688,699.1522827148438,0.99966466,951.325439453125,839.0096435546875,0.99989605,901.5219116210938,840.7454223632812,0.99980897,950.325927734375,964.2404174804688,0.99910307,910.3704223632812,963.8204345703125,0.9994185,946.5457763671875,978.9767456054688,0.99788433,919.0628051757812,980.1727905273438,0.9987453,951.6111450195312,1008.7559204101562,0.9923934,891.27392578125,1009.8706665039062,0.9954615
313,934.6866455078125,449.3522644042969,0.99996626,940.9583740234375,439.8240051269531,0.9999138,945.8646240234375,440.3450927734375,0.9999069,949.2335205078125,440.8091125488281,0.99990165,927.66357421875,439.1149597167969,0.99991775,923.3223876953125,439.2403869628906,0.99990976,919.2568969726562,439.4287414550781,0.9999083,953.5470581054688,447.9203796386719,0.9998952,910.5989990234375,445.8472900390625,0.9999069,941.9755859375,463.46405029296875,0.99995315,924.6862182617188,462.1363220214844,0.99995244,982.6494750976562,524.0717163085938,0.9999069,871.8594970703125,523.8553466796875,0.9998902,991.2684326171875,617.0302734375,0.99982184,853.0789184570312,617.1344604492188,0.9997305,1002.3256225585938,707.2774658203125,0.9997658,847.4319458007812,702.802734375,0.99968004,1006.97705078125,733.9509887695312,0.9994429,844.63427734375,729.4324340820312,0.99937856,997.0117797851562,731.3717041015625,0.99950826,853.0751342773438,727.8624267578125,0.9994116,991.352783203125,722.3355102539062,0.99966466,856.9356689453125,718.083740234375,0.99958104,953.2923583984375,696.6761474609375,0.9997367,891.8505249023438,698.21533203125,0.99972194,951.5276489257812,834.77392578125,0.99989605,902.1010131835938,837.1401977539062,0.9998287,950.3019409179688,962.7279663085938,0.99932015,910.1790161132812,964.8983764648438,0.9995159,946.1356201171875,976.0213623046875,0.9984633,917.7732543945312,981.4143676757812,0.99895966,952.1942749023438,1007.3036499023438,0.9947391,894.4536743164062,1009.511474609375,0.99644804
314,935.4259033203125,449.24560546875,0.99995995,942.0827026367188,439.66082763671875,0.9998977,946.4098510742188,440.1897277832031,0.99988854,949.8971557617188,440.572998046875,0.99988496,928.5966186523438,438.4990234375,0.9998969,923.7617797851562,438.4490661621094,0.9998894,919.80126953125,438.44183349609375,0.9998822,953.4342651367188,447.6780090332031,0.9998785,910.4332885742188,444.78790283203125,0.9998785,942.5184326171875,463.6360168457031,0.9999461,924.94384765625,461.8498840332031,0.9999443,981.5406494140625,523.2208862304688,0.99991035,870.6848754882812,523.88623046875,0.99986017,990.6384887695312,615.4495849609375,0.99984765,852.2896728515625,617.92626953125,0.9996971,1001.753662109375,704.70751953125,0.99979013,847.0936279296875,703.0087280273438,0.9996513,1007.5501098632812,731.9852294921875,0.9994746,844.4890747070312,729.6386108398438,0.9993175,996.9900512695312,729.7713012695312,0.99954176,852.95458984375,728.6712036132812,0.99935883,991.0974731445312,720.538330078125,0.99968743,856.77197265625,718.684326171875,0.99954176,954.425048828125,698.18701171875,0.99978846,891.6380615234375,699.3153076171875,0.9997241,953.0079956054688,838.300537109375,0.9999138,902.8016357421875,837.6386108398438,0.9998287,950.3203125,963.8776245117188,0.9992175,909.9595947265625,962.9535522460938,0.99947864,946.2574462890625,978.4210815429688,0.99812514,917.7669067382812,979.1471557617188,0.998862,952.06640625,1007.3106689453125,0.9933072,894.2235107421875,1008.2867431640625,0.9960083
315,933.977783203125,450.8101501464844,0.99996877,940.8181762695312,440.7692565917969,0.99992275,945.0437622070312,441.1053161621094,0.9999125,948.618896484375,441.3958740234375,0.9999083,927.1697387695312,440.16741943359375,0.99992514,922.2537841796875,440.2112731933594,0.99991965,918.3662719726562,440.3539123535156,0.9999151,953.38427734375,448.8807373046875,0.99990463,909.535400390625,446.4086608886719,0.99991906,941.563232421875,465.00689697265625,0.99995565,923.8430786132812,463.6257629394531,0.9999567,981.840576171875,524.5792846679688,0.99991906,870.7367553710938,524.17138671875,0.99990463,991.197021484375,617.234375,0.99981624,852.5042724609375,618.044921875,0.9997428,1001.6268310546875,706.9205932617188,0.9997347,847.1959228515625,702.8588256835938,0.99968493,1007.345458984375,733.7861328125,0.9993563,843.9561157226562,729.5889892578125,0.99936384,996.9750366210938,731.3579711914062,0.99944717,852.0446166992188,728.6448974609375,0.99942076,991.1762084960938,722.254150390625,0.99962294,856.2913208007812,718.8601684570312,0.99958426,954.0120849609375,697.8338623046875,0.99969935,891.2227783203125,698.8096313476562,0.9996513,951.446044921875,838.1410522460938,0.99989367,901.9141235351562,839.0968017578125,0.9998148,949.2777099609375,965.095458984375,0.9990452,910.0758056640625,964.8191528320312,0.99946636,946.3206787109375,980.1898803710938,0.9977482,919.5192260742188,981.1200561523438,0.9988167,947.7685546875,1009.843994140625,0.9927672,891.8604125976562,1009.8761596679688,0.99605453
317,933.701171875,448.88421630859375,0.99995935,940.3508911132812,439.2462158203125,0.99989927,944.9491577148438,439.900390625,0.9998902,948.4156494140625,440.3919372558594,0.9998859,926.6859741210938,438.17132568359375,0.99989927,922.0569458007812,438.2720642089844,0.9998894,917.952392578125,438.3892822265625,0.999884,952.3701782226562,447.9976501464844,0.99988127,909.019287109375,445.1415100097656,0.9998822,940.9010009765625,463.38946533203125,0.9999403,923.2334594726562,461.7308654785156,0.9999379,979.83203125,523.9696655273438,0.99989605,869.0435791015625,524.7124633789062,0.99984646,989.8196411132812,616.6001586914062,0.99980587,851.5084838867188,618.6467895507812,0.9996388,1001.2999877929688,706.3428955078125,0.99974686,846.7557983398438,703.8565063476562,0.9995627,1006.7661743164062,733.3710327148438,0.99937856,843.9522705078125,730.4923706054688,0.9991441,996.4644165039062,730.71337890625,0.99946004,852.2802124023438,729.4146118164062,0.9992084,990.7001342773438,721.6559448242188,0.99963593,856.3887939453125,719.8649291992188,0.99943846,953.9720458984375,697.5188598632812,0.9996699,891.0228271484375,698.93310546875,0.99960643,951.9820556640625,836.966552734375,0.99985456,902.5513916015625,838.2398681640625,0.9997546,948.8485107421875,964.6058959960938,0.998884,910.03857421875,964.594482421875,0.9992706,944.2952270507812,979.4841918945312,0.99740905,918.0548706054688,980.5525512695312,0.9984207,952.4962768554688,1006.8372192382812,0.99135584,892.5018310546875,1009.5933227539062,0.9947391
318,933.1124877929688,451.0995788574219,0.99996924,940.05126953125,441.0161437988281,0.99992394,943.7066650390625,441.2466735839844,0.9999151,947.5389404296875,441.4613037109375,0.99991107,926.3693237304688,440.3128356933594,0.99992573,920.9449462890625,440.28753662109375,0.99992156,917.0568237304688,440.41741943359375,0.99991906,951.4751586914062,448.2806396484375,0.99990535,907.93359375,446.3112487792969,0.99992037,940.5685424804688,465.0538024902344,0.99995244,922.8441772460938,463.7301330566406,0.9999546,979.9337768554688,524.7128295898438,0.9999039,869.9642333984375,524.556640625,0.99989927,989.0870971679688,617.9390869140625,0.999795,852.7813110351562,618.302490234375,0.99970406,1000.9998168945312,706.9942016601562,0.99969935,847.4236450195312,703.5897216796875,0.99964297,1007.0319213867188,733.6656494140625,0.99931216,844.13525390625,730.1673583984375,0.9993068,996.9232177734375,731.6182250976562,0.9993881,852.2263793945312,729.3248901367188,0.9993487,991.3007202148438,722.4112548828125,0.99957615,856.3797607421875,719.4950561523438,0.9995272,952.6121826171875,698.3104858398438,0.9997347,890.5204467773438,699.5162353515625,0.99971753,950.4777221679688,838.8511352539062,0.99989927,900.4148559570312,839.7318115234375,0.9998287,950.4379272460938,964.2200927734375,0.9992446,910.1402587890625,963.4730224609375,0.99953806,946.6549682617188,978.9360961914062,0.998259,919.328125,979.9010620117188,0.99899954,951.444580078125,1008.8421630859375,0.9939964,891.9682006835938,1010.1478881835938,0.99648935
319,932.0741577148438,450.8778381347656,0.9999621,938.6788940429688,441.03472900390625,0.9999076,943.0452880859375,441.3036804199219,0.9998977,946.4000854492188,441.586669921875,0.99989367,925.0051879882812,440.3919372558594,0.9999083,920.2057495117188,440.4158020019531,0.99990237,916.2322387695312,440.5462951660156,0.99989843,950.8366088867188,448.41229248046875,0.9998876,907.5734252929688,446.33203125,0.99989927,939.3726806640625,464.7498779296875,0.9999448,921.8408813476562,463.5099182128906,0.9999453,979.0034790039062,524.8193359375,0.99989104,869.523193359375,524.8270874023438,0.9998746,989.0833129882812,617.615478515625,0.99977833,852.7785034179688,617.9569091796875,0.99966073,1000.7014770507812,706.8663330078125,0.9996947,847.2720947265625,703.0340576171875,0.99959236,1006.2005004882812,733.3095092773438,0.99927634,843.673583984375,729.22705078125,0.9991928,995.625,730.8631591796875,0.9993687,851.6947021484375,728.1714477539062,0.9992505,989.8988037109375,722.001220703125,0.99956435,855.9993286132812,718.7312622070312,0.9994684,951.956298828125,697.9031372070312,0.99968255,889.9797973632812,698.9685668945312,0.9996388,951.1363525390625,836.6946411132812,0.9998623,901.8161010742188,838.4984741210938,0.99977833,949.1002807617188,964.0984497070312,0.9989225,910.2531127929688,964.8826904296875,0.99931216,945.1668090820312,978.2955322265625,0.99750805,918.8074951171875,981.7701416015625,0.9985104,949.638916015625,1007.2357177734375,0.99174845,892.6445922851562,1008.6553955078125,0.99497885
321,930.5355224609375,449.9495849609375,0.9999652,936.83740234375,440.19744873046875,0.99991107,941.7615356445312,440.6616516113281,0.9999039,945.0433959960938,441.053955078125,0.99989927,923.2454833984375,439.4969482421875,0.9999125,918.9522094726562,439.63104248046875,0.99990463,914.5791625976562,439.75146484375,0.99989843,948.67333984375,448.1929626464844,0.9998952,906.1470336914062,445.96453857421875,0.9998969,937.5392456054688,463.9820861816406,0.9999517,920.2737426757812,462.8091125488281,0.9999505,977.33056640625,524.64990234375,0.9999132,867.2547607421875,525.1906127929688,0.99987364,987.5183715820312,617.2033081054688,0.9998287,850.2879028320312,618.7127685546875,0.9996898,999.4864501953125,706.2197265625,0.9997695,846.2282104492188,704.7445678710938,0.9996402,1005.2550659179688,732.9811401367188,0.99942744,843.64501953125,731.0438232421875,0.99928755,994.58837890625,730.3697509765625,0.99950254,851.9691772460938,729.88916015625,0.9993487,988.7355346679688,721.4761352539062,0.99966335,855.8287963867188,720.1212768554688,0.99953806,951.96630859375,697.828369140625,0.99973255,889.8215942382812,699.3699340820312,0.9996513,950.884033203125,836.6920776367188,0.999892,901.6734619140625,838.56298828125,0.9997918,949.9278564453125,963.5493774414062,0.9990746,909.8653564453125,964.6647338867188,0.99937856,946.2799682617188,978.3403930664062,0.9978677,917.8383178710938,980.31787109375,0.9986436,949.6272583007812,1007.0140380859375,0.9928786,895.0833129882812,1009.5127563476562,0.99549675
323,927.7581787109375,449.439453125,0.9999652,933.9998168945312,439.4071960449219,0.9999132,938.911376953125,439.9721984863281,0.99990463,942.2757568359375,440.41009521484375,0.99990237,920.4468994140625,438.5794677734375,0.9999138,916.2323608398438,438.744384765625,0.99990535,911.9627685546875,438.8538513183594,0.9999001,946.11865234375,447.7494812011719,0.99989605,903.3442993164062,445.7754211425781,0.99989927,935.0128173828125,463.4066162109375,0.99994934,917.8284301757812,462.45794677734375,0.9999485,976.3658447265625,524.403076171875,0.9999069,865.46630859375,525.1936645507812,0.99987364,986.5928955078125,617.3115844726562,0.99980897,849.8696899414062,619.5565185546875,0.99968004,998.4505615234375,706.06298828125,0.9997428,846.4814453125,704.8687133789062,0.9996288,1004.1571655273438,732.5150756835938,0.99937856,843.5275268554688,731.2540283203125,0.99928194,994.0070190429688,729.9859008789062,0.9994642,851.920654296875,730.4403686523438,0.9993358,988.4005737304688,720.9016723632812,0.9996345,855.8554077148438,720.902587890625,0.9995234,951.3153686523438,698.175048828125,0.9997305,888.9803466796875,699.7077026367188,0.99968493,950.1703491210938,837.7409057617188,0.99989283,900.0338134765625,840.142822265625,0.99980587,951.07666015625,964.5526733398438,0.99910307,910.16455078125,964.1939086914062,0.9994407,947.0621948242188,979.2653198242188,0.9979007,919.2614135742188,981.0704345703125,0.998784,950.63525390625,1009.7857055664062,0.99273914,891.2177734375,1009.5208740234375,0.9956006
324,927.2650756835938,450.3545227050781,0.9999683,933.3876342773438,440.2937927246094,0.99992156,937.8025512695312,440.4705505371094,0.9999132,941.0611572265625,440.5518798828125,0.9999083,919.9549560546875,440.14337158203125,0.99992335,915.2052612304688,440.3296203613281,0.99991775,911.2944946289062,440.55682373046875,0.9999125,944.666015625,447.205322265625,0.99990237,902.323486328125,446.75958251953125,0.9999138,934.7266235351562,464.05487060546875,0.9999505,917.1904296875,463.2572021484375,0.9999517,975.712646484375,524.3768310546875,0.99989927,865.7704467773438,525.9855346679688,0.999884,986.2286987304688,617.1054077148438,0.99979657,850.4783325195312,620.1660766601562,0.9996947,997.4141845703125,705.3446655273438,0.9997284,845.9644165039062,706.0855712890625,0.9996345,1002.4004516601562,731.7859497070312,0.9993687,843.6625366210938,732.45849609375,0.9992931,992.937255859375,729.0285034179688,0.99944717,851.8988647460938,731.1864624023438,0.99933845,987.31591796875,720.2996215820312,0.99960953,855.5576782226562,721.5145874023438,0.9995253,950.4671020507812,698.8046875,0.9997658,888.203857421875,700.7664794921875,0.9997305,950.8037719726562,838.973876953125,0.99990535,899.943359375,840.7008666992188,0.9998247,949.5357055664062,965.6105346679688,0.9992022,909.766357421875,964.7493896484375,0.99946636,945.553955078125,980.435546875,0.998103,918.3593139648438,980.8329467773438,0.9988531,952.22802734375,1009.1728515625,0.9933589,894.4046020507812,1010.2673950195312,0.99594563
326,924.3244018554688,449.860595703125,0.99997413,930.588134765625,439.966552734375,0.99993134,935.8702392578125,440.2959899902344,0.99992216,939.41259765625,440.6661682128906,0.99991846,917.0961303710938,439.5426025390625,0.99993443,913.1304321289062,439.70245361328125,0.99992967,908.6226196289062,439.8547668457031,0.9999274,943.2110595703125,447.6518859863281,0.99990904,900.591064453125,446.2760925292969,0.9999269,931.6600952148438,463.96697998046875,0.9999584,914.6204223632812,463.015380859375,0.99996114,973.57763671875,523.586181640625,0.99990237,863.5355834960938,525.6292114257812,0.99990237,985.0459594726562,616.5286865234375,0.99983394,849.03466796875,620.2987670898438,0.9997428,996.2254638671875,703.9302368164062,0.9997658,844.9085693359375,706.2846069335938,0.9997131,1002.184326171875,730.654052734375,0.9994253,842.281494140625,732.7811279296875,0.99942076,991.9461669921875,728.0758666992188,0.9994967,850.7637329101562,731.4327392578125,0.9994642,986.3541259765625,719.6154174804688,0.9996526,855.2457885742188,721.658447265625,0.99962294,951.9222412109375,698.8375244140625,0.99978,888.8297119140625,700.7951049804688,0.9997713,950.895263671875,838.8180541992188,0.99990463,899.6644287109375,840.182861328125,0.99984646,949.610107421875,964.8331298828125,0.9992792,909.384521484375,964.7646484375,0.9994967,945.6920776367188,978.6526489257812,0.9982993,918.1251220703125,981.4140014648438,0.9988883,951.9111938476562,1009.1878051757812,0.9936365,892.5696411132812,1010.7687377929688,0.99580115
327,923.0707397460938,449.7864074707031,0.9999745,929.2000122070312,439.5395202636719,0.9999335,934.0194091796875,439.8683776855469,0.9999274,937.3892822265625,440.08355712890625,0.99992275,915.5482177734375,439.1991882324219,0.9999349,911.2183837890625,439.4656066894531,0.99992967,907.0438842773438,439.6437683105469,0.9999263,941.426025390625,446.77972412109375,0.99991715,898.3673706054688,446.3599548339844,0.99992514,930.8641357421875,463.3687744140625,0.99996054,913.3834838867188,462.8804931640625,0.9999615,973.6347045898438,523.610595703125,0.99992275,862.6470947265625,525.3983764648438,0.99990535,984.7916870117188,616.6367797851562,0.99984396,849.1141357421875,619.7202758789062,0.99974483,996.32666015625,706.1712036132812,0.99977654,845.0776977539062,705.4447631835938,0.9997086,1000.6171264648438,732.6767578125,0.99946004,841.8690185546875,731.9161987304688,0.9994253,991.4526977539062,729.7993774414062,0.9995308,850.0895385742188,731.0045166015625,0.99946636,986.4851684570312,721.0614013671875,0.99967504,854.2861328125,721.2650756835938,0.99961555,950.5448608398438,699.5909423828125,0.99980587,887.954345703125,700.83935546875,0.99977654,951.33056640625,841.0108032226562,0.99992394,899.675537109375,841.1423950195312,0.9998523,951.1986694335938,965.0263671875,0.9993881,910.1165161132812,964.100830078125,0.9995745,947.2870483398438,979.1652221679688,0.99857306,918.8639526367188,979.5559692382812,0.99910307,953.3657836914062,1009.8011474609375,0.99469805,897.1281127929688,1010.3716430664062,0.9966756
328,921.9415893554688,449.8260192871094,0.9999745,928.0975952148438,439.806884765625,0.9999329,933.1312866210938,440.2989501953125,0.9999263,936.583740234375,440.68084716796875,0.99992275,914.3547973632812,439.2847595214844,0.9999335,910.203125,439.54388427734375,0.9999292,905.9078979492188,439.7320861816406,0.99992454,940.5370483398438,447.62322998046875,0.99991775,897.2920532226562,446.6116638183594,0.99992514,929.622314453125,463.6764221191406,0.99996114,912.1500854492188,463.10174560546875,0.99996233,972.023193359375,524.1555786132812,0.99992156,861.057861328125,526.3749389648438,0.99989927,984.4473266601562,617.0875854492188,0.9998416,847.6568603515625,620.5242919921875,0.99972194,995.34130859375,704.5663452148438,0.9997998,844.39501953125,707.0616455078125,0.99968743,1000.306884765625,731.0573120117188,0.9995216,841.2802734375,733.6719970703125,0.99939287,990.828125,728.4805908203125,0.9995859,849.7620849609375,732.5943603515625,0.9994429,985.5592041015625,719.7615356445312,0.9997154,853.8735961914062,722.8189086914062,0.9996018,950.9476928710938,699.6488647460938,0.99977833,888.0779418945312,701.1527709960938,0.9997565,950.9140625,840.3275756835938,0.9999138,899.3667602539062,840.9913330078125,0.99983907,950.7737426757812,965.0790405273438,0.99936384,911.2034912109375,964.7318725585938,0.9995453,947.50048828125,979.4676513671875,0.9985221,920.34423828125,980.34814453125,0.9990264,954.01806640625,1008.8935546875,0.99457306,895.896240234375,1011.2420043945312,0.9964619
330,919.1924438476562,450.7173767089844,0.9999716,925.1215209960938,440.4662170410156,0.9999263,930.347900390625,440.7240295410156,0.99991846,933.7513427734375,440.9873352050781,0.9999151,911.4202880859375,440.3606262207031,0.99992967,907.3938598632812,440.65484619140625,0.99992514,902.72998046875,440.991455078125,0.99992156,937.9904174804688,447.3611755371094,0.99991035,894.8619384765625,447.60003662109375,0.99992275,927.0157470703125,464.4079284667969,0.9999615,909.6934204101562,464.0444641113281,0.99996376,970.6117553710938,522.399658203125,0.9999274,859.405517578125,526.1654663085938,0.99991107,983.7572631835938,615.014404296875,0.9998416,846.9666748046875,620.4423217773438,0.9997305,995.3597412109375,703.1390380859375,0.99976224,843.6552734375,706.1295166015625,0.9997017,999.710205078125,729.7825317382812,0.99943405,840.2276000976562,732.3308715820312,0.99942964,989.8323364257812,726.6771850585938,0.99950254,847.3828735351562,731.6199951171875,0.9994642,985.0281982421875,718.3207397460938,0.9996513,851.6489868164062,722.3196411132812,0.9996125,950.1528930664062,698.3644409179688,0.99981624,887.2542724609375,699.8517456054688,0.9997677,951.0987548828125,840.1365356445312,0.9999318,901.1847534179688,839.3936767578125,0.99983907,952.5266723632812,966.1111450195312,0.9994253,910.6883544921875,964.8250122070312,0.9995592,949.3310546875,979.8276977539062,0.9986541,918.8952026367188,978.2646484375,0.9991066,951.578857421875,1011.0276489257812,0.9952077,901.17138671875,1010.2677001953125,0.99698395
331,918.4410400390625,451.3319091796875,0.99997497,924.0689086914062,441.16064453125,0.99993443,929.1166381835938,441.2474670410156,0.9999286,932.3594360351562,441.3192443847656,0.99992275,910.3922729492188,441.1174621582031,0.99993694,906.2059326171875,441.3788146972656,0.9999329,901.7252807617188,441.731201171875,0.99992967,936.1876831054688,447.28814697265625,0.99991775,893.550537109375,448.02740478515625,0.99992967,926.2528076171875,464.921875,0.9999627,908.9254150390625,464.4042053222656,0.9999646,968.88427734375,521.6625366210938,0.9999263,858.5377197265625,526.053955078125,0.9999132,983.1622924804688,614.865234375,0.9998579,846.443115234375,621.5399780273438,0.99973875,994.3749389648438,702.8919067382812,0.9997868,842.9314575195312,707.5469970703125,0.9996898,999.124267578125,728.587890625,0.99949074,839.7611694335938,733.3914794921875,0.99939764,989.2449340820312,726.1815185546875,0.9995505,847.2525634765625,732.9249877929688,0.99943846,984.0672607421875,718.034912109375,0.9996898,851.73388671875,723.4976196289062,0.9995956,951.3822631835938,699.5429077148438,0.99980587,887.7568969726562,701.6845703125,0.9997818,951.2525024414062,840.4901733398438,0.9999269,900.906494140625,840.6099853515625,0.99984884,952.1682739257812,965.630859375,0.99935883,909.9850463867188,965.5442504882812,0.9995141,947.9558715820312,980.004150390625,0.9984692,918.2943115234375,980.3701171875,0.99895966,953.5087890625,1010.5496826171875,0.99411184,897.947265625,1010.1994018554688,0.9961606
332,917.4402465820312,451.2560119628906,0.9999683,922.9741821289062,441.12908935546875,0.99991846,927.7743530273438,441.1488952636719,0.9999118,931.132080078125,441.135498046875,0.9999083,909.3724365234375,440.9943542480469,0.99991775,904.9640502929688,441.21429443359375,0.9999125,900.8754272460938,441.5538635253906,0.99990535,934.5374145507812,446.9131774902344,0.9999031,892.1414184570312,448.24017333984375,0.9999008,925.434326171875,464.687255859375,0.99995124,908.0538940429688,464.145751953125,0.9999505,967.7989501953125,520.93701171875,0.9999118,857.77197265625,526.513916015625,0.9998623,983.065673828125,613.3761596679688,0.99983776,846.2343139648438,621.3155517578125,0.99964714,995.4876708984375,701.1558837890625,0.99979657,841.795654296875,706.2936401367188,0.99962294,1000.3574829101562,727.6879272460938,0.9995122,838.4367065429688,732.4581298828125,0.99930406,989.730712890625,724.6762084960938,0.99957937,844.4530029296875,731.4358520507812,0.9993462,984.797607421875,716.7363891601562,0.99970406,848.6309814453125,722.4567260742188,0.9995197,949.75390625,698.731689453125,0.99978346,886.375,700.2437744140625,0.99974483,952.3733520507812,839.6932373046875,0.99991584,900.2432250976562,837.4979858398438,0.9998233,951.445068359375,963.6980590820312,0.9994766,910.4804077148438,964.6372680664062,0.99954695,948.1815795898438,976.9254150390625,0.9988121,919.4299926757812,978.9175415039062,0.99907815,953.86181640625,1010.025146484375,0.99575186,898.7689819335938,1011.5458984375,0.9968149
334,914.4820556640625,452.1534423828125,0.99997413,920.2118530273438,442.14129638671875,0.9999324,925.6749267578125,442.19134521484375,0.9999269,929.3024291992188,442.1702575683594,0.99992335,906.6160888671875,441.8287048339844,0.9999329,902.7875366210938,441.9399719238281,0.9999286,897.9730834960938,442.227783203125,0.99992335,933.5484008789062,447.75506591796875,0.99991965,890.2185668945312,448.2157897949219,0.99992275,922.353271484375,465.7453308105469,0.9999641,905.4251098632812,465.0760803222656,0.99996376,966.5271606445312,519.7921142578125,0.9999417,855.7060546875,527.3795166015625,0.9999118,982.2991333007812,613.1642456054688,0.999884,846.3569946289062,622.1109008789062,0.9997508,993.98486328125,702.1723022460938,0.99984026,841.3009643554688,707.222412109375,0.99971753,998.8316650390625,728.1962280273438,0.99961996,837.7702026367188,733.8067016601562,0.9994622,988.8643798828125,725.635498046875,0.99966466,843.2826538085938,732.9684448242188,0.99949074,983.7841186523438,717.4779663085938,0.9997658,848.1314086914062,723.2398681640625,0.9996331,949.7073974609375,698.3303833007812,0.9998273,887.48486328125,701.2105102539062,0.9997749,950.5820922851562,839.3746948242188,0.9999398,900.8947143554688,839.0750732421875,0.9998511,952.1234130859375,965.63720703125,0.99947053,910.9750366210938,965.5695190429688,0.9995745,948.45751953125,979.9468383789062,0.9987551,918.8603515625,980.4359130859375,0.9991204,953.3173217773438,1009.3704223632812,0.9956176,899.7303466796875,1009.8159790039062,0.9971439
335,914.0347290039062,452.4830017089844,0.9999641,919.5840454101562,442.20587158203125,0.99990976,924.5248413085938,442.160400390625,0.9999008,927.78466796875,442.112060546875,0.99989605,905.9158325195312,442.1357116699219,0.9999125,901.6389770507812,442.3004150390625,0.9999083,897.315185546875,442.65264892578125,0.9999031,932.1270141601562,447.42327880859375,0.99988854,888.9791870117188,448.9974060058594,0.99990535,922.1296997070312,465.5345458984375,0.9999478,904.8858642578125,465.34649658203125,0.99994934,965.914794921875,519.4815063476562,0.9999076,855.3382568359375,527.3143310546875,0.99989104,982.524169921875,612.8242797851562,0.99981767,845.3143310546875,622.1737670898438,0.99970406,993.7293701171875,702.6972045898438,0.99974877,840.2393798828125,707.5924682617188,0.9996388,998.567626953125,728.2040405273438,0.99942076,836.2047119140625,733.25634765625,0.99931216,988.3651123046875,725.1864013671875,0.9994887,841.4650268554688,732.3836669921875,0.99933845,983.5100708007812,717.187744140625,0.99964166,845.9951171875,723.2806396484375,0.9995234,948.6372680664062,698.6634521484375,0.9997527,885.3599243164062,700.92236328125,0.9997408,951.8331298828125,839.2587280273438,0.9999001,899.9406127929688,836.9828491210938,0.99981624,951.1304931640625,962.5892944335938,0.9993068,909.5537109375,963.7437133789062,0.9994579,948.1917114257812,976.00927734375,0.9984022,919.2648315429688,978.539306640625,0.99886644,953.6392822265625,1008.8890991210938,0.9942251,896.6712036132812,1009.5186767578125,0.9960238
336,912.4769897460938,453.31585693359375,0.99997437,917.9010620117188,442.96221923828125,0.9999355,923.18994140625,442.9171142578125,0.9999318,926.6080932617188,442.8431396484375,0.99992967,904.378173828125,442.87286376953125,0.99993396,900.4437866210938,442.9963073730469,0.9999292,895.6515502929688,443.3036193847656,0.99992335,931.0797119140625,448.1011962890625,0.9999286,888.0333862304688,449.0606994628906,0.99992394,920.223876953125,466.44842529296875,0.9999658,903.42626953125,466.1268005371094,0.9999629,965.2503051757812,519.8590087890625,0.9999485,854.70654296875,526.3092041015625,0.9999118,982.9146118164062,612.41650390625,0.99989283,843.7864990234375,620.4906616210938,0.9997658,995.71826171875,701.1475830078125,0.99984884,838.6790771484375,705.7957153320312,0.9996971,1002.2122192382812,727.4677124023438,0.9996215,835.1463623046875,732.405517578125,0.99941623,991.153076171875,725.2504272460938,0.99966466,840.3389282226562,731.6066284179688,0.99943846,985.4159545898438,717.08349609375,0.9997731,844.8038330078125,722.2073974609375,0.9995956,949.6879272460938,697.433349609375,0.99982053,886.6445922851562,700.4451293945312,0.9997731,951.0261840820312,839.2973022460938,0.99993646,901.1854248046875,838.3102416992188,0.99984884,952.0573120117188,966.1708374023438,0.9994116,911.3237915039062,965.0907592773438,0.99954695,948.456787109375,980.9893188476562,0.998606,919.2682495117188,979.1464233398438,0.9990601,954.1433715820312,1009.0466918945312,0.9949397,899.5256958007812,1009.049072265625,0.996852
338,911.0304565429688,452.2131042480469,0.99995863,916.5986328125,441.8541564941406,0.9998945,921.9695434570312,441.873779296875,0.999884,925.4194946289062,441.909423828125,0.9998776,903.0297241210938,441.6902160644531,0.99989843,899.0618286132812,441.82000732421875,0.9998945,893.9570922851562,442.1244201660156,0.999892,929.8243408203125,447.2589111328125,0.9998666,886.4025268554688,447.97314453125,0.99989283,918.726318359375,465.3711242675781,0.999936,901.9217529296875,465.182861328125,0.9999379,964.991943359375,519.1716918945312,0.999892,853.3128662109375,527.0455932617188,0.9998766,981.7445678710938,612.079345703125,0.99979013,843.6202392578125,623.1625366210938,0.99968493,994.4046020507812,701.2158203125,0.9997198,837.8033447265625,707.1630859375,0.99962294,999.939453125,726.8092651367188,0.9993687,833.0673828125,733.0853271484375,0.99929583,989.8040771484375,724.3955688476562,0.9994536,839.1962890625,732.1946411132812,0.9993333,984.6267700195312,716.285888671875,0.9996111,843.2347412109375,722.826904296875,0.9995197,948.4783325195312,698.391845703125,0.99971753,884.5865478515625,701.494384765625,0.9997131,952.0863037109375,837.7523803710938,0.9999039,898.2777099609375,836.42236328125,0.9998287,951.1174926757812,962.8872680664062,0.99940467,910.3040161132812,963.51708984375,0.9995827,948.3158569335938,977.5653686523438,0.9986436,920.0574340820312,978.8204956054688,0.99913067,955.2908325195312,1009.097412109375,0.995037,896.2318115234375,1009.416015625,0.99683964
339,910.371826171875,452.1803283691406,0.99996173,915.9454956054688,441.6384582519531,0.99990463,921.3388061523438,441.6181945800781,0.9999008,924.76123046875,441.632568359375,0.9998977,902.3119506835938,441.70782470703125,0.99990237,898.360107421875,441.9571838378906,0.9998969,893.2634887695312,442.3407287597656,0.9998902,929.4435424804688,446.97772216796875,0.9998969,885.7460327148438,448.28253173828125,0.9998902,918.3034057617188,465.1086120605469,0.9999517,901.3564453125,465.290771484375,0.9999473,963.943603515625,518.8003540039062,0.99993026,853.4585571289062,526.2311401367188,0.999884,981.8175048828125,611.2549438476562,0.99985456,843.9989624023438,621.6366577148438,0.99968493,995.486083984375,700.6527709960938,0.99978,838.2326049804688,706.6519165039062,0.99958915,1001.5802612304688,726.9292602539062,0.9994684,833.5231323242188,732.8267211914062,0.9992446,990.9254760742188,724.8427124023438,0.9995308,838.3770141601562,731.83251953125,0.9992679,985.2863159179688,716.5886840820312,0.9996724,843.1301879882812,722.728759765625,0.9994684,948.1324462890625,697.8010864257812,0.99979335,885.5072631835938,700.8238525390625,0.99972624,951.0704956054688,839.1813354492188,0.99992156,900.46435546875,838.2029418945312,0.99980897,953.0477905273438,964.3160400390625,0.99918956,911.7173461914062,965.6621704101562,0.99941623,949.8375244140625,978.413818359375,0.99808073,919.3602294921875,980.3541870117188,0.9987649,954.3795166015625,1008.3497314453125,0.9933072,901.6453247070312,1009.6687622070312,0.99580115
341,910.6002197265625,452.4664611816406,0.9999671,916.228515625,442.0156555175781,0.99991584,921.3372192382812,441.9115295410156,0.9999069,924.5745239257812,441.8584899902344,0.9999039,902.4645385742188,442.0335693359375,0.99991846,898.2161254882812,442.1943359375,0.9999138,893.6090698242188,442.5510559082031,0.9999125,929.1868896484375,447.1430358886719,0.9998977,885.4539794921875,448.5365905761719,0.9999138,918.5457763671875,465.34136962890625,0.9999517,901.3540649414062,465.4441223144531,0.99995315,963.832763671875,518.6190795898438,0.99992156,852.59423828125,526.5167846679688,0.99991035,981.5725708007812,611.5093383789062,0.99983656,842.47021484375,621.785400390625,0.99974877,995.2291259765625,700.5631713867188,0.99976224,836.47705078125,707.595947265625,0.99968255,1001.5406494140625,726.6788330078125,0.99945575,831.8726196289062,733.6174926757812,0.99939764,990.8580932617188,724.315673828125,0.9995159,837.8350830078125,732.5121459960938,0.99941623,985.1383056640625,716.1025390625,0.9996673,841.8770141601562,723.2709350585938,0.9995859,948.50390625,697.7340087890625,0.9997428,885.0015258789062,701.1754150390625,0.99974686,951.67041015625,838.7205200195312,0.99990904,900.4780883789062,837.3486328125,0.99983,950.6561889648438,962.993896484375,0.99932814,911.04833984375,963.8037719726562,0.9995272,948.6854248046875,977.4642333984375,0.99843913,920.5692138671875,979.37939453125,0.99898773,950.5640258789062,1006.50830078125,0.99457306,895.0279541015625,1008.9426879882812,0.9966234
343,909.4767456054688,452.4898986816406,0.99996376,915.2205200195312,441.9831848144531,0.9999069,920.497314453125,441.9819641113281,0.9999001,923.8028564453125,441.9962158203125,0.99989367,901.475830078125,442.05340576171875,0.99991107,897.4607543945312,442.3008728027344,0.9999083,892.665283203125,442.668701171875,0.9999039,928.6307373046875,447.3739318847656,0.9998894,885.102783203125,448.74151611328125,0.9999069,917.3777465820312,465.6358337402344,0.9999517,900.315673828125,465.6280212402344,0.9999528,963.5557861328125,518.420166015625,0.99991906,852.1189575195312,526.9268188476562,0.99990904,981.2028198242188,611.2421264648438,0.99982053,842.3073120117188,622.0602416992188,0.9997305,993.880126953125,699.929931640625,0.99974483,835.726806640625,707.0636596679688,0.99965537,1000.3298950195312,726.4600219726562,0.9994185,830.8212890625,733.2883911132812,0.9993513,989.093505859375,724.1317138671875,0.99948066,837.0493774414062,732.1143798828125,0.99937373,983.390380859375,716.10888671875,0.99963593,841.1094970703125,722.9956665039062,0.99954873,948.2976684570312,697.3837280273438,0.9997584,884.6770629882812,700.4864501953125,0.9997584,950.95458984375,838.5353393554688,0.9999125,900.6031494140625,837.0365600585938,0.99983,950.203857421875,961.5807495117188,0.99935883,909.7413940429688,963.431396484375,0.9995234,947.945068359375,975.649169921875,0.9985392,919.7332153320312,978.8135375976562,0.999015,950.5784301757812,1007.0626220703125,0.99490017,896.845458984375,1009.2896118164062,0.9966234
344,909.5344848632812,451.9996337890625,0.9999654,915.224365234375,441.545166015625,0.9999138,920.3040771484375,441.5334777832031,0.9999076,923.5523681640625,441.5354919433594,0.99990535,901.4161987304688,441.6994934082031,0.9999125,897.2413330078125,442.01898193359375,0.9999069,892.7430419921875,442.4342956542969,0.99990165,928.4939575195312,446.9693298339844,0.9999031,884.9031372070312,448.84356689453125,0.99990237,917.8195190429688,464.93853759765625,0.99995315,900.3528442382812,465.1325378417969,0.9999502,963.5325927734375,518.4589233398438,0.9999329,852.7261962890625,526.542236328125,0.9998969,980.7696533203125,611.0013427734375,0.9998523,842.453125,621.9537353515625,0.9997131,993.5619506835938,699.2890625,0.9997998,835.63330078125,706.7100830078125,0.99963164,999.9711303710938,725.7523803710938,0.99954,830.9812622070312,733.1734619140625,0.9993175,988.7562255859375,723.3020629882812,0.99959236,837.08544921875,732.0994873046875,0.9993436,983.2040405273438,715.3093872070312,0.9997154,841.1502075195312,722.8902587890625,0.9995234,947.7311401367188,697.4569702148438,0.99977654,884.315185546875,700.5771484375,0.9997428,950.8997192382812,838.661376953125,0.99991906,900.51708984375,837.1571655273438,0.9998191,950.9751586914062,962.4304809570312,0.9993761,911.4160766601562,964.3618774414062,0.99950635,948.0372314453125,976.6963500976562,0.9985619,920.4445190429688,980.0582885742188,0.99896777,951.9877319335938,1007.1611328125,0.99491996,897.271240234375,1008.8327026367188,0.9966234
345,910.09326171875,452.1736145019531,0.9999596,915.7711181640625,441.77313232421875,0.9998969,920.7615356445312,441.7129211425781,0.9998876,923.9706420898438,441.6796875,0.9998832,901.9905395507812,441.88726806640625,0.9999008,897.7691040039062,442.148681640625,0.99989605,893.3005981445312,442.5365905761719,0.99989104,928.6619873046875,447.1859436035156,0.9998785,885.327392578125,448.8556213378906,0.99989367,918.1890258789062,465.16156005859375,0.99994695,900.8720703125,465.2403869628906,0.9999473,963.2326049804688,518.6644287109375,0.99991715,852.6416015625,526.4541015625,0.99990237,980.6107177734375,611.2391967773438,0.99982053,842.3899536132812,621.8030395507812,0.99971753,993.318115234375,699.3369750976562,0.9997546,835.9857177734375,706.6585693359375,0.9996288,999.6672973632812,725.4544677734375,0.99945575,831.4358520507812,732.8510131835938,0.99931216,988.5597534179688,723.0158081054688,0.9995141,837.498779296875,731.7953491210938,0.9993333,983.1255493164062,715.1748657226562,0.99965405,841.603515625,722.6609497070312,0.9995197,948.0094604492188,697.4844360351562,0.99974877,884.5191650390625,700.6522827148438,0.9997347,951.096923828125,838.5573120117188,0.99990606,900.9423828125,836.8845825195312,0.99980587,951.1195068359375,962.70361328125,0.99929035,911.21923828125,965.7234497070312,0.9994363,948.1636962890625,977.0257568359375,0.99836427,919.4642333984375,981.3546752929688,0.99883956,953.267333984375,1006.3261108398438,0.99459416,897.48583984375,1009.1513061523438,0.9963642
347,909.1295776367188,451.14703369140625,0.9999652,914.9930419921875,440.5689697265625,0.9999125,920.2044677734375,440.7205505371094,0.9999069,923.5523071289062,440.86151123046875,0.9999031,901.1398315429688,440.6865539550781,0.99991107,897.090087890625,441.11572265625,0.9999069,892.5435791015625,441.53778076171875,0.9999008,928.7130737304688,446.820068359375,0.99989843,884.9358520507812,448.2602844238281,0.99989927,917.4520263671875,464.4303283691406,0.9999502,899.927734375,464.68695068359375,0.9999485,964.0640258789062,519.0841674804688,0.99991906,852.367919921875,527.0119018554688,0.9998766,980.7584228515625,612.0250244140625,0.99983,842.500732421875,622.976806640625,0.9996594,992.3892822265625,700.2423095703125,0.9997603,835.291015625,707.29150390625,0.99956435,998.098388671875,726.39990234375,0.99944717,831.0094604492188,733.3282470703125,0.99921143,987.9721069335938,723.5494384765625,0.9995159,836.8460693359375,732.1279907226562,0.99924755,982.6381225585938,715.4469604492188,0.99965537,840.6808471679688,722.8682861328125,0.99944717,947.6653442382812,698.4143676757812,0.9997428,883.7745361328125,701.497802734375,0.9997086,951.2368774414062,839.2079467773438,0.9999132,899.4961547851562,836.951171875,0.9998148,951.0999755859375,963.2162475585938,0.99939764,911.3607788085938,963.0816040039062,0.9995308,948.5367431640625,977.194091796875,0.9986223,920.7024536132812,978.1843872070312,0.99903786,954.30029296875,1008.8352661132812,0.9950177,897.1625366210938,1008.7297973632812,0.996597
348,909.320068359375,451.3473815917969,0.99996734,915.0389404296875,440.64569091796875,0.99991655,920.1356811523438,440.7723388671875,0.99990904,923.4620971679688,440.9609680175781,0.99990463,901.248291015625,440.8885192871094,0.99991775,897.1279907226562,441.36083984375,0.9999125,892.4337768554688,441.799560546875,0.99990904,928.3323974609375,446.96990966796875,0.9999031,884.85986328125,448.5010070800781,0.9999132,917.5394897460938,464.4328918457031,0.99995697,899.9992065429688,464.8841857910156,0.99995637,963.0298461914062,519.2886352539062,0.9999263,852.787353515625,526.316162109375,0.9999069,980.4705200195312,611.7516479492188,0.99983,842.533203125,622.3178100585938,0.99971753,992.4393310546875,699.5743408203125,0.99974686,835.5755004882812,707.9785766601562,0.9995987,997.7554321289062,725.81298828125,0.99941385,830.8573608398438,733.83984375,0.99923277,986.9361572265625,723.0833129882812,0.99948466,836.4868774414062,732.739990234375,0.9992679,981.7633666992188,715.47021484375,0.9996402,840.5352172851562,723.5908813476562,0.9994684,947.4519653320312,697.9236450195312,0.99974877,884.6959228515625,700.816162109375,0.99971753,950.6834716796875,839.2090454101562,0.99990237,900.6300048828125,837.2280883789062,0.99979335,952.1351928710938,963.3465576171875,0.999089,911.619384765625,964.6818237304688,0.99933845,949.8219604492188,977.527587890625,0.9978677,919.9686279296875,979.5765380859375,0.99860066,952.7750854492188,1007.5115356445312,0.99293363,898.6463012695312,1009.1327514648438,0.9953725
